event_name,round,match,team,judge_name,category,score
New York,1,1,GRV,Amari Marshall,Choreography Complexity,8.0
New York,1,1,GRV,Amari Marshall,Staging,8.0
New York,1,1,GRV,Amari Marshall,Musicality,7.0
New York,1,1,GRV,Amari Marshall,Creativity,8.0
New York,1,1,GRV,Amari Marshall,Stylistic Athleticism,8.0
New York,1,1,GRV,Amari Marshall,Cleanliness,8.0
New York,1,1,GRV,Amari Marshall,Technical Execution + Authenticity,8.0
New York,1,1,GRV,Amari Marshall,Spacing,8.0
New York,1,1,GRV,Amari Marshall,Projection/Communication,8.0
New York,1,1,GRV,Amari Marshall,Stamina,9.0
New York,1,1,QUICK STYLE,Amari Marshall,Choreography Complexity,9.0
New York,1,1,QUICK STYLE,Amari Marshall,Staging,10.0
New York,1,1,QUICK STYLE,Amari Marshall,Musicality,10.0
New York,1,1,QUICK STYLE,Amari Marshall,Creativity,9.0
New York,1,1,QUICK STYLE,Amari Marshall,Stylistic Athleticism,8.0
New York,1,1,QUICK STYLE,Amari Marshall,Cleanliness,10.0
New York,1,1,QUICK STYLE,Amari Marshall,Technical Execution + Authenticity,10.0
New York,1,1,QUICK STYLE,Amari Marshall,Spacing,9.0
New York,1,1,QUICK STYLE,Amari Marshall,Projection/Communication,10.0
New York,1,1,QUICK STYLE,Amari Marshall,Stamina,10.0
New York,1,1,GRV,Arnel Calvario,Choreography Complexity,9.0
New York,1,1,GRV,Arnel Calvario,Staging,9.0
New York,1,1,GRV,Arnel Calvario,Musicality,9.0
New York,1,1,GRV,Arnel Calvario,Creativity,9.0
New York,1,1,GRV,Arnel Calvario,Stylistic Athleticism,10.0
New York,1,1,GRV,Arnel Calvario,Cleanliness,8.0
New York,1,1,GRV,Arnel Calvario,Technical Execution + Authenticity,9.0
New York,1,1,GRV,Arnel Calvario,Spacing,8.0
New York,1,1,GRV,Arnel Calvario,Projection/Communication,10.0
New York,1,1,GRV,Arnel Calvario,Stamina,10.0
New York,1,1,QUICK STYLE,Arnel Calvario,Choreography Complexity,9.0
New York,1,1,QUICK STYLE,Arnel Calvario,Staging,8.0
New York,1,1,QUICK STYLE,Arnel Calvario,Musicality,9.0
New York,1,1,QUICK STYLE,Arnel Calvario,Creativity,9.0
New York,1,1,QUICK STYLE,Arnel Calvario,Stylistic Athleticism,9.0
New York,1,1,QUICK STYLE,Arnel Calvario,Cleanliness,9.0
New York,1,1,QUICK STYLE,Arnel Calvario,Technical Execution + Authenticity,9.0
New York,1,1,QUICK STYLE,Arnel Calvario,Spacing,8.0
New York,1,1,QUICK STYLE,Arnel Calvario,Projection/Communication,10.0
New York,1,1,QUICK STYLE,Arnel Calvario,Stamina,9.0
New York,1,1,GRV,Arturo Lyons,Choreography Complexity,8.0
New York,1,1,GRV,Arturo Lyons,Staging,8.0
New York,1,1,GRV,Arturo Lyons,Musicality,10.0
New York,1,1,GRV,Arturo Lyons,Creativity,8.0
New York,1,1,GRV,Arturo Lyons,Stylistic Athleticism,8.0
New York,1,1,GRV,Arturo Lyons,Cleanliness,9.0
New York,1,1,GRV,Arturo Lyons,Technical Execution + Authenticity,8.0
New York,1,1,GRV,Arturo Lyons,Spacing,9.0
New York,1,1,GRV,Arturo Lyons,Projection/Communication,9.0
New York,1,1,GRV,Arturo Lyons,Stamina,9.0
New York,1,1,QUICK STYLE,Arturo Lyons,Choreography Complexity,9.0
New York,1,1,QUICK STYLE,Arturo Lyons,Staging,7.0
New York,1,1,QUICK STYLE,Arturo Lyons,Musicality,10.0
New York,1,1,QUICK STYLE,Arturo Lyons,Creativity,8.0
New York,1,1,QUICK STYLE,Arturo Lyons,Stylistic Athleticism,7.0
New York,1,1,QUICK STYLE,Arturo Lyons,Cleanliness,8.0
New York,1,1,QUICK STYLE,Arturo Lyons,Technical Execution + Authenticity,8.0
New York,1,1,QUICK STYLE,Arturo Lyons,Spacing,7.0
New York,1,1,QUICK STYLE,Arturo Lyons,Projection/Communication,8.0
New York,1,1,QUICK STYLE,Arturo Lyons,Stamina,8.0
New York,1,1,GRV,Chonique Sneed,Choreography Complexity,9.0
New York,1,1,GRV,Chonique Sneed,Staging,8.0
New York,1,1,GRV,Chonique Sneed,Musicality,9.0
New York,1,1,GRV,Chonique Sneed,Creativity,8.0
New York,1,1,GRV,Chonique Sneed,Stylistic Athleticism,8.0
New York,1,1,GRV,Chonique Sneed,Cleanliness,9.0
New York,1,1,GRV,Chonique Sneed,Technical Execution + Authenticity,9.0
New York,1,1,GRV,Chonique Sneed,Spacing,8.0
New York,1,1,GRV,Chonique Sneed,Projection/Communication,9.0
New York,1,1,GRV,Chonique Sneed,Stamina,9.0
New York,1,1,QUICK STYLE,Chonique Sneed,Choreography Complexity,8.0
New York,1,1,QUICK STYLE,Chonique Sneed,Staging,9.0
New York,1,1,QUICK STYLE,Chonique Sneed,Musicality,9.0
New York,1,1,QUICK STYLE,Chonique Sneed,Creativity,10.0
New York,1,1,QUICK STYLE,Chonique Sneed,Stylistic Athleticism,8.0
New York,1,1,QUICK STYLE,Chonique Sneed,Cleanliness,9.0
New York,1,1,QUICK STYLE,Chonique Sneed,Technical Execution + Authenticity,9.0
New York,1,1,QUICK STYLE,Chonique Sneed,Spacing,10.0
New York,1,1,QUICK STYLE,Chonique Sneed,Projection/Communication,9.0
New York,1,1,QUICK STYLE,Chonique Sneed,Stamina,9.0
New York,1,1,GRV,Jamal Sims,Choreography Complexity,9.0
New York,1,1,GRV,Jamal Sims,Staging,9.0
New York,1,1,GRV,Jamal Sims,Musicality,10.0
New York,1,1,GRV,Jamal Sims,Creativity,9.0
New York,1,1,GRV,Jamal Sims,Stylistic Athleticism,10.0
New York,1,1,GRV,Jamal Sims,Cleanliness,8.0
New York,1,1,GRV,Jamal Sims,Technical Execution + Authenticity,9.0
New York,1,1,GRV,Jamal Sims,Spacing,10.0
New York,1,1,GRV,Jamal Sims,Projection/Communication,9.0
New York,1,1,GRV,Jamal Sims,Stamina,10.0
New York,1,1,QUICK STYLE,Jamal Sims,Choreography Complexity,9.0
New York,1,1,QUICK STYLE,Jamal Sims,Staging,9.0
New York,1,1,QUICK STYLE,Jamal Sims,Musicality,9.0
New York,1,1,QUICK STYLE,Jamal Sims,Creativity,9.0
New York,1,1,QUICK STYLE,Jamal Sims,Stylistic Athleticism,9.0
New York,1,1,QUICK STYLE,Jamal Sims,Cleanliness,10.0
New York,1,1,QUICK STYLE,Jamal Sims,Technical Execution + Authenticity,9.0
New York,1,1,QUICK STYLE,Jamal Sims,Spacing,8.0
New York,1,1,QUICK STYLE,Jamal Sims,Projection/Communication,9.0
New York,1,1,QUICK STYLE,Jamal Sims,Stamina,9.0
New York,1,1,GRV,LaTasha Barnes,Choreography Complexity,9.0
New York,1,1,GRV,LaTasha Barnes,Staging,9.0
New York,1,1,GRV,LaTasha Barnes,Musicality,8.0
New York,1,1,GRV,LaTasha Barnes,Creativity,9.0
New York,1,1,GRV,LaTasha Barnes,Stylistic Athleticism,7.0
New York,1,1,GRV,LaTasha Barnes,Cleanliness,7.0
New York,1,1,GRV,LaTasha Barnes,Technical Execution + Authenticity,9.0
New York,1,1,GRV,LaTasha Barnes,Spacing,9.0
New York,1,1,GRV,LaTasha Barnes,Projection/Communication,9.0
New York,1,1,GRV,LaTasha Barnes,Stamina,9.0
New York,1,1,QUICK STYLE,LaTasha Barnes,Choreography Complexity,9.0
New York,1,1,QUICK STYLE,LaTasha Barnes,Staging,9.0
New York,1,1,QUICK STYLE,LaTasha Barnes,Musicality,9.0
New York,1,1,QUICK STYLE,LaTasha Barnes,Creativity,10.0
New York,1,1,QUICK STYLE,LaTasha Barnes,Stylistic Athleticism,8.0
New York,1,1,QUICK STYLE,LaTasha Barnes,Cleanliness,8.0
New York,1,1,QUICK STYLE,LaTasha Barnes,Technical Execution + Authenticity,9.0
New York,1,1,QUICK STYLE,LaTasha Barnes,Spacing,9.0
New York,1,1,QUICK STYLE,LaTasha Barnes,Projection/Communication,10.0
New York,1,1,QUICK STYLE,LaTasha Barnes,Stamina,9.0
New York,1,2,BROTHERHOOD,Amari Marshall,Choreography Complexity,9.0
New York,1,2,BROTHERHOOD,Amari Marshall,Staging,10.0
New York,1,2,BROTHERHOOD,Amari Marshall,Musicality,10.0
New York,1,2,BROTHERHOOD,Amari Marshall,Creativity,10.0
New York,1,2,BROTHERHOOD,Amari Marshall,Stylistic Athleticism,9.0
New York,1,2,BROTHERHOOD,Amari Marshall,Cleanliness,9.0
New York,1,2,BROTHERHOOD,Amari Marshall,Technical Execution + Authenticity,9.0
New York,1,2,BROTHERHOOD,Amari Marshall,Spacing,8.0
New York,1,2,BROTHERHOOD,Amari Marshall,Projection/Communication,10.0
New York,1,2,BROTHERHOOD,Amari Marshall,Stamina,10.0
New York,1,2,1MILLION,Amari Marshall,Choreography Complexity,9.0
New York,1,2,1MILLION,Amari Marshall,Staging,9.0
New York,1,2,1MILLION,Amari Marshall,Musicality,9.0
New York,1,2,1MILLION,Amari Marshall,Creativity,9.0
New York,1,2,1MILLION,Amari Marshall,Stylistic Athleticism,9.0
New York,1,2,1MILLION,Amari Marshall,Cleanliness,8.0
New York,1,2,1MILLION,Amari Marshall,Technical Execution + Authenticity,8.0
New York,1,2,1MILLION,Amari Marshall,Spacing,9.0
New York,1,2,1MILLION,Amari Marshall,Projection/Communication,8.0
New York,1,2,1MILLION,Amari Marshall,Stamina,10.0
New York,1,2,BROTHERHOOD,Arnel Calvario,Choreography Complexity,10.0
New York,1,2,BROTHERHOOD,Arnel Calvario,Staging,9.0
New York,1,2,BROTHERHOOD,Arnel Calvario,Musicality,9.0
New York,1,2,BROTHERHOOD,Arnel Calvario,Creativity,9.0
New York,1,2,BROTHERHOOD,Arnel Calvario,Stylistic Athleticism,9.0
New York,1,2,BROTHERHOOD,Arnel Calvario,Cleanliness,9.0
New York,1,2,BROTHERHOOD,Arnel Calvario,Technical Execution + Authenticity,9.0
New York,1,2,BROTHERHOOD,Arnel Calvario,Spacing,8.0
New York,1,2,BROTHERHOOD,Arnel Calvario,Projection/Communication,10.0
New York,1,2,BROTHERHOOD,Arnel Calvario,Stamina,9.0
New York,1,2,1MILLION,Arnel Calvario,Choreography Complexity,9.0
New York,1,2,1MILLION,Arnel Calvario,Staging,10.0
New York,1,2,1MILLION,Arnel Calvario,Musicality,9.0
New York,1,2,1MILLION,Arnel Calvario,Creativity,8.0
New York,1,2,1MILLION,Arnel Calvario,Stylistic Athleticism,9.0
New York,1,2,1MILLION,Arnel Calvario,Cleanliness,9.0
New York,1,2,1MILLION,Arnel Calvario,Technical Execution + Authenticity,9.0
New York,1,2,1MILLION,Arnel Calvario,Spacing,8.0
New York,1,2,1MILLION,Arnel Calvario,Projection/Communication,10.0
New York,1,2,1MILLION,Arnel Calvario,Stamina,9.0
New York,1,2,BROTHERHOOD,Arturo Lyons,Choreography Complexity,10.0
New York,1,2,BROTHERHOOD,Arturo Lyons,Staging,10.0
New York,1,2,BROTHERHOOD,Arturo Lyons,Musicality,10.0
New York,1,2,BROTHERHOOD,Arturo Lyons,Creativity,10.0
New York,1,2,BROTHERHOOD,Arturo Lyons,Stylistic Athleticism,9.0
New York,1,2,BROTHERHOOD,Arturo Lyons,Cleanliness,9.0
New York,1,2,BROTHERHOOD,Arturo Lyons,Technical Execution + Authenticity,9.0
New York,1,2,BROTHERHOOD,Arturo Lyons,Spacing,10.0
New York,1,2,BROTHERHOOD,Arturo Lyons,Projection/Communication,9.0
New York,1,2,BROTHERHOOD,Arturo Lyons,Stamina,10.0
New York,1,2,1MILLION,Arturo Lyons,Choreography Complexity,7.0
New York,1,2,1MILLION,Arturo Lyons,Staging,7.0
New York,1,2,1MILLION,Arturo Lyons,Musicality,8.0
New York,1,2,1MILLION,Arturo Lyons,Creativity,8.0
New York,1,2,1MILLION,Arturo Lyons,Stylistic Athleticism,8.0
New York,1,2,1MILLION,Arturo Lyons,Cleanliness,8.0
New York,1,2,1MILLION,Arturo Lyons,Technical Execution + Authenticity,8.0
New York,1,2,1MILLION,Arturo Lyons,Spacing,9.0
New York,1,2,1MILLION,Arturo Lyons,Projection/Communication,8.0
New York,1,2,1MILLION,Arturo Lyons,Stamina,10.0
New York,1,2,BROTHERHOOD,Chonique Sneed,Choreography Complexity,10.0
New York,1,2,BROTHERHOOD,Chonique Sneed,Staging,9.0
New York,1,2,BROTHERHOOD,Chonique Sneed,Musicality,9.0
New York,1,2,BROTHERHOOD,Chonique Sneed,Creativity,10.0
New York,1,2,BROTHERHOOD,Chonique Sneed,Stylistic Athleticism,9.0
New York,1,2,BROTHERHOOD,Chonique Sneed,Cleanliness,10.0
New York,1,2,BROTHERHOOD,Chonique Sneed,Technical Execution + Authenticity,9.0
New York,1,2,BROTHERHOOD,Chonique Sneed,Spacing,10.0
New York,1,2,BROTHERHOOD,Chonique Sneed,Projection/Communication,9.0
New York,1,2,BROTHERHOOD,Chonique Sneed,Stamina,9.0
New York,1,2,1MILLION,Chonique Sneed,Choreography Complexity,9.0
New York,1,2,1MILLION,Chonique Sneed,Staging,9.0
New York,1,2,1MILLION,Chonique Sneed,Musicality,9.0
New York,1,2,1MILLION,Chonique Sneed,Creativity,8.0
New York,1,2,1MILLION,Chonique Sneed,Stylistic Athleticism,9.0
New York,1,2,1MILLION,Chonique Sneed,Cleanliness,8.0
New York,1,2,1MILLION,Chonique Sneed,Technical Execution + Authenticity,10.0
New York,1,2,1MILLION,Chonique Sneed,Spacing,9.0
New York,1,2,1MILLION,Chonique Sneed,Projection/Communication,9.0
New York,1,2,1MILLION,Chonique Sneed,Stamina,9.0
New York,1,2,BROTHERHOOD,Jamal Sims,Choreography Complexity,9.0
New York,1,2,BROTHERHOOD,Jamal Sims,Staging,10.0
New York,1,2,BROTHERHOOD,Jamal Sims,Musicality,10.0
New York,1,2,BROTHERHOOD,Jamal Sims,Creativity,10.0
New York,1,2,BROTHERHOOD,Jamal Sims,Stylistic Athleticism,9.0
New York,1,2,BROTHERHOOD,Jamal Sims,Cleanliness,10.0
New York,1,2,BROTHERHOOD,Jamal Sims,Technical Execution + Authenticity,10.0
New York,1,2,BROTHERHOOD,Jamal Sims,Spacing,9.0
New York,1,2,BROTHERHOOD,Jamal Sims,Projection/Communication,9.0
New York,1,2,BROTHERHOOD,Jamal Sims,Stamina,10.0
New York,1,2,1MILLION,Jamal Sims,Choreography Complexity,9.0
New York,1,2,1MILLION,Jamal Sims,Staging,9.0
New York,1,2,1MILLION,Jamal Sims,Musicality,8.0
New York,1,2,1MILLION,Jamal Sims,Creativity,9.0
New York,1,2,1MILLION,Jamal Sims,Stylistic Athleticism,8.0
New York,1,2,1MILLION,Jamal Sims,Cleanliness,9.0
New York,1,2,1MILLION,Jamal Sims,Technical Execution + Authenticity,10.0
New York,1,2,1MILLION,Jamal Sims,Spacing,9.0
New York,1,2,1MILLION,Jamal Sims,Projection/Communication,9.0
New York,1,2,1MILLION,Jamal Sims,Stamina,9.0
New York,1,2,BROTHERHOOD,LaTasha Barnes,Choreography Complexity,10.0
New York,1,2,BROTHERHOOD,LaTasha Barnes,Staging,10.0
New York,1,2,BROTHERHOOD,LaTasha Barnes,Musicality,9.0
New York,1,2,BROTHERHOOD,LaTasha Barnes,Creativity,9.0
New York,1,2,BROTHERHOOD,LaTasha Barnes,Stylistic Athleticism,10.0
New York,1,2,BROTHERHOOD,LaTasha Barnes,Cleanliness,9.0
New York,1,2,BROTHERHOOD,LaTasha Barnes,Technical Execution + Authenticity,9.0
New York,1,2,BROTHERHOOD,LaTasha Barnes,Spacing,8.0
New York,1,2,BROTHERHOOD,LaTasha Barnes,Projection/Communication,9.0
New York,1,2,BROTHERHOOD,LaTasha Barnes,Stamina,10.0
New York,1,2,1MILLION,LaTasha Barnes,Choreography Complexity,9.0
New York,1,2,1MILLION,LaTasha Barnes,Staging,9.0
New York,1,2,1MILLION,LaTasha Barnes,Musicality,8.0
New York,1,2,1MILLION,LaTasha Barnes,Creativity,8.0
New York,1,2,1MILLION,LaTasha Barnes,Stylistic Athleticism,9.0
New York,1,2,1MILLION,LaTasha Barnes,Cleanliness,8.0
New York,1,2,1MILLION,LaTasha Barnes,Technical Execution + Authenticity,8.0
New York,1,2,1MILLION,LaTasha Barnes,Spacing,8.0
New York,1,2,1MILLION,LaTasha Barnes,Projection/Communication,10.0
New York,1,2,1MILLION,LaTasha Barnes,Stamina,10.0
New York,1,3,ROYAL FAMILY,Amari Marshall,Choreography Complexity,8.0
New York,1,3,ROYAL FAMILY,Amari Marshall,Staging,8.0
New York,1,3,ROYAL FAMILY,Amari Marshall,Musicality,8.0
New York,1,3,ROYAL FAMILY,Amari Marshall,Creativity,7.0
New York,1,3,ROYAL FAMILY,Amari Marshall,Stylistic Athleticism,9.0
New York,1,3,ROYAL FAMILY,Amari Marshall,Cleanliness,7.0
New York,1,3,ROYAL FAMILY,Amari Marshall,Technical Execution + Authenticity,9.0
New York,1,3,ROYAL FAMILY,Amari Marshall,Spacing,7.0
New York,1,3,ROYAL FAMILY,Amari Marshall,Projection/Communication,7.0
New York,1,3,ROYAL FAMILY,Amari Marshall,Stamina,10.0
New York,1,3,JAM REPUBLIC,Amari Marshall,Choreography Complexity,8.0
New York,1,3,JAM REPUBLIC,Amari Marshall,Staging,8.0
New York,1,3,JAM REPUBLIC,Amari Marshall,Musicality,9.0
New York,1,3,JAM REPUBLIC,Amari Marshall,Creativity,8.0
New York,1,3,JAM REPUBLIC,Amari Marshall,Stylistic Athleticism,8.0
New York,1,3,JAM REPUBLIC,Amari Marshall,Cleanliness,7.0
New York,1,3,JAM REPUBLIC,Amari Marshall,Technical Execution + Authenticity,7.0
New York,1,3,JAM REPUBLIC,Amari Marshall,Spacing,7.0
New York,1,3,JAM REPUBLIC,Amari Marshall,Projection/Communication,7.0
New York,1,3,JAM REPUBLIC,Amari Marshall,Stamina,9.0
New York,1,3,ROYAL FAMILY,Arnel Calvario,Choreography Complexity,9.0
New York,1,3,ROYAL FAMILY,Arnel Calvario,Staging,9.0
New York,1,3,ROYAL FAMILY,Arnel Calvario,Musicality,9.0
New York,1,3,ROYAL FAMILY,Arnel Calvario,Creativity,8.0
New York,1,3,ROYAL FAMILY,Arnel Calvario,Stylistic Athleticism,10.0
New York,1,3,ROYAL FAMILY,Arnel Calvario,Cleanliness,8.0
New York,1,3,ROYAL FAMILY,Arnel Calvario,Technical Execution + Authenticity,9.0
New York,1,3,ROYAL FAMILY,Arnel Calvario,Spacing,9.0
New York,1,3,ROYAL FAMILY,Arnel Calvario,Projection/Communication,10.0
New York,1,3,ROYAL FAMILY,Arnel Calvario,Stamina,10.0
New York,1,3,JAM REPUBLIC,Arnel Calvario,Choreography Complexity,9.0
New York,1,3,JAM REPUBLIC,Arnel Calvario,Staging,10.0
New York,1,3,JAM REPUBLIC,Arnel Calvario,Musicality,9.0
New York,1,3,JAM REPUBLIC,Arnel Calvario,Creativity,8.0
New York,1,3,JAM REPUBLIC,Arnel Calvario,Stylistic Athleticism,9.0
New York,1,3,JAM REPUBLIC,Arnel Calvario,Cleanliness,8.0
New York,1,3,JAM REPUBLIC,Arnel Calvario,Technical Execution + Authenticity,8.0
New York,1,3,JAM REPUBLIC,Arnel Calvario,Spacing,8.0
New York,1,3,JAM REPUBLIC,Arnel Calvario,Projection/Communication,10.0
New York,1,3,JAM REPUBLIC,Arnel Calvario,Stamina,10.0
New York,1,3,ROYAL FAMILY,Arturo Lyons,Choreography Complexity,8.0
New York,1,3,ROYAL FAMILY,Arturo Lyons,Staging,9.0
New York,1,3,ROYAL FAMILY,Arturo Lyons,Musicality,8.0
New York,1,3,ROYAL FAMILY,Arturo Lyons,Creativity,8.0
New York,1,3,ROYAL FAMILY,Arturo Lyons,Stylistic Athleticism,8.0
New York,1,3,ROYAL FAMILY,Arturo Lyons,Cleanliness,8.0
New York,1,3,ROYAL FAMILY,Arturo Lyons,Technical Execution + Authenticity,8.0
New York,1,3,ROYAL FAMILY,Arturo Lyons,Spacing,9.0
New York,1,3,ROYAL FAMILY,Arturo Lyons,Projection/Communication,10.0
New York,1,3,ROYAL FAMILY,Arturo Lyons,Stamina,10.0
New York,1,3,JAM REPUBLIC,Arturo Lyons,Choreography Complexity,7.0
New York,1,3,JAM REPUBLIC,Arturo Lyons,Staging,7.0
New York,1,3,JAM REPUBLIC,Arturo Lyons,Musicality,8.0
New York,1,3,JAM REPUBLIC,Arturo Lyons,Creativity,8.0
New York,1,3,JAM REPUBLIC,Arturo Lyons,Stylistic Athleticism,8.0
New York,1,3,JAM REPUBLIC,Arturo Lyons,Cleanliness,7.0
New York,1,3,JAM REPUBLIC,Arturo Lyons,Technical Execution + Authenticity,8.0
New York,1,3,JAM REPUBLIC,Arturo Lyons,Spacing,8.0
New York,1,3,JAM REPUBLIC,Arturo Lyons,Projection/Communication,8.0
New York,1,3,JAM REPUBLIC,Arturo Lyons,Stamina,9.0
New York,1,3,ROYAL FAMILY,Chonique Sneed,Choreography Complexity,8.0
New York,1,3,ROYAL FAMILY,Chonique Sneed,Staging,9.0
New York,1,3,ROYAL FAMILY,Chonique Sneed,Musicality,8.0
New York,1,3,ROYAL FAMILY,Chonique Sneed,Creativity,8.0
New York,1,3,ROYAL FAMILY,Chonique Sneed,Stylistic Athleticism,8.0
New York,1,3,ROYAL FAMILY,Chonique Sneed,Cleanliness,8.0
New York,1,3,ROYAL FAMILY,Chonique Sneed,Technical Execution + Authenticity,9.0
New York,1,3,ROYAL FAMILY,Chonique Sneed,Spacing,9.0
New York,1,3,ROYAL FAMILY,Chonique Sneed,Projection/Communication,8.0
New York,1,3,ROYAL FAMILY,Chonique Sneed,Stamina,9.0
New York,1,3,JAM REPUBLIC,Chonique Sneed,Choreography Complexity,8.0
New York,1,3,JAM REPUBLIC,Chonique Sneed,Staging,8.0
New York,1,3,JAM REPUBLIC,Chonique Sneed,Musicality,8.0
New York,1,3,JAM REPUBLIC,Chonique Sneed,Creativity,8.0
New York,1,3,JAM REPUBLIC,Chonique Sneed,Stylistic Athleticism,8.0
New York,1,3,JAM REPUBLIC,Chonique Sneed,Cleanliness,8.0
New York,1,3,JAM REPUBLIC,Chonique Sneed,Technical Execution + Authenticity,8.0
New York,1,3,JAM REPUBLIC,Chonique Sneed,Spacing,9.0
New York,1,3,JAM REPUBLIC,Chonique Sneed,Projection/Communication,8.0
New York,1,3,JAM REPUBLIC,Chonique Sneed,Stamina,10.0
New York,1,3,ROYAL FAMILY,Jamal Sims,Choreography Complexity,9.0
New York,1,3,ROYAL FAMILY,Jamal Sims,Staging,9.0
New York,1,3,ROYAL FAMILY,Jamal Sims,Musicality,9.0
New York,1,3,ROYAL FAMILY,Jamal Sims,Creativity,8.0
New York,1,3,ROYAL FAMILY,Jamal Sims,Stylistic Athleticism,8.0
New York,1,3,ROYAL FAMILY,Jamal Sims,Cleanliness,10.0
New York,1,3,ROYAL FAMILY,Jamal Sims,Technical Execution + Authenticity,9.0
New York,1,3,ROYAL FAMILY,Jamal Sims,Spacing,9.0
New York,1,3,ROYAL FAMILY,Jamal Sims,Projection/Communication,10.0
New York,1,3,ROYAL FAMILY,Jamal Sims,Stamina,9.0
New York,1,3,JAM REPUBLIC,Jamal Sims,Choreography Complexity,8.0
New York,1,3,JAM REPUBLIC,Jamal Sims,Staging,9.0
New York,1,3,JAM REPUBLIC,Jamal Sims,Musicality,8.0
New York,1,3,JAM REPUBLIC,Jamal Sims,Creativity,8.0
New York,1,3,JAM REPUBLIC,Jamal Sims,Stylistic Athleticism,9.0
New York,1,3,JAM REPUBLIC,Jamal Sims,Cleanliness,9.0
New York,1,3,JAM REPUBLIC,Jamal Sims,Technical Execution + Authenticity,8.0
New York,1,3,JAM REPUBLIC,Jamal Sims,Spacing,8.0
New York,1,3,JAM REPUBLIC,Jamal Sims,Projection/Communication,8.0
New York,1,3,JAM REPUBLIC,Jamal Sims,Stamina,9.0
New York,1,3,ROYAL FAMILY,LaTasha Barnes,Choreography Complexity,9.0
New York,1,3,ROYAL FAMILY,LaTasha Barnes,Staging,10.0
New York,1,3,ROYAL FAMILY,LaTasha Barnes,Musicality,9.0
New York,1,3,ROYAL FAMILY,LaTasha Barnes,Creativity,8.0
New York,1,3,ROYAL FAMILY,LaTasha Barnes,Stylistic Athleticism,9.0
New York,1,3,ROYAL FAMILY,LaTasha Barnes,Cleanliness,9.0
New York,1,3,ROYAL FAMILY,LaTasha Barnes,Technical Execution + Authenticity,8.0
New York,1,3,ROYAL FAMILY,LaTasha Barnes,Spacing,9.0
New York,1,3,ROYAL FAMILY,LaTasha Barnes,Projection/Communication,9.0
New York,1,3,ROYAL FAMILY,LaTasha Barnes,Stamina,9.0
New York,1,3,JAM REPUBLIC,LaTasha Barnes,Choreography Complexity,8.0
New York,1,3,JAM REPUBLIC,LaTasha Barnes,Staging,8.0
New York,1,3,JAM REPUBLIC,LaTasha Barnes,Musicality,9.0
New York,1,3,JAM REPUBLIC,LaTasha Barnes,Creativity,8.0
New York,1,3,JAM REPUBLIC,LaTasha Barnes,Stylistic Athleticism,9.0
New York,1,3,JAM REPUBLIC,LaTasha Barnes,Cleanliness,8.0
New York,1,3,JAM REPUBLIC,LaTasha Barnes,Technical Execution + Authenticity,8.0
New York,1,3,JAM REPUBLIC,LaTasha Barnes,Spacing,8.0
New York,1,3,JAM REPUBLIC,LaTasha Barnes,Projection/Communication,8.0
New York,1,3,JAM REPUBLIC,LaTasha Barnes,Stamina,9.0
New York,2,1,BROTHERHOOD,Amari Marshall,Choreography Complexity,10.0
New York,2,1,BROTHERHOOD,Amari Marshall,Staging,10.0
New York,2,1,BROTHERHOOD,Amari Marshall,Musicality,10.0
New York,2,1,BROTHERHOOD,Amari Marshall,Creativity,10.0
New York,2,1,BROTHERHOOD,Amari Marshall,Stylistic Athleticism,10.0
New York,2,1,BROTHERHOOD,Amari Marshall,Cleanliness,10.0
New York,2,1,BROTHERHOOD,Amari Marshall,Technical Execution + Authenticity,10.0
New York,2,1,BROTHERHOOD,Amari Marshall,Spacing,10.0
New York,2,1,BROTHERHOOD,Amari Marshall,Projection/Communication,10.0
New York,2,1,BROTHERHOOD,Amari Marshall,Stamina,10.0
New York,2,1,QUICK STYLE,Amari Marshall,Choreography Complexity,9.0
New York,2,1,QUICK STYLE,Amari Marshall,Staging,9.0
New York,2,1,QUICK STYLE,Amari Marshall,Musicality,10.0
New York,2,1,QUICK STYLE,Amari Marshall,Creativity,9.0
New York,2,1,QUICK STYLE,Amari Marshall,Stylistic Athleticism,8.0
New York,2,1,QUICK STYLE,Amari Marshall,Cleanliness,8.0
New York,2,1,QUICK STYLE,Amari Marshall,Technical Execution + Authenticity,9.0
New York,2,1,QUICK STYLE,Amari Marshall,Spacing,8.0
New York,2,1,QUICK STYLE,Amari Marshall,Projection/Communication,9.0
New York,2,1,QUICK STYLE,Amari Marshall,Stamina,9.0
New York,2,1,ROYAL FAMILY,Amari Marshall,Choreography Complexity,8.0
New York,2,1,ROYAL FAMILY,Amari Marshall,Staging,9.0
New York,2,1,ROYAL FAMILY,Amari Marshall,Musicality,8.0
New York,2,1,ROYAL FAMILY,Amari Marshall,Creativity,8.0
New York,2,1,ROYAL FAMILY,Amari Marshall,Stylistic Athleticism,7.0
New York,2,1,ROYAL FAMILY,Amari Marshall,Cleanliness,9.0
New York,2,1,ROYAL FAMILY,Amari Marshall,Technical Execution + Authenticity,8.0
New York,2,1,ROYAL FAMILY,Amari Marshall,Spacing,8.0
New York,2,1,ROYAL FAMILY,Amari Marshall,Projection/Communication,8.0
New York,2,1,ROYAL FAMILY,Amari Marshall,Stamina,9.0
New York,2,1,BROTHERHOOD,Arnel Calvario,Choreography Complexity,10.0
New York,2,1,BROTHERHOOD,Arnel Calvario,Staging,9.0
New York,2,1,BROTHERHOOD,Arnel Calvario,Musicality,10.0
New York,2,1,BROTHERHOOD,Arnel Calvario,Creativity,10.0
New York,2,1,BROTHERHOOD,Arnel Calvario,Stylistic Athleticism,10.0
New York,2,1,BROTHERHOOD,Arnel Calvario,Cleanliness,10.0
New York,2,1,BROTHERHOOD,Arnel Calvario,Technical Execution + Authenticity,9.0
New York,2,1,BROTHERHOOD,Arnel Calvario,Spacing,8.0
New York,2,1,BROTHERHOOD,Arnel Calvario,Projection/Communication,10.0
New York,2,1,BROTHERHOOD,Arnel Calvario,Stamina,10.0
New York,2,1,QUICK STYLE,Arnel Calvario,Choreography Complexity,9.0
New York,2,1,QUICK STYLE,Arnel Calvario,Staging,8.0
New York,2,1,QUICK STYLE,Arnel Calvario,Musicality,10.0
New York,2,1,QUICK STYLE,Arnel Calvario,Creativity,9.0
New York,2,1,QUICK STYLE,Arnel Calvario,Stylistic Athleticism,9.0
New York,2,1,QUICK STYLE,Arnel Calvario,Cleanliness,9.0
New York,2,1,QUICK STYLE,Arnel Calvario,Technical Execution + Authenticity,9.0
New York,2,1,QUICK STYLE,Arnel Calvario,Spacing,8.0
New York,2,1,QUICK STYLE,Arnel Calvario,Projection/Communication,10.0
New York,2,1,QUICK STYLE,Arnel Calvario,Stamina,9.0
New York,2,1,ROYAL FAMILY,Arnel Calvario,Choreography Complexity,9.0
New York,2,1,ROYAL FAMILY,Arnel Calvario,Staging,9.0
New York,2,1,ROYAL FAMILY,Arnel Calvario,Musicality,8.0
New York,2,1,ROYAL FAMILY,Arnel Calvario,Creativity,8.0
New York,2,1,ROYAL FAMILY,Arnel Calvario,Stylistic Athleticism,9.0
New York,2,1,ROYAL FAMILY,Arnel Calvario,Cleanliness,9.0
New York,2,1,ROYAL FAMILY,Arnel Calvario,Technical Execution + Authenticity,8.0
New York,2,1,ROYAL FAMILY,Arnel Calvario,Spacing,9.0
New York,2,1,ROYAL FAMILY,Arnel Calvario,Projection/Communication,10.0
New York,2,1,ROYAL FAMILY,Arnel Calvario,Stamina,9.0
New York,2,1,BROTHERHOOD,Arturo Lyons,Choreography Complexity,10.0
New York,2,1,BROTHERHOOD,Arturo Lyons,Staging,10.0
New York,2,1,BROTHERHOOD,Arturo Lyons,Musicality,10.0
New York,2,1,BROTHERHOOD,Arturo Lyons,Creativity,10.0
New York,2,1,BROTHERHOOD,Arturo Lyons,Stylistic Athleticism,10.0
New York,2,1,BROTHERHOOD,Arturo Lyons,Cleanliness,10.0
New York,2,1,BROTHERHOOD,Arturo Lyons,Technical Execution + Authenticity,10.0
New York,2,1,BROTHERHOOD,Arturo Lyons,Spacing,10.0
New York,2,1,BROTHERHOOD,Arturo Lyons,Projection/Communication,10.0
New York,2,1,BROTHERHOOD,Arturo Lyons,Stamina,10.0
New York,2,1,QUICK STYLE,Arturo Lyons,Choreography Complexity,9.0
New York,2,1,QUICK STYLE,Arturo Lyons,Staging,9.0
New York,2,1,QUICK STYLE,Arturo Lyons,Musicality,8.0
New York,2,1,QUICK STYLE,Arturo Lyons,Creativity,9.0
New York,2,1,QUICK STYLE,Arturo Lyons,Stylistic Athleticism,8.0
New York,2,1,QUICK STYLE,Arturo Lyons,Cleanliness,8.0
New York,2,1,QUICK STYLE,Arturo Lyons,Technical Execution + Authenticity,9.0
New York,2,1,QUICK STYLE,Arturo Lyons,Spacing,9.0
New York,2,1,QUICK STYLE,Arturo Lyons,Projection/Communication,9.0
New York,2,1,QUICK STYLE,Arturo Lyons,Stamina,10.0
New York,2,1,ROYAL FAMILY,Arturo Lyons,Choreography Complexity,8.0
New York,2,1,ROYAL FAMILY,Arturo Lyons,Staging,9.0
New York,2,1,ROYAL FAMILY,Arturo Lyons,Musicality,8.0
New York,2,1,ROYAL FAMILY,Arturo Lyons,Creativity,8.0
New York,2,1,ROYAL FAMILY,Arturo Lyons,Stylistic Athleticism,8.0
New York,2,1,ROYAL FAMILY,Arturo Lyons,Cleanliness,8.0
New York,2,1,ROYAL FAMILY,Arturo Lyons,Technical Execution + Authenticity,8.0
New York,2,1,ROYAL FAMILY,Arturo Lyons,Spacing,8.0
New York,2,1,ROYAL FAMILY,Arturo Lyons,Projection/Communication,9.0
New York,2,1,ROYAL FAMILY,Arturo Lyons,Stamina,10.0
New York,2,1,BROTHERHOOD,Chonique Sneed,Choreography Complexity,10.0
New York,2,1,BROTHERHOOD,Chonique Sneed,Staging,10.0
New York,2,1,BROTHERHOOD,Chonique Sneed,Musicality,10.0
New York,2,1,BROTHERHOOD,Chonique Sneed,Creativity,10.0
New York,2,1,BROTHERHOOD,Chonique Sneed,Stylistic Athleticism,10.0
New York,2,1,BROTHERHOOD,Chonique Sneed,Cleanliness,10.0
New York,2,1,BROTHERHOOD,Chonique Sneed,Technical Execution + Authenticity,9.0
New York,2,1,BROTHERHOOD,Chonique Sneed,Spacing,9.0
New York,2,1,BROTHERHOOD,Chonique Sneed,Projection/Communication,10.0
New York,2,1,BROTHERHOOD,Chonique Sneed,Stamina,10.0
New York,2,1,QUICK STYLE,Chonique Sneed,Choreography Complexity,9.0
New York,2,1,QUICK STYLE,Chonique Sneed,Staging,9.0
New York,2,1,QUICK STYLE,Chonique Sneed,Musicality,9.0
New York,2,1,QUICK STYLE,Chonique Sneed,Creativity,10.0
New York,2,1,QUICK STYLE,Chonique Sneed,Stylistic Athleticism,9.0
New York,2,1,QUICK STYLE,Chonique Sneed,Cleanliness,9.0
New York,2,1,QUICK STYLE,Chonique Sneed,Technical Execution + Authenticity,9.0
New York,2,1,QUICK STYLE,Chonique Sneed,Spacing,9.0
New York,2,1,QUICK STYLE,Chonique Sneed,Projection/Communication,9.0
New York,2,1,QUICK STYLE,Chonique Sneed,Stamina,9.0
New York,2,1,ROYAL FAMILY,Chonique Sneed,Choreography Complexity,9.0
New York,2,1,ROYAL FAMILY,Chonique Sneed,Staging,9.0
New York,2,1,ROYAL FAMILY,Chonique Sneed,Musicality,9.0
New York,2,1,ROYAL FAMILY,Chonique Sneed,Creativity,9.0
New York,2,1,ROYAL FAMILY,Chonique Sneed,Stylistic Athleticism,9.0
New York,2,1,ROYAL FAMILY,Chonique Sneed,Cleanliness,9.0
New York,2,1,ROYAL FAMILY,Chonique Sneed,Technical Execution + Authenticity,8.0
New York,2,1,ROYAL FAMILY,Chonique Sneed,Spacing,10.0
New York,2,1,ROYAL FAMILY,Chonique Sneed,Projection/Communication,8.0
New York,2,1,ROYAL FAMILY,Chonique Sneed,Stamina,9.0
New York,2,1,BROTHERHOOD,Jamal Sims,Choreography Complexity,10.0
New York,2,1,BROTHERHOOD,Jamal Sims,Staging,10.0
New York,2,1,BROTHERHOOD,Jamal Sims,Musicality,10.0
New York,2,1,BROTHERHOOD,Jamal Sims,Creativity,10.0
New York,2,1,BROTHERHOOD,Jamal Sims,Stylistic Athleticism,10.0
New York,2,1,BROTHERHOOD,Jamal Sims,Cleanliness,10.0
New York,2,1,BROTHERHOOD,Jamal Sims,Technical Execution + Authenticity,9.0
New York,2,1,BROTHERHOOD,Jamal Sims,Spacing,9.0
New York,2,1,BROTHERHOOD,Jamal Sims,Projection/Communication,10.0
New York,2,1,BROTHERHOOD,Jamal Sims,Stamina,10.0
New York,2,1,QUICK STYLE,Jamal Sims,Choreography Complexity,10.0
New York,2,1,QUICK STYLE,Jamal Sims,Staging,10.0
New York,2,1,QUICK STYLE,Jamal Sims,Musicality,9.0
New York,2,1,QUICK STYLE,Jamal Sims,Creativity,9.0
New York,2,1,QUICK STYLE,Jamal Sims,Stylistic Athleticism,9.0
New York,2,1,QUICK STYLE,Jamal Sims,Cleanliness,9.0
New York,2,1,QUICK STYLE,Jamal Sims,Technical Execution + Authenticity,9.0
New York,2,1,QUICK STYLE,Jamal Sims,Spacing,9.0
New York,2,1,QUICK STYLE,Jamal Sims,Projection/Communication,10.0
New York,2,1,QUICK STYLE,Jamal Sims,Stamina,9.0
New York,2,1,ROYAL FAMILY,Jamal Sims,Choreography Complexity,10.0
New York,2,1,ROYAL FAMILY,Jamal Sims,Staging,8.0
New York,2,1,ROYAL FAMILY,Jamal Sims,Musicality,9.0
New York,2,1,ROYAL FAMILY,Jamal Sims,Creativity,8.0
New York,2,1,ROYAL FAMILY,Jamal Sims,Stylistic Athleticism,9.0
New York,2,1,ROYAL FAMILY,Jamal Sims,Cleanliness,8.0
New York,2,1,ROYAL FAMILY,Jamal Sims,Technical Execution + Authenticity,9.0
New York,2,1,ROYAL FAMILY,Jamal Sims,Spacing,9.0
New York,2,1,ROYAL FAMILY,Jamal Sims,Projection/Communication,9.0
New York,2,1,ROYAL FAMILY,Jamal Sims,Stamina,9.0
New York,2,1,BROTHERHOOD,LaTasha Barnes,Choreography Complexity,10.0
New York,2,1,BROTHERHOOD,LaTasha Barnes,Staging,10.0
New York,2,1,BROTHERHOOD,LaTasha Barnes,Musicality,10.0
New York,2,1,BROTHERHOOD,LaTasha Barnes,Creativity,10.0
New York,2,1,BROTHERHOOD,LaTasha Barnes,Stylistic Athleticism,10.0
New York,2,1,BROTHERHOOD,LaTasha Barnes,Cleanliness,10.0
New York,2,1,BROTHERHOOD,LaTasha Barnes,Technical Execution + Authenticity,10.0
New York,2,1,BROTHERHOOD,LaTasha Barnes,Spacing,9.0
New York,2,1,BROTHERHOOD,LaTasha Barnes,Projection/Communication,10.0
New York,2,1,BROTHERHOOD,LaTasha Barnes,Stamina,10.0
New York,2,1,QUICK STYLE,LaTasha Barnes,Choreography Complexity,10.0
New York,2,1,QUICK STYLE,LaTasha Barnes,Staging,9.0
New York,2,1,QUICK STYLE,LaTasha Barnes,Musicality,9.0
New York,2,1,QUICK STYLE,LaTasha Barnes,Creativity,8.0
New York,2,1,QUICK STYLE,LaTasha Barnes,Stylistic Athleticism,8.0
New York,2,1,QUICK STYLE,LaTasha Barnes,Cleanliness,8.0
New York,2,1,QUICK STYLE,LaTasha Barnes,Technical Execution + Authenticity,9.0
New York,2,1,QUICK STYLE,LaTasha Barnes,Spacing,9.0
New York,2,1,QUICK STYLE,LaTasha Barnes,Projection/Communication,9.0
New York,2,1,QUICK STYLE,LaTasha Barnes,Stamina,10.0
New York,2,1,ROYAL FAMILY,LaTasha Barnes,Choreography Complexity,8.0
New York,2,1,ROYAL FAMILY,LaTasha Barnes,Staging,9.0
New York,2,1,ROYAL FAMILY,LaTasha Barnes,Musicality,8.0
New York,2,1,ROYAL FAMILY,LaTasha Barnes,Creativity,8.0
New York,2,1,ROYAL FAMILY,LaTasha Barnes,Stylistic Athleticism,9.0
New York,2,1,ROYAL FAMILY,LaTasha Barnes,Cleanliness,8.0
New York,2,1,ROYAL FAMILY,LaTasha Barnes,Technical Execution + Authenticity,8.0
New York,2,1,ROYAL FAMILY,LaTasha Barnes,Spacing,9.0
New York,2,1,ROYAL FAMILY,LaTasha Barnes,Projection/Communication,9.0
New York,2,1,ROYAL FAMILY,LaTasha Barnes,Stamina,10.0
Vancouver,1,1,ROYAL FAMILY,Cheyenne Kibblewhite,Choreography Complexity,8.0
Vancouver,1,1,ROYAL FAMILY,Cheyenne Kibblewhite,Staging,9.0
Vancouver,1,1,ROYAL FAMILY,Cheyenne Kibblewhite,Musicality,9.0
Vancouver,1,1,ROYAL FAMILY,Cheyenne Kibblewhite,Creativity,9.0
Vancouver,1,1,ROYAL FAMILY,Cheyenne Kibblewhite,Stylistic Athleticism,9.0
Vancouver,1,1,ROYAL FAMILY,Cheyenne Kibblewhite,Cleanliness,10.0
Vancouver,1,1,ROYAL FAMILY,Cheyenne Kibblewhite,Technical Execution + Authenticity,9.0
Vancouver,1,1,ROYAL FAMILY,Cheyenne Kibblewhite,Spacing,9.0
Vancouver,1,1,ROYAL FAMILY,Cheyenne Kibblewhite,Projection/Communication,9.0
Vancouver,1,1,ROYAL FAMILY,Cheyenne Kibblewhite,Stamina,10.0
Vancouver,1,1,1MILLION,Cheyenne Kibblewhite,Choreography Complexity,9.0
Vancouver,1,1,1MILLION,Cheyenne Kibblewhite,Staging,9.0
Vancouver,1,1,1MILLION,Cheyenne Kibblewhite,Musicality,9.0
Vancouver,1,1,1MILLION,Cheyenne Kibblewhite,Creativity,8.0
Vancouver,1,1,1MILLION,Cheyenne Kibblewhite,Stylistic Athleticism,9.0
Vancouver,1,1,1MILLION,Cheyenne Kibblewhite,Cleanliness,8.0
Vancouver,1,1,1MILLION,Cheyenne Kibblewhite,Technical Execution + Authenticity,9.0
Vancouver,1,1,1MILLION,Cheyenne Kibblewhite,Spacing,9.0
Vancouver,1,1,1MILLION,Cheyenne Kibblewhite,Projection/Communication,9.0
Vancouver,1,1,1MILLION,Cheyenne Kibblewhite,Stamina,10.0
Vancouver,1,1,ROYAL FAMILY,Handy Yacinthe,Choreography Complexity,9.0
Vancouver,1,1,ROYAL FAMILY,Handy Yacinthe,Staging,7.0
Vancouver,1,1,ROYAL FAMILY,Handy Yacinthe,Musicality,8.0
Vancouver,1,1,ROYAL FAMILY,Handy Yacinthe,Creativity,7.0
Vancouver,1,1,ROYAL FAMILY,Handy Yacinthe,Stylistic Athleticism,7.0
Vancouver,1,1,ROYAL FAMILY,Handy Yacinthe,Cleanliness,8.0
Vancouver,1,1,ROYAL FAMILY,Handy Yacinthe,Technical Execution + Authenticity,7.0
Vancouver,1,1,ROYAL FAMILY,Handy Yacinthe,Spacing,9.0
Vancouver,1,1,ROYAL FAMILY,Handy Yacinthe,Projection/Communication,9.0
Vancouver,1,1,ROYAL FAMILY,Handy Yacinthe,Stamina,10.0
Vancouver,1,1,1MILLION,Handy Yacinthe,Choreography Complexity,9.0
Vancouver,1,1,1MILLION,Handy Yacinthe,Staging,9.0
Vancouver,1,1,1MILLION,Handy Yacinthe,Musicality,8.0
Vancouver,1,1,1MILLION,Handy Yacinthe,Creativity,8.0
Vancouver,1,1,1MILLION,Handy Yacinthe,Stylistic Athleticism,8.0
Vancouver,1,1,1MILLION,Handy Yacinthe,Cleanliness,7.0
Vancouver,1,1,1MILLION,Handy Yacinthe,Technical Execution + Authenticity,9.0
Vancouver,1,1,1MILLION,Handy Yacinthe,Spacing,8.0
Vancouver,1,1,1MILLION,Handy Yacinthe,Projection/Communication,9.0
Vancouver,1,1,1MILLION,Handy Yacinthe,Stamina,9.0
Vancouver,1,1,ROYAL FAMILY,Stephen Grey,Choreography Complexity,7.0
Vancouver,1,1,ROYAL FAMILY,Stephen Grey,Staging,8.0
Vancouver,1,1,ROYAL FAMILY,Stephen Grey,Musicality,8.0
Vancouver,1,1,ROYAL FAMILY,Stephen Grey,Creativity,8.0
Vancouver,1,1,ROYAL FAMILY,Stephen Grey,Stylistic Athleticism,7.0
Vancouver,1,1,ROYAL FAMILY,Stephen Grey,Cleanliness,9.0
Vancouver,1,1,ROYAL FAMILY,Stephen Grey,Technical Execution + Authenticity,8.0
Vancouver,1,1,ROYAL FAMILY,Stephen Grey,Spacing,9.0
Vancouver,1,1,ROYAL FAMILY,Stephen Grey,Projection/Communication,10.0
Vancouver,1,1,ROYAL FAMILY,Stephen Grey,Stamina,10.0
Vancouver,1,1,1MILLION,Stephen Grey,Choreography Complexity,7.0
Vancouver,1,1,1MILLION,Stephen Grey,Staging,8.0
Vancouver,1,1,1MILLION,Stephen Grey,Musicality,8.0
Vancouver,1,1,1MILLION,Stephen Grey,Creativity,9.0
Vancouver,1,1,1MILLION,Stephen Grey,Stylistic Athleticism,8.0
Vancouver,1,1,1MILLION,Stephen Grey,Cleanliness,8.0
Vancouver,1,1,1MILLION,Stephen Grey,Technical Execution + Authenticity,8.0
Vancouver,1,1,1MILLION,Stephen Grey,Spacing,8.0
Vancouver,1,1,1MILLION,Stephen Grey,Projection/Communication,10.0
Vancouver,1,1,1MILLION,Stephen Grey,Stamina,9.0
Vancouver,1,1,ROYAL FAMILY,Comfort Fedoke,Choreography Complexity,8.0
Vancouver,1,1,ROYAL FAMILY,Comfort Fedoke,Staging,9.0
Vancouver,1,1,ROYAL FAMILY,Comfort Fedoke,Musicality,9.0
Vancouver,1,1,ROYAL FAMILY,Comfort Fedoke,Creativity,9.0
Vancouver,1,1,ROYAL FAMILY,Comfort Fedoke,Stylistic Athleticism,7.0
Vancouver,1,1,ROYAL FAMILY,Comfort Fedoke,Cleanliness,9.0
Vancouver,1,1,ROYAL FAMILY,Comfort Fedoke,Technical Execution + Authenticity,8.0
Vancouver,1,1,ROYAL FAMILY,Comfort Fedoke,Spacing,9.0
Vancouver,1,1,ROYAL FAMILY,Comfort Fedoke,Projection/Communication,9.0
Vancouver,1,1,ROYAL FAMILY,Comfort Fedoke,Stamina,10.0
Vancouver,1,1,1MILLION,Comfort Fedoke,Choreography Complexity,9.0
Vancouver,1,1,1MILLION,Comfort Fedoke,Staging,8.0
Vancouver,1,1,1MILLION,Comfort Fedoke,Musicality,9.0
Vancouver,1,1,1MILLION,Comfort Fedoke,Creativity,9.0
Vancouver,1,1,1MILLION,Comfort Fedoke,Stylistic Athleticism,9.0
Vancouver,1,1,1MILLION,Comfort Fedoke,Cleanliness,9.0
Vancouver,1,1,1MILLION,Comfort Fedoke,Technical Execution + Authenticity,9.0
Vancouver,1,1,1MILLION,Comfort Fedoke,Spacing,9.0
Vancouver,1,1,1MILLION,Comfort Fedoke,Projection/Communication,9.0
Vancouver,1,1,1MILLION,Comfort Fedoke,Stamina,10.0
Vancouver,1,1,ROYAL FAMILY,Carlos Irizarry,Choreography Complexity,8.0
Vancouver,1,1,ROYAL FAMILY,Carlos Irizarry,Staging,8.0
Vancouver,1,1,ROYAL FAMILY,Carlos Irizarry,Musicality,9.0
Vancouver,1,1,ROYAL FAMILY,Carlos Irizarry,Creativity,8.0
Vancouver,1,1,ROYAL FAMILY,Carlos Irizarry,Stylistic Athleticism,7.0
Vancouver,1,1,ROYAL FAMILY,Carlos Irizarry,Cleanliness,9.0
Vancouver,1,1,ROYAL FAMILY,Carlos Irizarry,Technical Execution + Authenticity,9.0
Vancouver,1,1,ROYAL FAMILY,Carlos Irizarry,Spacing,9.0
Vancouver,1,1,ROYAL FAMILY,Carlos Irizarry,Projection/Communication,8.0
Vancouver,1,1,ROYAL FAMILY,Carlos Irizarry,Stamina,9.0
Vancouver,1,1,1MILLION,Carlos Irizarry,Choreography Complexity,9.0
Vancouver,1,1,1MILLION,Carlos Irizarry,Staging,9.0
Vancouver,1,1,1MILLION,Carlos Irizarry,Musicality,9.0
Vancouver,1,1,1MILLION,Carlos Irizarry,Creativity,9.0
Vancouver,1,1,1MILLION,Carlos Irizarry,Stylistic Athleticism,9.0
Vancouver,1,1,1MILLION,Carlos Irizarry,Cleanliness,9.0
Vancouver,1,1,1MILLION,Carlos Irizarry,Technical Execution + Authenticity,9.0
Vancouver,1,1,1MILLION,Carlos Irizarry,Spacing,9.0
Vancouver,1,1,1MILLION,Carlos Irizarry,Projection/Communication,9.0
Vancouver,1,1,1MILLION,Carlos Irizarry,Stamina,9.0
Vancouver,1,1,ROYAL FAMILY,Nicolas Begin,Choreography Complexity,8.0
Vancouver,1,1,ROYAL FAMILY,Nicolas Begin,Staging,9.0
Vancouver,1,1,ROYAL FAMILY,Nicolas Begin,Musicality,8.0
Vancouver,1,1,ROYAL FAMILY,Nicolas Begin,Creativity,8.0
Vancouver,1,1,ROYAL FAMILY,Nicolas Begin,Stylistic Athleticism,8.0
Vancouver,1,1,ROYAL FAMILY,Nicolas Begin,Cleanliness,10.0
Vancouver,1,1,ROYAL FAMILY,Nicolas Begin,Technical Execution + Authenticity,10.0
Vancouver,1,1,ROYAL FAMILY,Nicolas Begin,Spacing,9.0
Vancouver,1,1,ROYAL FAMILY,Nicolas Begin,Projection/Communication,9.0
Vancouver,1,1,ROYAL FAMILY,Nicolas Begin,Stamina,9.0
Vancouver,1,1,1MILLION,Nicolas Begin,Choreography Complexity,7.0
Vancouver,1,1,1MILLION,Nicolas Begin,Staging,8.0
Vancouver,1,1,1MILLION,Nicolas Begin,Musicality,9.0
Vancouver,1,1,1MILLION,Nicolas Begin,Creativity,8.0
Vancouver,1,1,1MILLION,Nicolas Begin,Stylistic Athleticism,8.0
Vancouver,1,1,1MILLION,Nicolas Begin,Cleanliness,9.0
Vancouver,1,1,1MILLION,Nicolas Begin,Technical Execution + Authenticity,9.0
Vancouver,1,1,1MILLION,Nicolas Begin,Spacing,9.0
Vancouver,1,1,1MILLION,Nicolas Begin,Projection/Communication,9.0
Vancouver,1,1,1MILLION,Nicolas Begin,Stamina,10.0
Vancouver,1,2,QUICK STYLE,Cheyenne Kibblewhite,Choreography Complexity,8.0
Vancouver,1,2,QUICK STYLE,Cheyenne Kibblewhite,Staging,9.0
Vancouver,1,2,QUICK STYLE,Cheyenne Kibblewhite,Musicality,9.0
Vancouver,1,2,QUICK STYLE,Cheyenne Kibblewhite,Creativity,9.0
Vancouver,1,2,QUICK STYLE,Cheyenne Kibblewhite,Stylistic Athleticism,8.0
Vancouver,1,2,QUICK STYLE,Cheyenne Kibblewhite,Cleanliness,8.0
Vancouver,1,2,QUICK STYLE,Cheyenne Kibblewhite,Technical Execution + Authenticity,9.0
Vancouver,1,2,QUICK STYLE,Cheyenne Kibblewhite,Spacing,9.0
Vancouver,1,2,QUICK STYLE,Cheyenne Kibblewhite,Projection/Communication,9.0
Vancouver,1,2,QUICK STYLE,Cheyenne Kibblewhite,Stamina,9.0
Vancouver,1,2,JAM REPUBLIC,Cheyenne Kibblewhite,Choreography Complexity,9.0
Vancouver,1,2,JAM REPUBLIC,Cheyenne Kibblewhite,Staging,9.0
Vancouver,1,2,JAM REPUBLIC,Cheyenne Kibblewhite,Musicality,9.0
Vancouver,1,2,JAM REPUBLIC,Cheyenne Kibblewhite,Creativity,9.0
Vancouver,1,2,JAM REPUBLIC,Cheyenne Kibblewhite,Stylistic Athleticism,8.0
Vancouver,1,2,JAM REPUBLIC,Cheyenne Kibblewhite,Cleanliness,9.0
Vancouver,1,2,JAM REPUBLIC,Cheyenne Kibblewhite,Technical Execution + Authenticity,8.0
Vancouver,1,2,JAM REPUBLIC,Cheyenne Kibblewhite,Spacing,9.0
Vancouver,1,2,JAM REPUBLIC,Cheyenne Kibblewhite,Projection/Communication,9.0
Vancouver,1,2,JAM REPUBLIC,Cheyenne Kibblewhite,Stamina,9.0
Vancouver,1,2,QUICK STYLE,Handy Yacinthe,Choreography Complexity,8.0
Vancouver,1,2,QUICK STYLE,Handy Yacinthe,Staging,7.0
Vancouver,1,2,QUICK STYLE,Handy Yacinthe,Musicality,8.0
Vancouver,1,2,QUICK STYLE,Handy Yacinthe,Creativity,8.0
Vancouver,1,2,QUICK STYLE,Handy Yacinthe,Stylistic Athleticism,7.0
Vancouver,1,2,QUICK STYLE,Handy Yacinthe,Cleanliness,9.0
Vancouver,1,2,QUICK STYLE,Handy Yacinthe,Technical Execution + Authenticity,8.0
Vancouver,1,2,QUICK STYLE,Handy Yacinthe,Spacing,8.0
Vancouver,1,2,QUICK STYLE,Handy Yacinthe,Projection/Communication,8.0
Vancouver,1,2,QUICK STYLE,Handy Yacinthe,Stamina,10.0
Vancouver,1,2,JAM REPUBLIC,Handy Yacinthe,Choreography Complexity,8.0
Vancouver,1,2,JAM REPUBLIC,Handy Yacinthe,Staging,7.0
Vancouver,1,2,JAM REPUBLIC,Handy Yacinthe,Musicality,9.0
Vancouver,1,2,JAM REPUBLIC,Handy Yacinthe,Creativity,8.0
Vancouver,1,2,JAM REPUBLIC,Handy Yacinthe,Stylistic Athleticism,9.0
Vancouver,1,2,JAM REPUBLIC,Handy Yacinthe,Cleanliness,9.0
Vancouver,1,2,JAM REPUBLIC,Handy Yacinthe,Technical Execution + Authenticity,9.0
Vancouver,1,2,JAM REPUBLIC,Handy Yacinthe,Spacing,8.0
Vancouver,1,2,JAM REPUBLIC,Handy Yacinthe,Projection/Communication,9.0
Vancouver,1,2,JAM REPUBLIC,Handy Yacinthe,Stamina,10.0
Vancouver,1,2,QUICK STYLE,Stephen Grey,Choreography Complexity,7.0
Vancouver,1,2,QUICK STYLE,Stephen Grey,Staging,7.0
Vancouver,1,2,QUICK STYLE,Stephen Grey,Musicality,8.0
Vancouver,1,2,QUICK STYLE,Stephen Grey,Creativity,7.0
Vancouver,1,2,QUICK STYLE,Stephen Grey,Stylistic Athleticism,8.0
Vancouver,1,2,QUICK STYLE,Stephen Grey,Cleanliness,9.0
Vancouver,1,2,QUICK STYLE,Stephen Grey,Technical Execution + Authenticity,8.0
Vancouver,1,2,QUICK STYLE,Stephen Grey,Spacing,8.0
Vancouver,1,2,QUICK STYLE,Stephen Grey,Projection/Communication,10.0
Vancouver,1,2,QUICK STYLE,Stephen Grey,Stamina,10.0
Vancouver,1,2,JAM REPUBLIC,Stephen Grey,Choreography Complexity,8.0
Vancouver,1,2,JAM REPUBLIC,Stephen Grey,Staging,8.0
Vancouver,1,2,JAM REPUBLIC,Stephen Grey,Musicality,8.0
Vancouver,1,2,JAM REPUBLIC,Stephen Grey,Creativity,8.0
Vancouver,1,2,JAM REPUBLIC,Stephen Grey,Stylistic Athleticism,9.0
Vancouver,1,2,JAM REPUBLIC,Stephen Grey,Cleanliness,9.0
Vancouver,1,2,JAM REPUBLIC,Stephen Grey,Technical Execution + Authenticity,8.0
Vancouver,1,2,JAM REPUBLIC,Stephen Grey,Spacing,8.0
Vancouver,1,2,JAM REPUBLIC,Stephen Grey,Projection/Communication,10.0
Vancouver,1,2,JAM REPUBLIC,Stephen Grey,Stamina,10.0
Vancouver,1,2,QUICK STYLE,Comfort Fedoke,Choreography Complexity,9.0
Vancouver,1,2,QUICK STYLE,Comfort Fedoke,Staging,8.0
Vancouver,1,2,QUICK STYLE,Comfort Fedoke,Musicality,9.0
Vancouver,1,2,QUICK STYLE,Comfort Fedoke,Creativity,8.0
Vancouver,1,2,QUICK STYLE,Comfort Fedoke,Stylistic Athleticism,8.0
Vancouver,1,2,QUICK STYLE,Comfort Fedoke,Cleanliness,9.0
Vancouver,1,2,QUICK STYLE,Comfort Fedoke,Technical Execution + Authenticity,7.0
Vancouver,1,2,QUICK STYLE,Comfort Fedoke,Spacing,8.0
Vancouver,1,2,QUICK STYLE,Comfort Fedoke,Projection/Communication,9.0
Vancouver,1,2,QUICK STYLE,Comfort Fedoke,Stamina,10.0
Vancouver,1,2,JAM REPUBLIC,Comfort Fedoke,Choreography Complexity,9.0
Vancouver,1,2,JAM REPUBLIC,Comfort Fedoke,Staging,9.0
Vancouver,1,2,JAM REPUBLIC,Comfort Fedoke,Musicality,9.0
Vancouver,1,2,JAM REPUBLIC,Comfort Fedoke,Creativity,9.0
Vancouver,1,2,JAM REPUBLIC,Comfort Fedoke,Stylistic Athleticism,8.0
Vancouver,1,2,JAM REPUBLIC,Comfort Fedoke,Cleanliness,9.0
Vancouver,1,2,JAM REPUBLIC,Comfort Fedoke,Technical Execution + Authenticity,9.0
Vancouver,1,2,JAM REPUBLIC,Comfort Fedoke,Spacing,9.0
Vancouver,1,2,JAM REPUBLIC,Comfort Fedoke,Projection/Communication,10.0
Vancouver,1,2,JAM REPUBLIC,Comfort Fedoke,Stamina,10.0
Vancouver,1,2,QUICK STYLE,Carlos Irizarry,Choreography Complexity,8.0
Vancouver,1,2,QUICK STYLE,Carlos Irizarry,Staging,8.0
Vancouver,1,2,QUICK STYLE,Carlos Irizarry,Musicality,9.0
Vancouver,1,2,QUICK STYLE,Carlos Irizarry,Creativity,8.0
Vancouver,1,2,QUICK STYLE,Carlos Irizarry,Stylistic Athleticism,8.0
Vancouver,1,2,QUICK STYLE,Carlos Irizarry,Cleanliness,8.0
Vancouver,1,2,QUICK STYLE,Carlos Irizarry,Technical Execution + Authenticity,9.0
Vancouver,1,2,QUICK STYLE,Carlos Irizarry,Spacing,9.0
Vancouver,1,2,QUICK STYLE,Carlos Irizarry,Projection/Communication,8.0
Vancouver,1,2,QUICK STYLE,Carlos Irizarry,Stamina,8.0
Vancouver,1,2,JAM REPUBLIC,Carlos Irizarry,Choreography Complexity,9.0
Vancouver,1,2,JAM REPUBLIC,Carlos Irizarry,Staging,8.0
Vancouver,1,2,JAM REPUBLIC,Carlos Irizarry,Musicality,9.0
Vancouver,1,2,JAM REPUBLIC,Carlos Irizarry,Creativity,9.0
Vancouver,1,2,JAM REPUBLIC,Carlos Irizarry,Stylistic Athleticism,8.0
Vancouver,1,2,JAM REPUBLIC,Carlos Irizarry,Cleanliness,9.0
Vancouver,1,2,JAM REPUBLIC,Carlos Irizarry,Technical Execution + Authenticity,9.0
Vancouver,1,2,JAM REPUBLIC,Carlos Irizarry,Spacing,9.0
Vancouver,1,2,JAM REPUBLIC,Carlos Irizarry,Projection/Communication,9.0
Vancouver,1,2,JAM REPUBLIC,Carlos Irizarry,Stamina,9.0
Vancouver,1,2,QUICK STYLE,Nicolas Begin,Choreography Complexity,10.0
Vancouver,1,2,QUICK STYLE,Nicolas Begin,Staging,7.0
Vancouver,1,2,QUICK STYLE,Nicolas Begin,Musicality,9.0
Vancouver,1,2,QUICK STYLE,Nicolas Begin,Creativity,9.0
Vancouver,1,2,QUICK STYLE,Nicolas Begin,Stylistic Athleticism,8.0
Vancouver,1,2,QUICK STYLE,Nicolas Begin,Cleanliness,8.0
Vancouver,1,2,QUICK STYLE,Nicolas Begin,Technical Execution + Authenticity,9.0
Vancouver,1,2,QUICK STYLE,Nicolas Begin,Spacing,9.0
Vancouver,1,2,QUICK STYLE,Nicolas Begin,Projection/Communication,8.0
Vancouver,1,2,QUICK STYLE,Nicolas Begin,Stamina,9.0
Vancouver,1,2,JAM REPUBLIC,Nicolas Begin,Choreography Complexity,9.0
Vancouver,1,2,JAM REPUBLIC,Nicolas Begin,Staging,9.0
Vancouver,1,2,JAM REPUBLIC,Nicolas Begin,Musicality,8.0
Vancouver,1,2,JAM REPUBLIC,Nicolas Begin,Creativity,8.0
Vancouver,1,2,JAM REPUBLIC,Nicolas Begin,Stylistic Athleticism,10.0
Vancouver,1,2,JAM REPUBLIC,Nicolas Begin,Cleanliness,9.0
Vancouver,1,2,JAM REPUBLIC,Nicolas Begin,Technical Execution + Authenticity,9.0
Vancouver,1,2,JAM REPUBLIC,Nicolas Begin,Spacing,9.0
Vancouver,1,2,JAM REPUBLIC,Nicolas Begin,Projection/Communication,10.0
Vancouver,1,2,JAM REPUBLIC,Nicolas Begin,Stamina,10.0
Vancouver,1,3,GRV,Cheyenne Kibblewhite,Choreography Complexity,9.0
Vancouver,1,3,GRV,Cheyenne Kibblewhite,Staging,9.0
Vancouver,1,3,GRV,Cheyenne Kibblewhite,Musicality,9.0
Vancouver,1,3,GRV,Cheyenne Kibblewhite,Creativity,10.0
Vancouver,1,3,GRV,Cheyenne Kibblewhite,Stylistic Athleticism,10.0
Vancouver,1,3,GRV,Cheyenne Kibblewhite,Cleanliness,9.0
Vancouver,1,3,GRV,Cheyenne Kibblewhite,Technical Execution + Authenticity,9.0
Vancouver,1,3,GRV,Cheyenne Kibblewhite,Spacing,9.0
Vancouver,1,3,GRV,Cheyenne Kibblewhite,Projection/Communication,9.0
Vancouver,1,3,GRV,Cheyenne Kibblewhite,Stamina,10.0
Vancouver,1,3,BROTHERHOOD,Cheyenne Kibblewhite,Choreography Complexity,8.0
Vancouver,1,3,BROTHERHOOD,Cheyenne Kibblewhite,Staging,9.0
Vancouver,1,3,BROTHERHOOD,Cheyenne Kibblewhite,Musicality,10.0
Vancouver,1,3,BROTHERHOOD,Cheyenne Kibblewhite,Creativity,9.0
Vancouver,1,3,BROTHERHOOD,Cheyenne Kibblewhite,Stylistic Athleticism,10.0
Vancouver,1,3,BROTHERHOOD,Cheyenne Kibblewhite,Cleanliness,10.0
Vancouver,1,3,BROTHERHOOD,Cheyenne Kibblewhite,Technical Execution + Authenticity,9.0
Vancouver,1,3,BROTHERHOOD,Cheyenne Kibblewhite,Spacing,9.0
Vancouver,1,3,BROTHERHOOD,Cheyenne Kibblewhite,Projection/Communication,10.0
Vancouver,1,3,BROTHERHOOD,Cheyenne Kibblewhite,Stamina,10.0
Vancouver,1,3,GRV,Handy Yacinthe,Choreography Complexity,8.0
Vancouver,1,3,GRV,Handy Yacinthe,Staging,9.0
Vancouver,1,3,GRV,Handy Yacinthe,Musicality,8.0
Vancouver,1,3,GRV,Handy Yacinthe,Creativity,10.0
Vancouver,1,3,GRV,Handy Yacinthe,Stylistic Athleticism,8.0
Vancouver,1,3,GRV,Handy Yacinthe,Cleanliness,9.0
Vancouver,1,3,GRV,Handy Yacinthe,Technical Execution + Authenticity,9.0
Vancouver,1,3,GRV,Handy Yacinthe,Spacing,8.0
Vancouver,1,3,GRV,Handy Yacinthe,Projection/Communication,10.0
Vancouver,1,3,GRV,Handy Yacinthe,Stamina,10.0
Vancouver,1,3,BROTHERHOOD,Handy Yacinthe,Choreography Complexity,9.0
Vancouver,1,3,BROTHERHOOD,Handy Yacinthe,Staging,7.0
Vancouver,1,3,BROTHERHOOD,Handy Yacinthe,Musicality,9.0
Vancouver,1,3,BROTHERHOOD,Handy Yacinthe,Creativity,9.0
Vancouver,1,3,BROTHERHOOD,Handy Yacinthe,Stylistic Athleticism,8.0
Vancouver,1,3,BROTHERHOOD,Handy Yacinthe,Cleanliness,10.0
Vancouver,1,3,BROTHERHOOD,Handy Yacinthe,Technical Execution + Authenticity,10.0
Vancouver,1,3,BROTHERHOOD,Handy Yacinthe,Spacing,9.0
Vancouver,1,3,BROTHERHOOD,Handy Yacinthe,Projection/Communication,10.0
Vancouver,1,3,BROTHERHOOD,Handy Yacinthe,Stamina,10.0
Vancouver,1,3,GRV,Stephen Grey,Choreography Complexity,8.0
Vancouver,1,3,GRV,Stephen Grey,Staging,9.0
Vancouver,1,3,GRV,Stephen Grey,Musicality,8.0
Vancouver,1,3,GRV,Stephen Grey,Creativity,10.0
Vancouver,1,3,GRV,Stephen Grey,Stylistic Athleticism,9.0
Vancouver,1,3,GRV,Stephen Grey,Cleanliness,8.0
Vancouver,1,3,GRV,Stephen Grey,Technical Execution + Authenticity,9.0
Vancouver,1,3,GRV,Stephen Grey,Spacing,7.0
Vancouver,1,3,GRV,Stephen Grey,Projection/Communication,10.0
Vancouver,1,3,GRV,Stephen Grey,Stamina,10.0
Vancouver,1,3,BROTHERHOOD,Stephen Grey,Choreography Complexity,9.0
Vancouver,1,3,BROTHERHOOD,Stephen Grey,Staging,7.0
Vancouver,1,3,BROTHERHOOD,Stephen Grey,Musicality,9.0
Vancouver,1,3,BROTHERHOOD,Stephen Grey,Creativity,10.0
Vancouver,1,3,BROTHERHOOD,Stephen Grey,Stylistic Athleticism,9.0
Vancouver,1,3,BROTHERHOOD,Stephen Grey,Cleanliness,9.0
Vancouver,1,3,BROTHERHOOD,Stephen Grey,Technical Execution + Authenticity,9.0
Vancouver,1,3,BROTHERHOOD,Stephen Grey,Spacing,8.0
Vancouver,1,3,BROTHERHOOD,Stephen Grey,Projection/Communication,10.0
Vancouver,1,3,BROTHERHOOD,Stephen Grey,Stamina,10.0
Vancouver,1,3,GRV,Comfort Fedoke,Choreography Complexity,8.0
Vancouver,1,3,GRV,Comfort Fedoke,Staging,9.0
Vancouver,1,3,GRV,Comfort Fedoke,Musicality,9.0
Vancouver,1,3,GRV,Comfort Fedoke,Creativity,9.0
Vancouver,1,3,GRV,Comfort Fedoke,Stylistic Athleticism,9.0
Vancouver,1,3,GRV,Comfort Fedoke,Cleanliness,9.0
Vancouver,1,3,GRV,Comfort Fedoke,Technical Execution + Authenticity,8.0
Vancouver,1,3,GRV,Comfort Fedoke,Spacing,9.0
Vancouver,1,3,GRV,Comfort Fedoke,Projection/Communication,9.0
Vancouver,1,3,GRV,Comfort Fedoke,Stamina,10.0
Vancouver,1,3,BROTHERHOOD,Comfort Fedoke,Choreography Complexity,9.0
Vancouver,1,3,BROTHERHOOD,Comfort Fedoke,Staging,10.0
Vancouver,1,3,BROTHERHOOD,Comfort Fedoke,Musicality,10.0
Vancouver,1,3,BROTHERHOOD,Comfort Fedoke,Creativity,9.0
Vancouver,1,3,BROTHERHOOD,Comfort Fedoke,Stylistic Athleticism,9.0
Vancouver,1,3,BROTHERHOOD,Comfort Fedoke,Cleanliness,9.0
Vancouver,1,3,BROTHERHOOD,Comfort Fedoke,Technical Execution + Authenticity,10.0
Vancouver,1,3,BROTHERHOOD,Comfort Fedoke,Spacing,9.0
Vancouver,1,3,BROTHERHOOD,Comfort Fedoke,Projection/Communication,10.0
Vancouver,1,3,BROTHERHOOD,Comfort Fedoke,Stamina,10.0
Vancouver,1,3,GRV,Carlos Irizarry,Choreography Complexity,10.0
Vancouver,1,3,GRV,Carlos Irizarry,Staging,10.0
Vancouver,1,3,GRV,Carlos Irizarry,Musicality,9.0
Vancouver,1,3,GRV,Carlos Irizarry,Creativity,9.0
Vancouver,1,3,GRV,Carlos Irizarry,Stylistic Athleticism,9.0
Vancouver,1,3,GRV,Carlos Irizarry,Cleanliness,9.0
Vancouver,1,3,GRV,Carlos Irizarry,Technical Execution + Authenticity,9.0
Vancouver,1,3,GRV,Carlos Irizarry,Spacing,10.0
Vancouver,1,3,GRV,Carlos Irizarry,Projection/Communication,9.0
Vancouver,1,3,GRV,Carlos Irizarry,Stamina,10.0
Vancouver,1,3,BROTHERHOOD,Carlos Irizarry,Choreography Complexity,9.0
Vancouver,1,3,BROTHERHOOD,Carlos Irizarry,Staging,9.0
Vancouver,1,3,BROTHERHOOD,Carlos Irizarry,Musicality,10.0
Vancouver,1,3,BROTHERHOOD,Carlos Irizarry,Creativity,10.0
Vancouver,1,3,BROTHERHOOD,Carlos Irizarry,Stylistic Athleticism,8.0
Vancouver,1,3,BROTHERHOOD,Carlos Irizarry,Cleanliness,10.0
Vancouver,1,3,BROTHERHOOD,Carlos Irizarry,Technical Execution + Authenticity,9.0
Vancouver,1,3,BROTHERHOOD,Carlos Irizarry,Spacing,10.0
Vancouver,1,3,BROTHERHOOD,Carlos Irizarry,Projection/Communication,10.0
Vancouver,1,3,BROTHERHOOD,Carlos Irizarry,Stamina,10.0
Vancouver,1,3,GRV,Nicolas Begin,Choreography Complexity,8.0
Vancouver,1,3,GRV,Nicolas Begin,Staging,8.0
Vancouver,1,3,GRV,Nicolas Begin,Musicality,8.0
Vancouver,1,3,GRV,Nicolas Begin,Creativity,10.0
Vancouver,1,3,GRV,Nicolas Begin,Stylistic Athleticism,9.0
Vancouver,1,3,GRV,Nicolas Begin,Cleanliness,8.0
Vancouver,1,3,GRV,Nicolas Begin,Technical Execution + Authenticity,9.0
Vancouver,1,3,GRV,Nicolas Begin,Spacing,9.0
Vancouver,1,3,GRV,Nicolas Begin,Projection/Communication,10.0
Vancouver,1,3,GRV,Nicolas Begin,Stamina,9.0
Vancouver,1,3,BROTHERHOOD,Nicolas Begin,Choreography Complexity,9.0
Vancouver,1,3,BROTHERHOOD,Nicolas Begin,Staging,10.0
Vancouver,1,3,BROTHERHOOD,Nicolas Begin,Musicality,8.0
Vancouver,1,3,BROTHERHOOD,Nicolas Begin,Creativity,9.0
Vancouver,1,3,BROTHERHOOD,Nicolas Begin,Stylistic Athleticism,10.0
Vancouver,1,3,BROTHERHOOD,Nicolas Begin,Cleanliness,10.0
Vancouver,1,3,BROTHERHOOD,Nicolas Begin,Technical Execution + Authenticity,10.0
Vancouver,1,3,BROTHERHOOD,Nicolas Begin,Spacing,8.0
Vancouver,1,3,BROTHERHOOD,Nicolas Begin,Projection/Communication,10.0
Vancouver,1,3,BROTHERHOOD,Nicolas Begin,Stamina,10.0
Vancouver,2,1,BROTHERHOOD,Cheyenne Kibblewhite,Choreography Complexity,9.0
Vancouver,2,1,BROTHERHOOD,Cheyenne Kibblewhite,Staging,9.0
Vancouver,2,1,BROTHERHOOD,Cheyenne Kibblewhite,Musicality,9.0
Vancouver,2,1,BROTHERHOOD,Cheyenne Kibblewhite,Creativity,10.0
Vancouver,2,1,BROTHERHOOD,Cheyenne Kibblewhite,Stylistic Athleticism,10.0
Vancouver,2,1,BROTHERHOOD,Cheyenne Kibblewhite,Cleanliness,9.0
Vancouver,2,1,BROTHERHOOD,Cheyenne Kibblewhite,Technical Execution + Authenticity,10.0
Vancouver,2,1,BROTHERHOOD,Cheyenne Kibblewhite,Spacing,9.0
Vancouver,2,1,BROTHERHOOD,Cheyenne Kibblewhite,Projection/Communication,9.0
Vancouver,2,1,BROTHERHOOD,Cheyenne Kibblewhite,Stamina,9.0
Vancouver,2,1,JAM REPUBLIC,Cheyenne Kibblewhite,Choreography Complexity,8.0
Vancouver,2,1,JAM REPUBLIC,Cheyenne Kibblewhite,Staging,8.0
Vancouver,2,1,JAM REPUBLIC,Cheyenne Kibblewhite,Musicality,8.0
Vancouver,2,1,JAM REPUBLIC,Cheyenne Kibblewhite,Creativity,8.0
Vancouver,2,1,JAM REPUBLIC,Cheyenne Kibblewhite,Stylistic Athleticism,8.0
Vancouver,2,1,JAM REPUBLIC,Cheyenne Kibblewhite,Cleanliness,8.0
Vancouver,2,1,JAM REPUBLIC,Cheyenne Kibblewhite,Technical Execution + Authenticity,8.0
Vancouver,2,1,JAM REPUBLIC,Cheyenne Kibblewhite,Spacing,8.0
Vancouver,2,1,JAM REPUBLIC,Cheyenne Kibblewhite,Projection/Communication,8.0
Vancouver,2,1,JAM REPUBLIC,Cheyenne Kibblewhite,Stamina,9.0
Vancouver,2,1,1MILLION,Cheyenne Kibblewhite,Choreography Complexity,8.0
Vancouver,2,1,1MILLION,Cheyenne Kibblewhite,Staging,9.0
Vancouver,2,1,1MILLION,Cheyenne Kibblewhite,Musicality,9.0
Vancouver,2,1,1MILLION,Cheyenne Kibblewhite,Creativity,8.0
Vancouver,2,1,1MILLION,Cheyenne Kibblewhite,Stylistic Athleticism,8.0
Vancouver,2,1,1MILLION,Cheyenne Kibblewhite,Cleanliness,8.0
Vancouver,2,1,1MILLION,Cheyenne Kibblewhite,Technical Execution + Authenticity,9.0
Vancouver,2,1,1MILLION,Cheyenne Kibblewhite,Spacing,9.0
Vancouver,2,1,1MILLION,Cheyenne Kibblewhite,Projection/Communication,9.0
Vancouver,2,1,1MILLION,Cheyenne Kibblewhite,Stamina,9.0
Vancouver,2,1,BROTHERHOOD,Handy Yacinthe,Choreography Complexity,9.0
Vancouver,2,1,BROTHERHOOD,Handy Yacinthe,Staging,9.0
Vancouver,2,1,BROTHERHOOD,Handy Yacinthe,Musicality,10.0
Vancouver,2,1,BROTHERHOOD,Handy Yacinthe,Creativity,9.0
Vancouver,2,1,BROTHERHOOD,Handy Yacinthe,Stylistic Athleticism,9.0
Vancouver,2,1,BROTHERHOOD,Handy Yacinthe,Cleanliness,10.0
Vancouver,2,1,BROTHERHOOD,Handy Yacinthe,Technical Execution + Authenticity,10.0
Vancouver,2,1,BROTHERHOOD,Handy Yacinthe,Spacing,9.0
Vancouver,2,1,BROTHERHOOD,Handy Yacinthe,Projection/Communication,10.0
Vancouver,2,1,BROTHERHOOD,Handy Yacinthe,Stamina,10.0
Vancouver,2,1,JAM REPUBLIC,Handy Yacinthe,Choreography Complexity,8.0
Vancouver,2,1,JAM REPUBLIC,Handy Yacinthe,Staging,8.0
Vancouver,2,1,JAM REPUBLIC,Handy Yacinthe,Musicality,10.0
Vancouver,2,1,JAM REPUBLIC,Handy Yacinthe,Creativity,8.0
Vancouver,2,1,JAM REPUBLIC,Handy Yacinthe,Stylistic Athleticism,9.0
Vancouver,2,1,JAM REPUBLIC,Handy Yacinthe,Cleanliness,10.0
Vancouver,2,1,JAM REPUBLIC,Handy Yacinthe,Technical Execution + Authenticity,9.0
Vancouver,2,1,JAM REPUBLIC,Handy Yacinthe,Spacing,9.0
Vancouver,2,1,JAM REPUBLIC,Handy Yacinthe,Projection/Communication,9.0
Vancouver,2,1,JAM REPUBLIC,Handy Yacinthe,Stamina,10.0
Vancouver,2,1,1MILLION,Handy Yacinthe,Choreography Complexity,8.0
Vancouver,2,1,1MILLION,Handy Yacinthe,Staging,8.0
Vancouver,2,1,1MILLION,Handy Yacinthe,Musicality,8.0
Vancouver,2,1,1MILLION,Handy Yacinthe,Creativity,8.0
Vancouver,2,1,1MILLION,Handy Yacinthe,Stylistic Athleticism,8.0
Vancouver,2,1,1MILLION,Handy Yacinthe,Cleanliness,9.0
Vancouver,2,1,1MILLION,Handy Yacinthe,Technical Execution + Authenticity,9.0
Vancouver,2,1,1MILLION,Handy Yacinthe,Spacing,8.0
Vancouver,2,1,1MILLION,Handy Yacinthe,Projection/Communication,9.0
Vancouver,2,1,1MILLION,Handy Yacinthe,Stamina,10.0
Vancouver,2,1,BROTHERHOOD,Stephen Grey,Choreography Complexity,9.0
Vancouver,2,1,BROTHERHOOD,Stephen Grey,Staging,8.0
Vancouver,2,1,BROTHERHOOD,Stephen Grey,Musicality,9.0
Vancouver,2,1,BROTHERHOOD,Stephen Grey,Creativity,9.0
Vancouver,2,1,BROTHERHOOD,Stephen Grey,Stylistic Athleticism,8.0
Vancouver,2,1,BROTHERHOOD,Stephen Grey,Cleanliness,9.0
Vancouver,2,1,BROTHERHOOD,Stephen Grey,Technical Execution + Authenticity,8.0
Vancouver,2,1,BROTHERHOOD,Stephen Grey,Spacing,7.0
Vancouver,2,1,BROTHERHOOD,Stephen Grey,Projection/Communication,10.0
Vancouver,2,1,BROTHERHOOD,Stephen Grey,Stamina,10.0
Vancouver,2,1,JAM REPUBLIC,Stephen Grey,Choreography Complexity,5.0
Vancouver,2,1,JAM REPUBLIC,Stephen Grey,Staging,8.0
Vancouver,2,1,JAM REPUBLIC,Stephen Grey,Musicality,8.0
Vancouver,2,1,JAM REPUBLIC,Stephen Grey,Creativity,7.0
Vancouver,2,1,JAM REPUBLIC,Stephen Grey,Stylistic Athleticism,7.0
Vancouver,2,1,JAM REPUBLIC,Stephen Grey,Cleanliness,8.0
Vancouver,2,1,JAM REPUBLIC,Stephen Grey,Technical Execution + Authenticity,8.0
Vancouver,2,1,JAM REPUBLIC,Stephen Grey,Spacing,8.0
Vancouver,2,1,JAM REPUBLIC,Stephen Grey,Projection/Communication,10.0
Vancouver,2,1,JAM REPUBLIC,Stephen Grey,Stamina,9.0
Vancouver,2,1,1MILLION,Stephen Grey,Choreography Complexity,8.0
Vancouver,2,1,1MILLION,Stephen Grey,Staging,8.0
Vancouver,2,1,1MILLION,Stephen Grey,Musicality,8.0
Vancouver,2,1,1MILLION,Stephen Grey,Creativity,7.0
Vancouver,2,1,1MILLION,Stephen Grey,Stylistic Athleticism,8.0
Vancouver,2,1,1MILLION,Stephen Grey,Cleanliness,7.0
Vancouver,2,1,1MILLION,Stephen Grey,Technical Execution + Authenticity,8.0
Vancouver,2,1,1MILLION,Stephen Grey,Spacing,8.0
Vancouver,2,1,1MILLION,Stephen Grey,Projection/Communication,10.0
Vancouver,2,1,1MILLION,Stephen Grey,Stamina,9.0
Vancouver,2,1,BROTHERHOOD,Comfort Fedoke,Choreography Complexity,10.0
Vancouver,2,1,BROTHERHOOD,Comfort Fedoke,Staging,9.0
Vancouver,2,1,BROTHERHOOD,Comfort Fedoke,Musicality,10.0
Vancouver,2,1,BROTHERHOOD,Comfort Fedoke,Creativity,9.0
Vancouver,2,1,BROTHERHOOD,Comfort Fedoke,Stylistic Athleticism,9.0
Vancouver,2,1,BROTHERHOOD,Comfort Fedoke,Cleanliness,9.0
Vancouver,2,1,BROTHERHOOD,Comfort Fedoke,Technical Execution + Authenticity,10.0
Vancouver,2,1,BROTHERHOOD,Comfort Fedoke,Spacing,8.0
Vancouver,2,1,BROTHERHOOD,Comfort Fedoke,Projection/Communication,10.0
Vancouver,2,1,BROTHERHOOD,Comfort Fedoke,Stamina,10.0
Vancouver,2,1,JAM REPUBLIC,Comfort Fedoke,Choreography Complexity,8.0
Vancouver,2,1,JAM REPUBLIC,Comfort Fedoke,Staging,9.0
Vancouver,2,1,JAM REPUBLIC,Comfort Fedoke,Musicality,9.0
Vancouver,2,1,JAM REPUBLIC,Comfort Fedoke,Creativity,9.0
Vancouver,2,1,JAM REPUBLIC,Comfort Fedoke,Stylistic Athleticism,8.0
Vancouver,2,1,JAM REPUBLIC,Comfort Fedoke,Cleanliness,9.0
Vancouver,2,1,JAM REPUBLIC,Comfort Fedoke,Technical Execution + Authenticity,9.0
Vancouver,2,1,JAM REPUBLIC,Comfort Fedoke,Spacing,9.0
Vancouver,2,1,JAM REPUBLIC,Comfort Fedoke,Projection/Communication,10.0
Vancouver,2,1,JAM REPUBLIC,Comfort Fedoke,Stamina,9.0
Vancouver,2,1,1MILLION,Comfort Fedoke,Choreography Complexity,8.0
Vancouver,2,1,1MILLION,Comfort Fedoke,Staging,8.0
Vancouver,2,1,1MILLION,Comfort Fedoke,Musicality,9.0
Vancouver,2,1,1MILLION,Comfort Fedoke,Creativity,9.0
Vancouver,2,1,1MILLION,Comfort Fedoke,Stylistic Athleticism,8.0
Vancouver,2,1,1MILLION,Comfort Fedoke,Cleanliness,9.0
Vancouver,2,1,1MILLION,Comfort Fedoke,Technical Execution + Authenticity,9.0
Vancouver,2,1,1MILLION,Comfort Fedoke,Spacing,8.0
Vancouver,2,1,1MILLION,Comfort Fedoke,Projection/Communication,9.0
Vancouver,2,1,1MILLION,Comfort Fedoke,Stamina,10.0
Vancouver,2,1,BROTHERHOOD,Carlos Irizarry,Choreography Complexity,10.0
Vancouver,2,1,BROTHERHOOD,Carlos Irizarry,Staging,9.0
Vancouver,2,1,BROTHERHOOD,Carlos Irizarry,Musicality,10.0
Vancouver,2,1,BROTHERHOOD,Carlos Irizarry,Creativity,10.0
Vancouver,2,1,BROTHERHOOD,Carlos Irizarry,Stylistic Athleticism,10.0
Vancouver,2,1,BROTHERHOOD,Carlos Irizarry,Cleanliness,10.0
Vancouver,2,1,BROTHERHOOD,Carlos Irizarry,Technical Execution + Authenticity,9.0
Vancouver,2,1,BROTHERHOOD,Carlos Irizarry,Spacing,9.0
Vancouver,2,1,BROTHERHOOD,Carlos Irizarry,Projection/Communication,9.0
Vancouver,2,1,BROTHERHOOD,Carlos Irizarry,Stamina,10.0
Vancouver,2,1,JAM REPUBLIC,Carlos Irizarry,Choreography Complexity,8.0
Vancouver,2,1,JAM REPUBLIC,Carlos Irizarry,Staging,9.0
Vancouver,2,1,JAM REPUBLIC,Carlos Irizarry,Musicality,10.0
Vancouver,2,1,JAM REPUBLIC,Carlos Irizarry,Creativity,9.0
Vancouver,2,1,JAM REPUBLIC,Carlos Irizarry,Stylistic Athleticism,7.0
Vancouver,2,1,JAM REPUBLIC,Carlos Irizarry,Cleanliness,9.0
Vancouver,2,1,JAM REPUBLIC,Carlos Irizarry,Technical Execution + Authenticity,9.0
Vancouver,2,1,JAM REPUBLIC,Carlos Irizarry,Spacing,8.0
Vancouver,2,1,JAM REPUBLIC,Carlos Irizarry,Projection/Communication,9.0
Vancouver,2,1,JAM REPUBLIC,Carlos Irizarry,Stamina,10.0
Vancouver,2,1,1MILLION,Carlos Irizarry,Choreography Complexity,8.0
Vancouver,2,1,1MILLION,Carlos Irizarry,Staging,9.0
Vancouver,2,1,1MILLION,Carlos Irizarry,Musicality,9.0
Vancouver,2,1,1MILLION,Carlos Irizarry,Creativity,9.0
Vancouver,2,1,1MILLION,Carlos Irizarry,Stylistic Athleticism,7.0
Vancouver,2,1,1MILLION,Carlos Irizarry,Cleanliness,9.0
Vancouver,2,1,1MILLION,Carlos Irizarry,Technical Execution + Authenticity,9.0
Vancouver,2,1,1MILLION,Carlos Irizarry,Spacing,9.0
Vancouver,2,1,1MILLION,Carlos Irizarry,Projection/Communication,8.0
Vancouver,2,1,1MILLION,Carlos Irizarry,Stamina,9.0
Vancouver,2,1,BROTHERHOOD,Nicolas Begin,Choreography Complexity,9.0
Vancouver,2,1,BROTHERHOOD,Nicolas Begin,Staging,9.0
Vancouver,2,1,BROTHERHOOD,Nicolas Begin,Musicality,9.0
Vancouver,2,1,BROTHERHOOD,Nicolas Begin,Creativity,10.0
Vancouver,2,1,BROTHERHOOD,Nicolas Begin,Stylistic Athleticism,8.0
Vancouver,2,1,BROTHERHOOD,Nicolas Begin,Cleanliness,10.0
Vancouver,2,1,BROTHERHOOD,Nicolas Begin,Technical Execution + Authenticity,9.0
Vancouver,2,1,BROTHERHOOD,Nicolas Begin,Spacing,9.0
Vancouver,2,1,BROTHERHOOD,Nicolas Begin,Projection/Communication,10.0
Vancouver,2,1,BROTHERHOOD,Nicolas Begin,Stamina,10.0
Vancouver,2,1,JAM REPUBLIC,Nicolas Begin,Choreography Complexity,9.0
Vancouver,2,1,JAM REPUBLIC,Nicolas Begin,Staging,8.0
Vancouver,2,1,JAM REPUBLIC,Nicolas Begin,Musicality,10.0
Vancouver,2,1,JAM REPUBLIC,Nicolas Begin,Creativity,10.0
Vancouver,2,1,JAM REPUBLIC,Nicolas Begin,Stylistic Athleticism,8.0
Vancouver,2,1,JAM REPUBLIC,Nicolas Begin,Cleanliness,9.0
Vancouver,2,1,JAM REPUBLIC,Nicolas Begin,Technical Execution + Authenticity,9.0
Vancouver,2,1,JAM REPUBLIC,Nicolas Begin,Spacing,9.0
Vancouver,2,1,JAM REPUBLIC,Nicolas Begin,Projection/Communication,9.0
Vancouver,2,1,JAM REPUBLIC,Nicolas Begin,Stamina,10.0
Vancouver,2,1,1MILLION,Nicolas Begin,Choreography Complexity,8.0
Vancouver,2,1,1MILLION,Nicolas Begin,Staging,9.0
Vancouver,2,1,1MILLION,Nicolas Begin,Musicality,8.0
Vancouver,2,1,1MILLION,Nicolas Begin,Creativity,9.0
Vancouver,2,1,1MILLION,Nicolas Begin,Stylistic Athleticism,9.0
Vancouver,2,1,1MILLION,Nicolas Begin,Cleanliness,9.0
Vancouver,2,1,1MILLION,Nicolas Begin,Technical Execution + Authenticity,8.0
Vancouver,2,1,1MILLION,Nicolas Begin,Spacing,9.0
Vancouver,2,1,1MILLION,Nicolas Begin,Projection/Communication,9.0
Vancouver,2,1,1MILLION,Nicolas Begin,Stamina,10.0
Sydney,1,1,JAM REPUBLIC,Stephen Grey,Choreography Complexity,6.0
Sydney,1,1,JAM REPUBLIC,Stephen Grey,Staging,8.0
Sydney,1,1,JAM REPUBLIC,Stephen Grey,Musicality,7.0
Sydney,1,1,JAM REPUBLIC,Stephen Grey,Creativity,8.0
Sydney,1,1,JAM REPUBLIC,Stephen Grey,Stylistic Athleticism,7.0
Sydney,1,1,JAM REPUBLIC,Stephen Grey,Cleanliness,8.0
Sydney,1,1,JAM REPUBLIC,Stephen Grey,Technical Execution + Authenticity,7.0
Sydney,1,1,JAM REPUBLIC,Stephen Grey,Spacing,8.0
Sydney,1,1,JAM REPUBLIC,Stephen Grey,Projection/Communication,9.0
Sydney,1,1,JAM REPUBLIC,Stephen Grey,Stamina,9.0
Sydney,1,1,GRV,Stephen Grey,Choreography Complexity,9.0
Sydney,1,1,GRV,Stephen Grey,Staging,9.0
Sydney,1,1,GRV,Stephen Grey,Musicality,8.0
Sydney,1,1,GRV,Stephen Grey,Creativity,9.0
Sydney,1,1,GRV,Stephen Grey,Stylistic Athleticism,9.0
Sydney,1,1,GRV,Stephen Grey,Cleanliness,8.0
Sydney,1,1,GRV,Stephen Grey,Technical Execution + Authenticity,9.0
Sydney,1,1,GRV,Stephen Grey,Spacing,9.0
Sydney,1,1,GRV,Stephen Grey,Projection/Communication,10.0
Sydney,1,1,GRV,Stephen Grey,Stamina,10.0
Sydney,1,1,JAM REPUBLIC,Mel Charlot,Choreography Complexity,7.0
Sydney,1,1,JAM REPUBLIC,Mel Charlot,Staging,8.0
Sydney,1,1,JAM REPUBLIC,Mel Charlot,Musicality,9.0
Sydney,1,1,JAM REPUBLIC,Mel Charlot,Creativity,8.0
Sydney,1,1,JAM REPUBLIC,Mel Charlot,Stylistic Athleticism,7.0
Sydney,1,1,JAM REPUBLIC,Mel Charlot,Cleanliness,8.0
Sydney,1,1,JAM REPUBLIC,Mel Charlot,Technical Execution + Authenticity,8.0
Sydney,1,1,JAM REPUBLIC,Mel Charlot,Spacing,8.0
Sydney,1,1,JAM REPUBLIC,Mel Charlot,Projection/Communication,8.0
Sydney,1,1,JAM REPUBLIC,Mel Charlot,Stamina,10.0
Sydney,1,1,GRV,Mel Charlot,Choreography Complexity,9.0
Sydney,1,1,GRV,Mel Charlot,Staging,9.0
Sydney,1,1,GRV,Mel Charlot,Musicality,9.0
Sydney,1,1,GRV,Mel Charlot,Creativity,8.0
Sydney,1,1,GRV,Mel Charlot,Stylistic Athleticism,8.0
Sydney,1,1,GRV,Mel Charlot,Cleanliness,9.0
Sydney,1,1,GRV,Mel Charlot,Technical Execution + Authenticity,9.0
Sydney,1,1,GRV,Mel Charlot,Spacing,9.0
Sydney,1,1,GRV,Mel Charlot,Projection/Communication,9.0
Sydney,1,1,GRV,Mel Charlot,Stamina,10.0
Sydney,1,1,JAM REPUBLIC,Comfort Fedoke,Choreography Complexity,7.0
Sydney,1,1,JAM REPUBLIC,Comfort Fedoke,Staging,8.0
Sydney,1,1,JAM REPUBLIC,Comfort Fedoke,Musicality,8.0
Sydney,1,1,JAM REPUBLIC,Comfort Fedoke,Creativity,8.0
Sydney,1,1,JAM REPUBLIC,Comfort Fedoke,Stylistic Athleticism,8.0
Sydney,1,1,JAM REPUBLIC,Comfort Fedoke,Cleanliness,9.0
Sydney,1,1,JAM REPUBLIC,Comfort Fedoke,Technical Execution + Authenticity,7.0
Sydney,1,1,JAM REPUBLIC,Comfort Fedoke,Spacing,9.0
Sydney,1,1,JAM REPUBLIC,Comfort Fedoke,Projection/Communication,8.0
Sydney,1,1,JAM REPUBLIC,Comfort Fedoke,Stamina,9.0
Sydney,1,1,GRV,Comfort Fedoke,Choreography Complexity,9.0
Sydney,1,1,GRV,Comfort Fedoke,Staging,8.0
Sydney,1,1,GRV,Comfort Fedoke,Musicality,9.0
Sydney,1,1,GRV,Comfort Fedoke,Creativity,8.0
Sydney,1,1,GRV,Comfort Fedoke,Stylistic Athleticism,9.0
Sydney,1,1,GRV,Comfort Fedoke,Cleanliness,9.0
Sydney,1,1,GRV,Comfort Fedoke,Technical Execution + Authenticity,9.0
Sydney,1,1,GRV,Comfort Fedoke,Spacing,9.0
Sydney,1,1,GRV,Comfort Fedoke,Projection/Communication,9.0
Sydney,1,1,GRV,Comfort Fedoke,Stamina,10.0
Sydney,1,1,JAM REPUBLIC,Shaun Evaristo,Choreography Complexity,8.0
Sydney,1,1,JAM REPUBLIC,Shaun Evaristo,Staging,7.0
Sydney,1,1,JAM REPUBLIC,Shaun Evaristo,Musicality,9.0
Sydney,1,1,JAM REPUBLIC,Shaun Evaristo,Creativity,8.0
Sydney,1,1,JAM REPUBLIC,Shaun Evaristo,Stylistic Athleticism,9.0
Sydney,1,1,JAM REPUBLIC,Shaun Evaristo,Cleanliness,8.0
Sydney,1,1,JAM REPUBLIC,Shaun Evaristo,Technical Execution + Authenticity,8.0
Sydney,1,1,JAM REPUBLIC,Shaun Evaristo,Spacing,8.0
Sydney,1,1,JAM REPUBLIC,Shaun Evaristo,Projection/Communication,8.0
Sydney,1,1,JAM REPUBLIC,Shaun Evaristo,Stamina,9.0
Sydney,1,1,GRV,Shaun Evaristo,Choreography Complexity,9.0
Sydney,1,1,GRV,Shaun Evaristo,Staging,8.0
Sydney,1,1,GRV,Shaun Evaristo,Musicality,8.0
Sydney,1,1,GRV,Shaun Evaristo,Creativity,8.0
Sydney,1,1,GRV,Shaun Evaristo,Stylistic Athleticism,9.0
Sydney,1,1,GRV,Shaun Evaristo,Cleanliness,8.0
Sydney,1,1,GRV,Shaun Evaristo,Technical Execution + Authenticity,9.0
Sydney,1,1,GRV,Shaun Evaristo,Spacing,7.0
Sydney,1,1,GRV,Shaun Evaristo,Projection/Communication,9.0
Sydney,1,1,GRV,Shaun Evaristo,Stamina,10.0
Sydney,1,1,JAM REPUBLIC,Chonique Sneed,Choreography Complexity,8.0
Sydney,1,1,JAM REPUBLIC,Chonique Sneed,Staging,9.0
Sydney,1,1,JAM REPUBLIC,Chonique Sneed,Musicality,9.0
Sydney,1,1,JAM REPUBLIC,Chonique Sneed,Creativity,8.0
Sydney,1,1,JAM REPUBLIC,Chonique Sneed,Stylistic Athleticism,8.0
Sydney,1,1,JAM REPUBLIC,Chonique Sneed,Cleanliness,7.0
Sydney,1,1,JAM REPUBLIC,Chonique Sneed,Technical Execution + Authenticity,8.0
Sydney,1,1,JAM REPUBLIC,Chonique Sneed,Spacing,9.0
Sydney,1,1,JAM REPUBLIC,Chonique Sneed,Projection/Communication,9.0
Sydney,1,1,JAM REPUBLIC,Chonique Sneed,Stamina,9.0
Sydney,1,1,GRV,Chonique Sneed,Choreography Complexity,9.0
Sydney,1,1,GRV,Chonique Sneed,Staging,9.0
Sydney,1,1,GRV,Chonique Sneed,Musicality,8.0
Sydney,1,1,GRV,Chonique Sneed,Creativity,9.0
Sydney,1,1,GRV,Chonique Sneed,Stylistic Athleticism,9.0
Sydney,1,1,GRV,Chonique Sneed,Cleanliness,9.0
Sydney,1,1,GRV,Chonique Sneed,Technical Execution + Authenticity,9.0
Sydney,1,1,GRV,Chonique Sneed,Spacing,8.0
Sydney,1,1,GRV,Chonique Sneed,Projection/Communication,9.0
Sydney,1,1,GRV,Chonique Sneed,Stamina,10.0
Sydney,1,1,JAM REPUBLIC,Arnel Calvario,Choreography Complexity,7.0
Sydney,1,1,JAM REPUBLIC,Arnel Calvario,Staging,8.0
Sydney,1,1,JAM REPUBLIC,Arnel Calvario,Musicality,8.0
Sydney,1,1,JAM REPUBLIC,Arnel Calvario,Creativity,8.0
Sydney,1,1,JAM REPUBLIC,Arnel Calvario,Stylistic Athleticism,8.0
Sydney,1,1,JAM REPUBLIC,Arnel Calvario,Cleanliness,8.0
Sydney,1,1,JAM REPUBLIC,Arnel Calvario,Technical Execution + Authenticity,8.0
Sydney,1,1,JAM REPUBLIC,Arnel Calvario,Spacing,8.0
Sydney,1,1,JAM REPUBLIC,Arnel Calvario,Projection/Communication,9.0
Sydney,1,1,JAM REPUBLIC,Arnel Calvario,Stamina,9.0
Sydney,1,1,GRV,Arnel Calvario,Choreography Complexity,9.0
Sydney,1,1,GRV,Arnel Calvario,Staging,9.0
Sydney,1,1,GRV,Arnel Calvario,Musicality,9.0
Sydney,1,1,GRV,Arnel Calvario,Creativity,9.0
Sydney,1,1,GRV,Arnel Calvario,Stylistic Athleticism,9.0
Sydney,1,1,GRV,Arnel Calvario,Cleanliness,9.0
Sydney,1,1,GRV,Arnel Calvario,Technical Execution + Authenticity,8.0
Sydney,1,1,GRV,Arnel Calvario,Spacing,9.0
Sydney,1,1,GRV,Arnel Calvario,Projection/Communication,10.0
Sydney,1,1,GRV,Arnel Calvario,Stamina,10.0
Sydney,1,2,QUICK STYLE,Stephen Grey,Choreography Complexity,8.0
Sydney,1,2,QUICK STYLE,Stephen Grey,Staging,9.0
Sydney,1,2,QUICK STYLE,Stephen Grey,Musicality,8.0
Sydney,1,2,QUICK STYLE,Stephen Grey,Creativity,8.0
Sydney,1,2,QUICK STYLE,Stephen Grey,Stylistic Athleticism,8.0
Sydney,1,2,QUICK STYLE,Stephen Grey,Cleanliness,6.0
Sydney,1,2,QUICK STYLE,Stephen Grey,Technical Execution + Authenticity,7.0
Sydney,1,2,QUICK STYLE,Stephen Grey,Spacing,8.0
Sydney,1,2,QUICK STYLE,Stephen Grey,Projection/Communication,9.0
Sydney,1,2,QUICK STYLE,Stephen Grey,Stamina,9.0
Sydney,1,2,1MILLION,Stephen Grey,Choreography Complexity,6.0
Sydney,1,2,1MILLION,Stephen Grey,Staging,9.0
Sydney,1,2,1MILLION,Stephen Grey,Musicality,8.0
Sydney,1,2,1MILLION,Stephen Grey,Creativity,9.0
Sydney,1,2,1MILLION,Stephen Grey,Stylistic Athleticism,8.0
Sydney,1,2,1MILLION,Stephen Grey,Cleanliness,8.0
Sydney,1,2,1MILLION,Stephen Grey,Technical Execution + Authenticity,8.0
Sydney,1,2,1MILLION,Stephen Grey,Spacing,9.0
Sydney,1,2,1MILLION,Stephen Grey,Projection/Communication,10.0
Sydney,1,2,1MILLION,Stephen Grey,Stamina,9.0
Sydney,1,2,QUICK STYLE,Mel Charlot,Choreography Complexity,7.0
Sydney,1,2,QUICK STYLE,Mel Charlot,Staging,8.0
Sydney,1,2,QUICK STYLE,Mel Charlot,Musicality,9.0
Sydney,1,2,QUICK STYLE,Mel Charlot,Creativity,8.0
Sydney,1,2,QUICK STYLE,Mel Charlot,Stylistic Athleticism,7.0
Sydney,1,2,QUICK STYLE,Mel Charlot,Cleanliness,7.0
Sydney,1,2,QUICK STYLE,Mel Charlot,Technical Execution + Authenticity,8.0
Sydney,1,2,QUICK STYLE,Mel Charlot,Spacing,8.0
Sydney,1,2,QUICK STYLE,Mel Charlot,Projection/Communication,8.0
Sydney,1,2,QUICK STYLE,Mel Charlot,Stamina,9.0
Sydney,1,2,1MILLION,Mel Charlot,Choreography Complexity,9.0
Sydney,1,2,1MILLION,Mel Charlot,Staging,8.0
Sydney,1,2,1MILLION,Mel Charlot,Musicality,8.0
Sydney,1,2,1MILLION,Mel Charlot,Creativity,9.0
Sydney,1,2,1MILLION,Mel Charlot,Stylistic Athleticism,8.0
Sydney,1,2,1MILLION,Mel Charlot,Cleanliness,8.0
Sydney,1,2,1MILLION,Mel Charlot,Technical Execution + Authenticity,8.0
Sydney,1,2,1MILLION,Mel Charlot,Spacing,8.0
Sydney,1,2,1MILLION,Mel Charlot,Projection/Communication,10.0
Sydney,1,2,1MILLION,Mel Charlot,Stamina,10.0
Sydney,1,2,QUICK STYLE,Comfort Fedoke,Choreography Complexity,8.0
Sydney,1,2,QUICK STYLE,Comfort Fedoke,Staging,9.0
Sydney,1,2,QUICK STYLE,Comfort Fedoke,Musicality,7.0
Sydney,1,2,QUICK STYLE,Comfort Fedoke,Creativity,8.0
Sydney,1,2,QUICK STYLE,Comfort Fedoke,Stylistic Athleticism,8.0
Sydney,1,2,QUICK STYLE,Comfort Fedoke,Cleanliness,7.0
Sydney,1,2,QUICK STYLE,Comfort Fedoke,Technical Execution + Authenticity,8.0
Sydney,1,2,QUICK STYLE,Comfort Fedoke,Spacing,8.0
Sydney,1,2,QUICK STYLE,Comfort Fedoke,Projection/Communication,9.0
Sydney,1,2,QUICK STYLE,Comfort Fedoke,Stamina,9.0
Sydney,1,2,1MILLION,Comfort Fedoke,Choreography Complexity,8.0
Sydney,1,2,1MILLION,Comfort Fedoke,Staging,9.0
Sydney,1,2,1MILLION,Comfort Fedoke,Musicality,8.0
Sydney,1,2,1MILLION,Comfort Fedoke,Creativity,9.0
Sydney,1,2,1MILLION,Comfort Fedoke,Stylistic Athleticism,9.0
Sydney,1,2,1MILLION,Comfort Fedoke,Cleanliness,8.0
Sydney,1,2,1MILLION,Comfort Fedoke,Technical Execution + Authenticity,8.0
Sydney,1,2,1MILLION,Comfort Fedoke,Spacing,9.0
Sydney,1,2,1MILLION,Comfort Fedoke,Projection/Communication,9.0
Sydney,1,2,1MILLION,Comfort Fedoke,Stamina,10.0
Sydney,1,2,QUICK STYLE,Shaun Evaristo,Choreography Complexity,8.0
Sydney,1,2,QUICK STYLE,Shaun Evaristo,Staging,8.0
Sydney,1,2,QUICK STYLE,Shaun Evaristo,Musicality,9.0
Sydney,1,2,QUICK STYLE,Shaun Evaristo,Creativity,8.0
Sydney,1,2,QUICK STYLE,Shaun Evaristo,Stylistic Athleticism,9.0
Sydney,1,2,QUICK STYLE,Shaun Evaristo,Cleanliness,7.0
Sydney,1,2,QUICK STYLE,Shaun Evaristo,Technical Execution + Authenticity,9.0
Sydney,1,2,QUICK STYLE,Shaun Evaristo,Spacing,8.0
Sydney,1,2,QUICK STYLE,Shaun Evaristo,Projection/Communication,9.0
Sydney,1,2,QUICK STYLE,Shaun Evaristo,Stamina,8.0
Sydney,1,2,1MILLION,Shaun Evaristo,Choreography Complexity,7.0
Sydney,1,2,1MILLION,Shaun Evaristo,Staging,9.0
Sydney,1,2,1MILLION,Shaun Evaristo,Musicality,8.0
Sydney,1,2,1MILLION,Shaun Evaristo,Creativity,9.0
Sydney,1,2,1MILLION,Shaun Evaristo,Stylistic Athleticism,9.0
Sydney,1,2,1MILLION,Shaun Evaristo,Cleanliness,8.0
Sydney,1,2,1MILLION,Shaun Evaristo,Technical Execution + Authenticity,9.0
Sydney,1,2,1MILLION,Shaun Evaristo,Spacing,8.0
Sydney,1,2,1MILLION,Shaun Evaristo,Projection/Communication,10.0
Sydney,1,2,1MILLION,Shaun Evaristo,Stamina,9.0
Sydney,1,2,QUICK STYLE,Chonique Sneed,Choreography Complexity,8.0
Sydney,1,2,QUICK STYLE,Chonique Sneed,Staging,8.0
Sydney,1,2,QUICK STYLE,Chonique Sneed,Musicality,8.0
Sydney,1,2,QUICK STYLE,Chonique Sneed,Creativity,8.0
Sydney,1,2,QUICK STYLE,Chonique Sneed,Stylistic Athleticism,9.0
Sydney,1,2,QUICK STYLE,Chonique Sneed,Cleanliness,7.0
Sydney,1,2,QUICK STYLE,Chonique Sneed,Technical Execution + Authenticity,8.0
Sydney,1,2,QUICK STYLE,Chonique Sneed,Spacing,9.0
Sydney,1,2,QUICK STYLE,Chonique Sneed,Projection/Communication,8.0
Sydney,1,2,QUICK STYLE,Chonique Sneed,Stamina,9.0
Sydney,1,2,1MILLION,Chonique Sneed,Choreography Complexity,8.0
Sydney,1,2,1MILLION,Chonique Sneed,Staging,8.0
Sydney,1,2,1MILLION,Chonique Sneed,Musicality,8.0
Sydney,1,2,1MILLION,Chonique Sneed,Creativity,9.0
Sydney,1,2,1MILLION,Chonique Sneed,Stylistic Athleticism,8.0
Sydney,1,2,1MILLION,Chonique Sneed,Cleanliness,8.0
Sydney,1,2,1MILLION,Chonique Sneed,Technical Execution + Authenticity,8.0
Sydney,1,2,1MILLION,Chonique Sneed,Spacing,9.0
Sydney,1,2,1MILLION,Chonique Sneed,Projection/Communication,9.0
Sydney,1,2,1MILLION,Chonique Sneed,Stamina,9.0
Sydney,1,2,QUICK STYLE,Arnel Calvario,Choreography Complexity,9.0
Sydney,1,2,QUICK STYLE,Arnel Calvario,Staging,8.0
Sydney,1,2,QUICK STYLE,Arnel Calvario,Musicality,9.0
Sydney,1,2,QUICK STYLE,Arnel Calvario,Creativity,9.0
Sydney,1,2,QUICK STYLE,Arnel Calvario,Stylistic Athleticism,8.0
Sydney,1,2,QUICK STYLE,Arnel Calvario,Cleanliness,8.0
Sydney,1,2,QUICK STYLE,Arnel Calvario,Technical Execution + Authenticity,9.0
Sydney,1,2,QUICK STYLE,Arnel Calvario,Spacing,8.0
Sydney,1,2,QUICK STYLE,Arnel Calvario,Projection/Communication,9.0
Sydney,1,2,QUICK STYLE,Arnel Calvario,Stamina,10.0
Sydney,1,2,1MILLION,Arnel Calvario,Choreography Complexity,8.0
Sydney,1,2,1MILLION,Arnel Calvario,Staging,9.0
Sydney,1,2,1MILLION,Arnel Calvario,Musicality,9.0
Sydney,1,2,1MILLION,Arnel Calvario,Creativity,9.0
Sydney,1,2,1MILLION,Arnel Calvario,Stylistic Athleticism,9.0
Sydney,1,2,1MILLION,Arnel Calvario,Cleanliness,8.0
Sydney,1,2,1MILLION,Arnel Calvario,Technical Execution + Authenticity,9.0
Sydney,1,2,1MILLION,Arnel Calvario,Spacing,8.0
Sydney,1,2,1MILLION,Arnel Calvario,Projection/Communication,10.0
Sydney,1,2,1MILLION,Arnel Calvario,Stamina,10.0
Sydney,1,3,BROTHERHOOD,Stephen Grey,Choreography Complexity,9.0
Sydney,1,3,BROTHERHOOD,Stephen Grey,Staging,8.0
Sydney,1,3,BROTHERHOOD,Stephen Grey,Musicality,10.0
Sydney,1,3,BROTHERHOOD,Stephen Grey,Creativity,10.0
Sydney,1,3,BROTHERHOOD,Stephen Grey,Stylistic Athleticism,9.0
Sydney,1,3,BROTHERHOOD,Stephen Grey,Cleanliness,9.0
Sydney,1,3,BROTHERHOOD,Stephen Grey,Technical Execution + Authenticity,9.0
Sydney,1,3,BROTHERHOOD,Stephen Grey,Spacing,9.0
Sydney,1,3,BROTHERHOOD,Stephen Grey,Projection/Communication,10.0
Sydney,1,3,BROTHERHOOD,Stephen Grey,Stamina,10.0
Sydney,1,3,ROYAL FAMILY,Stephen Grey,Choreography Complexity,8.0
Sydney,1,3,ROYAL FAMILY,Stephen Grey,Staging,9.0
Sydney,1,3,ROYAL FAMILY,Stephen Grey,Musicality,8.0
Sydney,1,3,ROYAL FAMILY,Stephen Grey,Creativity,9.0
Sydney,1,3,ROYAL FAMILY,Stephen Grey,Stylistic Athleticism,9.0
Sydney,1,3,ROYAL FAMILY,Stephen Grey,Cleanliness,8.0
Sydney,1,3,ROYAL FAMILY,Stephen Grey,Technical Execution + Authenticity,7.0
Sydney,1,3,ROYAL FAMILY,Stephen Grey,Spacing,9.0
Sydney,1,3,ROYAL FAMILY,Stephen Grey,Projection/Communication,10.0
Sydney,1,3,ROYAL FAMILY,Stephen Grey,Stamina,10.0
Sydney,1,3,BROTHERHOOD,Mel Charlot,Choreography Complexity,9.0
Sydney,1,3,BROTHERHOOD,Mel Charlot,Staging,10.0
Sydney,1,3,BROTHERHOOD,Mel Charlot,Musicality,10.0
Sydney,1,3,BROTHERHOOD,Mel Charlot,Creativity,9.0
Sydney,1,3,BROTHERHOOD,Mel Charlot,Stylistic Athleticism,9.0
Sydney,1,3,BROTHERHOOD,Mel Charlot,Cleanliness,9.0
Sydney,1,3,BROTHERHOOD,Mel Charlot,Technical Execution + Authenticity,9.0
Sydney,1,3,BROTHERHOOD,Mel Charlot,Spacing,9.0
Sydney,1,3,BROTHERHOOD,Mel Charlot,Projection/Communication,10.0
Sydney,1,3,BROTHERHOOD,Mel Charlot,Stamina,10.0
Sydney,1,3,ROYAL FAMILY,Mel Charlot,Choreography Complexity,9.0
Sydney,1,3,ROYAL FAMILY,Mel Charlot,Staging,9.0
Sydney,1,3,ROYAL FAMILY,Mel Charlot,Musicality,9.0
Sydney,1,3,ROYAL FAMILY,Mel Charlot,Creativity,8.0
Sydney,1,3,ROYAL FAMILY,Mel Charlot,Stylistic Athleticism,9.0
Sydney,1,3,ROYAL FAMILY,Mel Charlot,Cleanliness,9.0
Sydney,1,3,ROYAL FAMILY,Mel Charlot,Technical Execution + Authenticity,8.0
Sydney,1,3,ROYAL FAMILY,Mel Charlot,Spacing,9.0
Sydney,1,3,ROYAL FAMILY,Mel Charlot,Projection/Communication,10.0
Sydney,1,3,ROYAL FAMILY,Mel Charlot,Stamina,10.0
Sydney,1,3,BROTHERHOOD,Comfort Fedoke,Choreography Complexity,9.0
Sydney,1,3,BROTHERHOOD,Comfort Fedoke,Staging,9.0
Sydney,1,3,BROTHERHOOD,Comfort Fedoke,Musicality,10.0
Sydney,1,3,BROTHERHOOD,Comfort Fedoke,Creativity,9.0
Sydney,1,3,BROTHERHOOD,Comfort Fedoke,Stylistic Athleticism,9.0
Sydney,1,3,BROTHERHOOD,Comfort Fedoke,Cleanliness,9.0
Sydney,1,3,BROTHERHOOD,Comfort Fedoke,Technical Execution + Authenticity,9.0
Sydney,1,3,BROTHERHOOD,Comfort Fedoke,Spacing,9.0
Sydney,1,3,BROTHERHOOD,Comfort Fedoke,Projection/Communication,10.0
Sydney,1,3,BROTHERHOOD,Comfort Fedoke,Stamina,10.0
Sydney,1,3,ROYAL FAMILY,Comfort Fedoke,Choreography Complexity,9.0
Sydney,1,3,ROYAL FAMILY,Comfort Fedoke,Staging,9.0
Sydney,1,3,ROYAL FAMILY,Comfort Fedoke,Musicality,9.0
Sydney,1,3,ROYAL FAMILY,Comfort Fedoke,Creativity,8.0
Sydney,1,3,ROYAL FAMILY,Comfort Fedoke,Stylistic Athleticism,9.0
Sydney,1,3,ROYAL FAMILY,Comfort Fedoke,Cleanliness,9.0
Sydney,1,3,ROYAL FAMILY,Comfort Fedoke,Technical Execution + Authenticity,9.0
Sydney,1,3,ROYAL FAMILY,Comfort Fedoke,Spacing,9.0
Sydney,1,3,ROYAL FAMILY,Comfort Fedoke,Projection/Communication,10.0
Sydney,1,3,ROYAL FAMILY,Comfort Fedoke,Stamina,10.0
Sydney,1,3,BROTHERHOOD,Shaun Evaristo,Choreography Complexity,8.0
Sydney,1,3,BROTHERHOOD,Shaun Evaristo,Staging,9.0
Sydney,1,3,BROTHERHOOD,Shaun Evaristo,Musicality,9.0
Sydney,1,3,BROTHERHOOD,Shaun Evaristo,Creativity,10.0
Sydney,1,3,BROTHERHOOD,Shaun Evaristo,Stylistic Athleticism,10.0
Sydney,1,3,BROTHERHOOD,Shaun Evaristo,Cleanliness,9.0
Sydney,1,3,BROTHERHOOD,Shaun Evaristo,Technical Execution + Authenticity,9.0
Sydney,1,3,BROTHERHOOD,Shaun Evaristo,Spacing,8.0
Sydney,1,3,BROTHERHOOD,Shaun Evaristo,Projection/Communication,10.0
Sydney,1,3,BROTHERHOOD,Shaun Evaristo,Stamina,9.0
Sydney,1,3,ROYAL FAMILY,Shaun Evaristo,Choreography Complexity,8.0
Sydney,1,3,ROYAL FAMILY,Shaun Evaristo,Staging,8.0
Sydney,1,3,ROYAL FAMILY,Shaun Evaristo,Musicality,8.0
Sydney,1,3,ROYAL FAMILY,Shaun Evaristo,Creativity,9.0
Sydney,1,3,ROYAL FAMILY,Shaun Evaristo,Stylistic Athleticism,9.0
Sydney,1,3,ROYAL FAMILY,Shaun Evaristo,Cleanliness,8.0
Sydney,1,3,ROYAL FAMILY,Shaun Evaristo,Technical Execution + Authenticity,9.0
Sydney,1,3,ROYAL FAMILY,Shaun Evaristo,Spacing,7.0
Sydney,1,3,ROYAL FAMILY,Shaun Evaristo,Projection/Communication,10.0
Sydney,1,3,ROYAL FAMILY,Shaun Evaristo,Stamina,10.0
Sydney,1,3,BROTHERHOOD,Chonique Sneed,Choreography Complexity,9.0
Sydney,1,3,BROTHERHOOD,Chonique Sneed,Staging,9.0
Sydney,1,3,BROTHERHOOD,Chonique Sneed,Musicality,9.0
Sydney,1,3,BROTHERHOOD,Chonique Sneed,Creativity,10.0
Sydney,1,3,BROTHERHOOD,Chonique Sneed,Stylistic Athleticism,9.0
Sydney,1,3,BROTHERHOOD,Chonique Sneed,Cleanliness,9.0
Sydney,1,3,BROTHERHOOD,Chonique Sneed,Technical Execution + Authenticity,9.0
Sydney,1,3,BROTHERHOOD,Chonique Sneed,Spacing,8.0
Sydney,1,3,BROTHERHOOD,Chonique Sneed,Projection/Communication,9.0
Sydney,1,3,BROTHERHOOD,Chonique Sneed,Stamina,9.0
Sydney,1,3,ROYAL FAMILY,Chonique Sneed,Choreography Complexity,8.0
Sydney,1,3,ROYAL FAMILY,Chonique Sneed,Staging,8.0
Sydney,1,3,ROYAL FAMILY,Chonique Sneed,Musicality,9.0
Sydney,1,3,ROYAL FAMILY,Chonique Sneed,Creativity,9.0
Sydney,1,3,ROYAL FAMILY,Chonique Sneed,Stylistic Athleticism,8.0
Sydney,1,3,ROYAL FAMILY,Chonique Sneed,Cleanliness,8.0
Sydney,1,3,ROYAL FAMILY,Chonique Sneed,Technical Execution + Authenticity,8.0
Sydney,1,3,ROYAL FAMILY,Chonique Sneed,Spacing,9.0
Sydney,1,3,ROYAL FAMILY,Chonique Sneed,Projection/Communication,8.0
Sydney,1,3,ROYAL FAMILY,Chonique Sneed,Stamina,9.0
Sydney,1,3,BROTHERHOOD,Arnel Calvario,Choreography Complexity,9.0
Sydney,1,3,BROTHERHOOD,Arnel Calvario,Staging,10.0
Sydney,1,3,BROTHERHOOD,Arnel Calvario,Musicality,9.0
Sydney,1,3,BROTHERHOOD,Arnel Calvario,Creativity,10.0
Sydney,1,3,BROTHERHOOD,Arnel Calvario,Stylistic Athleticism,9.0
Sydney,1,3,BROTHERHOOD,Arnel Calvario,Cleanliness,9.0
Sydney,1,3,BROTHERHOOD,Arnel Calvario,Technical Execution + Authenticity,8.0
Sydney,1,3,BROTHERHOOD,Arnel Calvario,Spacing,8.0
Sydney,1,3,BROTHERHOOD,Arnel Calvario,Projection/Communication,10.0
Sydney,1,3,BROTHERHOOD,Arnel Calvario,Stamina,10.0
Sydney,1,3,ROYAL FAMILY,Arnel Calvario,Choreography Complexity,8.0
Sydney,1,3,ROYAL FAMILY,Arnel Calvario,Staging,9.0
Sydney,1,3,ROYAL FAMILY,Arnel Calvario,Musicality,10.0
Sydney,1,3,ROYAL FAMILY,Arnel Calvario,Creativity,9.0
Sydney,1,3,ROYAL FAMILY,Arnel Calvario,Stylistic Athleticism,9.0
Sydney,1,3,ROYAL FAMILY,Arnel Calvario,Cleanliness,9.0
Sydney,1,3,ROYAL FAMILY,Arnel Calvario,Technical Execution + Authenticity,8.0
Sydney,1,3,ROYAL FAMILY,Arnel Calvario,Spacing,9.0
Sydney,1,3,ROYAL FAMILY,Arnel Calvario,Projection/Communication,10.0
Sydney,1,3,ROYAL FAMILY,Arnel Calvario,Stamina,10.0
Sydney,2,1,BROTHERHOOD,Stephen Grey,Choreography Complexity,8.0
Sydney,2,1,BROTHERHOOD,Stephen Grey,Staging,9.0
Sydney,2,1,BROTHERHOOD,Stephen Grey,Musicality,9.0
Sydney,2,1,BROTHERHOOD,Stephen Grey,Creativity,9.0
Sydney,2,1,BROTHERHOOD,Stephen Grey,Stylistic Athleticism,10.0
Sydney,2,1,BROTHERHOOD,Stephen Grey,Cleanliness,9.0
Sydney,2,1,BROTHERHOOD,Stephen Grey,Technical Execution + Authenticity,9.0
Sydney,2,1,BROTHERHOOD,Stephen Grey,Spacing,9.0
Sydney,2,1,BROTHERHOOD,Stephen Grey,Projection/Communication,10.0
Sydney,2,1,BROTHERHOOD,Stephen Grey,Stamina,10.0
Sydney,2,1,GRV,Stephen Grey,Choreography Complexity,9.0
Sydney,2,1,GRV,Stephen Grey,Staging,9.0
Sydney,2,1,GRV,Stephen Grey,Musicality,10.0
Sydney,2,1,GRV,Stephen Grey,Creativity,9.0
Sydney,2,1,GRV,Stephen Grey,Stylistic Athleticism,10.0
Sydney,2,1,GRV,Stephen Grey,Cleanliness,9.0
Sydney,2,1,GRV,Stephen Grey,Technical Execution + Authenticity,9.0
Sydney,2,1,GRV,Stephen Grey,Spacing,8.0
Sydney,2,1,GRV,Stephen Grey,Projection/Communication,10.0
Sydney,2,1,GRV,Stephen Grey,Stamina,10.0
Sydney,2,1,1MILLION,Stephen Grey,Choreography Complexity,8.0
Sydney,2,1,1MILLION,Stephen Grey,Staging,9.0
Sydney,2,1,1MILLION,Stephen Grey,Musicality,9.0
Sydney,2,1,1MILLION,Stephen Grey,Creativity,9.0
Sydney,2,1,1MILLION,Stephen Grey,Stylistic Athleticism,9.0
Sydney,2,1,1MILLION,Stephen Grey,Cleanliness,8.0
Sydney,2,1,1MILLION,Stephen Grey,Technical Execution + Authenticity,9.0
Sydney,2,1,1MILLION,Stephen Grey,Spacing,8.0
Sydney,2,1,1MILLION,Stephen Grey,Projection/Communication,10.0
Sydney,2,1,1MILLION,Stephen Grey,Stamina,10.0
Sydney,2,1,BROTHERHOOD,Mel Charlot,Choreography Complexity,9.0
Sydney,2,1,BROTHERHOOD,Mel Charlot,Staging,9.0
Sydney,2,1,BROTHERHOOD,Mel Charlot,Musicality,10.0
Sydney,2,1,BROTHERHOOD,Mel Charlot,Creativity,9.0
Sydney,2,1,BROTHERHOOD,Mel Charlot,Stylistic Athleticism,9.0
Sydney,2,1,BROTHERHOOD,Mel Charlot,Cleanliness,9.0
Sydney,2,1,BROTHERHOOD,Mel Charlot,Technical Execution + Authenticity,9.0
Sydney,2,1,BROTHERHOOD,Mel Charlot,Spacing,9.0
Sydney,2,1,BROTHERHOOD,Mel Charlot,Projection/Communication,10.0
Sydney,2,1,BROTHERHOOD,Mel Charlot,Stamina,10.0
Sydney,2,1,GRV,Mel Charlot,Choreography Complexity,9.0
Sydney,2,1,GRV,Mel Charlot,Staging,9.0
Sydney,2,1,GRV,Mel Charlot,Musicality,9.0
Sydney,2,1,GRV,Mel Charlot,Creativity,8.0
Sydney,2,1,GRV,Mel Charlot,Stylistic Athleticism,9.0
Sydney,2,1,GRV,Mel Charlot,Cleanliness,9.0
Sydney,2,1,GRV,Mel Charlot,Technical Execution + Authenticity,9.0
Sydney,2,1,GRV,Mel Charlot,Spacing,8.0
Sydney,2,1,GRV,Mel Charlot,Projection/Communication,9.0
Sydney,2,1,GRV,Mel Charlot,Stamina,10.0
Sydney,2,1,1MILLION,Mel Charlot,Choreography Complexity,8.0
Sydney,2,1,1MILLION,Mel Charlot,Staging,9.0
Sydney,2,1,1MILLION,Mel Charlot,Musicality,9.0
Sydney,2,1,1MILLION,Mel Charlot,Creativity,8.0
Sydney,2,1,1MILLION,Mel Charlot,Stylistic Athleticism,8.0
Sydney,2,1,1MILLION,Mel Charlot,Cleanliness,8.0
Sydney,2,1,1MILLION,Mel Charlot,Technical Execution + Authenticity,8.0
Sydney,2,1,1MILLION,Mel Charlot,Spacing,9.0
Sydney,2,1,1MILLION,Mel Charlot,Projection/Communication,10.0
Sydney,2,1,1MILLION,Mel Charlot,Stamina,10.0
Sydney,2,1,BROTHERHOOD,Comfort Fedoke,Choreography Complexity,10.0
Sydney,2,1,BROTHERHOOD,Comfort Fedoke,Staging,9.0
Sydney,2,1,BROTHERHOOD,Comfort Fedoke,Musicality,9.0
Sydney,2,1,BROTHERHOOD,Comfort Fedoke,Creativity,9.0
Sydney,2,1,BROTHERHOOD,Comfort Fedoke,Stylistic Athleticism,9.0
Sydney,2,1,BROTHERHOOD,Comfort Fedoke,Cleanliness,9.0
Sydney,2,1,BROTHERHOOD,Comfort Fedoke,Technical Execution + Authenticity,9.0
Sydney,2,1,BROTHERHOOD,Comfort Fedoke,Spacing,9.0
Sydney,2,1,BROTHERHOOD,Comfort Fedoke,Projection/Communication,10.0
Sydney,2,1,BROTHERHOOD,Comfort Fedoke,Stamina,10.0
Sydney,2,1,GRV,Comfort Fedoke,Choreography Complexity,9.0
Sydney,2,1,GRV,Comfort Fedoke,Staging,8.0
Sydney,2,1,GRV,Comfort Fedoke,Musicality,9.0
Sydney,2,1,GRV,Comfort Fedoke,Creativity,9.0
Sydney,2,1,GRV,Comfort Fedoke,Stylistic Athleticism,9.0
Sydney,2,1,GRV,Comfort Fedoke,Cleanliness,9.0
Sydney,2,1,GRV,Comfort Fedoke,Technical Execution + Authenticity,9.0
Sydney,2,1,GRV,Comfort Fedoke,Spacing,9.0
Sydney,2,1,GRV,Comfort Fedoke,Projection/Communication,10.0
Sydney,2,1,GRV,Comfort Fedoke,Stamina,10.0
Sydney,2,1,1MILLION,Comfort Fedoke,Choreography Complexity,9.0
Sydney,2,1,1MILLION,Comfort Fedoke,Staging,9.0
Sydney,2,1,1MILLION,Comfort Fedoke,Musicality,9.0
Sydney,2,1,1MILLION,Comfort Fedoke,Creativity,9.0
Sydney,2,1,1MILLION,Comfort Fedoke,Stylistic Athleticism,9.0
Sydney,2,1,1MILLION,Comfort Fedoke,Cleanliness,9.0
Sydney,2,1,1MILLION,Comfort Fedoke,Technical Execution + Authenticity,9.0
Sydney,2,1,1MILLION,Comfort Fedoke,Spacing,9.0
Sydney,2,1,1MILLION,Comfort Fedoke,Projection/Communication,9.0
Sydney,2,1,1MILLION,Comfort Fedoke,Stamina,10.0
Sydney,2,1,BROTHERHOOD,Shaun Evaristo,Choreography Complexity,9.0
Sydney,2,1,BROTHERHOOD,Shaun Evaristo,Staging,9.0
Sydney,2,1,BROTHERHOOD,Shaun Evaristo,Musicality,8.0
Sydney,2,1,BROTHERHOOD,Shaun Evaristo,Creativity,10.0
Sydney,2,1,BROTHERHOOD,Shaun Evaristo,Stylistic Athleticism,9.0
Sydney,2,1,BROTHERHOOD,Shaun Evaristo,Cleanliness,10.0
Sydney,2,1,BROTHERHOOD,Shaun Evaristo,Technical Execution + Authenticity,9.0
Sydney,2,1,BROTHERHOOD,Shaun Evaristo,Spacing,9.0
Sydney,2,1,BROTHERHOOD,Shaun Evaristo,Projection/Communication,10.0
Sydney,2,1,BROTHERHOOD,Shaun Evaristo,Stamina,10.0
Sydney,2,1,GRV,Shaun Evaristo,Choreography Complexity,10.0
Sydney,2,1,GRV,Shaun Evaristo,Staging,8.0
Sydney,2,1,GRV,Shaun Evaristo,Musicality,9.0
Sydney,2,1,GRV,Shaun Evaristo,Creativity,8.0
Sydney,2,1,GRV,Shaun Evaristo,Stylistic Athleticism,10.0
Sydney,2,1,GRV,Shaun Evaristo,Cleanliness,8.0
Sydney,2,1,GRV,Shaun Evaristo,Technical Execution + Authenticity,9.0
Sydney,2,1,GRV,Shaun Evaristo,Spacing,9.0
Sydney,2,1,GRV,Shaun Evaristo,Projection/Communication,8.0
Sydney,2,1,GRV,Shaun Evaristo,Stamina,10.0
Sydney,2,1,1MILLION,Shaun Evaristo,Choreography Complexity,9.0
Sydney,2,1,1MILLION,Shaun Evaristo,Staging,8.0
Sydney,2,1,1MILLION,Shaun Evaristo,Musicality,8.0
Sydney,2,1,1MILLION,Shaun Evaristo,Creativity,9.0
Sydney,2,1,1MILLION,Shaun Evaristo,Stylistic Athleticism,9.0
Sydney,2,1,1MILLION,Shaun Evaristo,Cleanliness,8.0
Sydney,2,1,1MILLION,Shaun Evaristo,Technical Execution + Authenticity,10.0
Sydney,2,1,1MILLION,Shaun Evaristo,Spacing,8.0
Sydney,2,1,1MILLION,Shaun Evaristo,Projection/Communication,10.0
Sydney,2,1,1MILLION,Shaun Evaristo,Stamina,10.0
Sydney,2,1,BROTHERHOOD,Chonique Sneed,Choreography Complexity,9.0
Sydney,2,1,BROTHERHOOD,Chonique Sneed,Staging,9.0
Sydney,2,1,BROTHERHOOD,Chonique Sneed,Musicality,10.0
Sydney,2,1,BROTHERHOOD,Chonique Sneed,Creativity,9.0
Sydney,2,1,BROTHERHOOD,Chonique Sneed,Stylistic Athleticism,9.0
Sydney,2,1,BROTHERHOOD,Chonique Sneed,Cleanliness,9.0
Sydney,2,1,BROTHERHOOD,Chonique Sneed,Technical Execution + Authenticity,9.0
Sydney,2,1,BROTHERHOOD,Chonique Sneed,Spacing,9.0
Sydney,2,1,BROTHERHOOD,Chonique Sneed,Projection/Communication,9.0
Sydney,2,1,BROTHERHOOD,Chonique Sneed,Stamina,10.0
Sydney,2,1,GRV,Chonique Sneed,Choreography Complexity,9.0
Sydney,2,1,GRV,Chonique Sneed,Staging,10.0
Sydney,2,1,GRV,Chonique Sneed,Musicality,9.0
Sydney,2,1,GRV,Chonique Sneed,Creativity,9.0
Sydney,2,1,GRV,Chonique Sneed,Stylistic Athleticism,8.0
Sydney,2,1,GRV,Chonique Sneed,Cleanliness,9.0
Sydney,2,1,GRV,Chonique Sneed,Technical Execution + Authenticity,8.0
Sydney,2,1,GRV,Chonique Sneed,Spacing,9.0
Sydney,2,1,GRV,Chonique Sneed,Projection/Communication,9.0
Sydney,2,1,GRV,Chonique Sneed,Stamina,9.0
Sydney,2,1,1MILLION,Chonique Sneed,Choreography Complexity,8.0
Sydney,2,1,1MILLION,Chonique Sneed,Staging,9.0
Sydney,2,1,1MILLION,Chonique Sneed,Musicality,8.0
Sydney,2,1,1MILLION,Chonique Sneed,Creativity,9.0
Sydney,2,1,1MILLION,Chonique Sneed,Stylistic Athleticism,9.0
Sydney,2,1,1MILLION,Chonique Sneed,Cleanliness,8.0
Sydney,2,1,1MILLION,Chonique Sneed,Technical Execution + Authenticity,9.0
Sydney,2,1,1MILLION,Chonique Sneed,Spacing,9.0
Sydney,2,1,1MILLION,Chonique Sneed,Projection/Communication,9.0
Sydney,2,1,1MILLION,Chonique Sneed,Stamina,10.0
Sydney,2,1,BROTHERHOOD,Arnel Calvario,Choreography Complexity,9.0
Sydney,2,1,BROTHERHOOD,Arnel Calvario,Staging,10.0
Sydney,2,1,BROTHERHOOD,Arnel Calvario,Musicality,9.0
Sydney,2,1,BROTHERHOOD,Arnel Calvario,Creativity,8.0
Sydney,2,1,BROTHERHOOD,Arnel Calvario,Stylistic Athleticism,9.0
Sydney,2,1,BROTHERHOOD,Arnel Calvario,Cleanliness,9.0
Sydney,2,1,BROTHERHOOD,Arnel Calvario,Technical Execution + Authenticity,9.0
Sydney,2,1,BROTHERHOOD,Arnel Calvario,Spacing,9.0
Sydney,2,1,BROTHERHOOD,Arnel Calvario,Projection/Communication,10.0
Sydney,2,1,BROTHERHOOD,Arnel Calvario,Stamina,10.0
Sydney,2,1,GRV,Arnel Calvario,Choreography Complexity,10.0
Sydney,2,1,GRV,Arnel Calvario,Staging,9.0
Sydney,2,1,GRV,Arnel Calvario,Musicality,10.0
Sydney,2,1,GRV,Arnel Calvario,Creativity,9.0
Sydney,2,1,GRV,Arnel Calvario,Stylistic Athleticism,9.0
Sydney,2,1,GRV,Arnel Calvario,Cleanliness,9.0
Sydney,2,1,GRV,Arnel Calvario,Technical Execution + Authenticity,9.0
Sydney,2,1,GRV,Arnel Calvario,Spacing,8.0
Sydney,2,1,GRV,Arnel Calvario,Projection/Communication,10.0
Sydney,2,1,GRV,Arnel Calvario,Stamina,10.0
Sydney,2,1,1MILLION,Arnel Calvario,Choreography Complexity,8.0
Sydney,2,1,1MILLION,Arnel Calvario,Staging,9.0
Sydney,2,1,1MILLION,Arnel Calvario,Musicality,9.0
Sydney,2,1,1MILLION,Arnel Calvario,Creativity,9.0
Sydney,2,1,1MILLION,Arnel Calvario,Stylistic Athleticism,9.0
Sydney,2,1,1MILLION,Arnel Calvario,Cleanliness,8.0
Sydney,2,1,1MILLION,Arnel Calvario,Technical Execution + Authenticity,9.0
Sydney,2,1,1MILLION,Arnel Calvario,Spacing,10.0
Sydney,2,1,1MILLION,Arnel Calvario,Projection/Communication,10.0
Sydney,2,1,1MILLION,Arnel Calvario,Stamina,10.0
Seoul,1,1,GRV,Haeni Kim,Choreography Complexity,9.5
Seoul,1,1,GRV,Haeni Kim,Staging,7.5
Seoul,1,1,GRV,Haeni Kim,Musicality,9.0
Seoul,1,1,GRV,Haeni Kim,Creativity,7.0
Seoul,1,1,GRV,Haeni Kim,Stylistic Athleticism,8.0
Seoul,1,1,GRV,Haeni Kim,Cleanliness,8.5
Seoul,1,1,GRV,Haeni Kim,Technical Execution + Authenticity,7.0
Seoul,1,1,GRV,Haeni Kim,Spacing,7.5
Seoul,1,1,GRV,Haeni Kim,Projection/Communication,8.0
Seoul,1,1,GRV,Haeni Kim,Stamina,8.0
Seoul,1,1,ROYAL FAMILY,Haeni Kim,Choreography Complexity,8.5
Seoul,1,1,ROYAL FAMILY,Haeni Kim,Staging,8.0
Seoul,1,1,ROYAL FAMILY,Haeni Kim,Musicality,9.0
Seoul,1,1,ROYAL FAMILY,Haeni Kim,Creativity,6.5
Seoul,1,1,ROYAL FAMILY,Haeni Kim,Stylistic Athleticism,8.0
Seoul,1,1,ROYAL FAMILY,Haeni Kim,Cleanliness,8.0
Seoul,1,1,ROYAL FAMILY,Haeni Kim,Technical Execution + Authenticity,7.5
Seoul,1,1,ROYAL FAMILY,Haeni Kim,Spacing,8.5
Seoul,1,1,ROYAL FAMILY,Haeni Kim,Projection/Communication,9.5
Seoul,1,1,ROYAL FAMILY,Haeni Kim,Stamina,9.5
Seoul,1,1,GRV,Amari Marshall,Choreography Complexity,9.0
Seoul,1,1,GRV,Amari Marshall,Staging,8.0
Seoul,1,1,GRV,Amari Marshall,Musicality,8.5
Seoul,1,1,GRV,Amari Marshall,Creativity,7.5
Seoul,1,1,GRV,Amari Marshall,Stylistic Athleticism,8.0
Seoul,1,1,GRV,Amari Marshall,Cleanliness,8.0
Seoul,1,1,GRV,Amari Marshall,Technical Execution + Authenticity,8.5
Seoul,1,1,GRV,Amari Marshall,Spacing,8.0
Seoul,1,1,GRV,Amari Marshall,Projection/Communication,8.5
Seoul,1,1,GRV,Amari Marshall,Stamina,8.5
Seoul,1,1,ROYAL FAMILY,Amari Marshall,Choreography Complexity,9.0
Seoul,1,1,ROYAL FAMILY,Amari Marshall,Staging,9.0
Seoul,1,1,ROYAL FAMILY,Amari Marshall,Musicality,9.0
Seoul,1,1,ROYAL FAMILY,Amari Marshall,Creativity,9.0
Seoul,1,1,ROYAL FAMILY,Amari Marshall,Stylistic Athleticism,9.0
Seoul,1,1,ROYAL FAMILY,Amari Marshall,Cleanliness,8.5
Seoul,1,1,ROYAL FAMILY,Amari Marshall,Technical Execution + Authenticity,8.5
Seoul,1,1,ROYAL FAMILY,Amari Marshall,Spacing,8.0
Seoul,1,1,ROYAL FAMILY,Amari Marshall,Projection/Communication,9.0
Seoul,1,1,ROYAL FAMILY,Amari Marshall,Stamina,9.5
Seoul,1,1,GRV,Cheyenne Kibblewhite,Choreography Complexity,8.5
Seoul,1,1,GRV,Cheyenne Kibblewhite,Staging,8.5
Seoul,1,1,GRV,Cheyenne Kibblewhite,Musicality,9.0
Seoul,1,1,GRV,Cheyenne Kibblewhite,Creativity,8.0
Seoul,1,1,GRV,Cheyenne Kibblewhite,Stylistic Athleticism,9.0
Seoul,1,1,GRV,Cheyenne Kibblewhite,Cleanliness,8.5
Seoul,1,1,GRV,Cheyenne Kibblewhite,Technical Execution + Authenticity,8.5
Seoul,1,1,GRV,Cheyenne Kibblewhite,Spacing,9.0
Seoul,1,1,GRV,Cheyenne Kibblewhite,Projection/Communication,9.0
Seoul,1,1,GRV,Cheyenne Kibblewhite,Stamina,9.0
Seoul,1,1,ROYAL FAMILY,Cheyenne Kibblewhite,Choreography Complexity,8.5
Seoul,1,1,ROYAL FAMILY,Cheyenne Kibblewhite,Staging,9.0
Seoul,1,1,ROYAL FAMILY,Cheyenne Kibblewhite,Musicality,8.5
Seoul,1,1,ROYAL FAMILY,Cheyenne Kibblewhite,Creativity,8.5
Seoul,1,1,ROYAL FAMILY,Cheyenne Kibblewhite,Stylistic Athleticism,8.5
Seoul,1,1,ROYAL FAMILY,Cheyenne Kibblewhite,Cleanliness,9.0
Seoul,1,1,ROYAL FAMILY,Cheyenne Kibblewhite,Technical Execution + Authenticity,9.0
Seoul,1,1,ROYAL FAMILY,Cheyenne Kibblewhite,Spacing,9.0
Seoul,1,1,ROYAL FAMILY,Cheyenne Kibblewhite,Projection/Communication,9.0
Seoul,1,1,ROYAL FAMILY,Cheyenne Kibblewhite,Stamina,9.5
Seoul,1,1,GRV,Comfort Fedoke,Choreography Complexity,8.0
Seoul,1,1,GRV,Comfort Fedoke,Staging,8.5
Seoul,1,1,GRV,Comfort Fedoke,Musicality,8.0
Seoul,1,1,GRV,Comfort Fedoke,Creativity,7.5
Seoul,1,1,GRV,Comfort Fedoke,Stylistic Athleticism,7.5
Seoul,1,1,GRV,Comfort Fedoke,Cleanliness,8.0
Seoul,1,1,GRV,Comfort Fedoke,Technical Execution + Authenticity,7.5
Seoul,1,1,GRV,Comfort Fedoke,Spacing,8.5
Seoul,1,1,GRV,Comfort Fedoke,Projection/Communication,9.0
Seoul,1,1,GRV,Comfort Fedoke,Stamina,8.5
Seoul,1,1,ROYAL FAMILY,Comfort Fedoke,Choreography Complexity,9.0
Seoul,1,1,ROYAL FAMILY,Comfort Fedoke,Staging,8.5
Seoul,1,1,ROYAL FAMILY,Comfort Fedoke,Musicality,9.0
Seoul,1,1,ROYAL FAMILY,Comfort Fedoke,Creativity,9.0
Seoul,1,1,ROYAL FAMILY,Comfort Fedoke,Stylistic Athleticism,9.0
Seoul,1,1,ROYAL FAMILY,Comfort Fedoke,Cleanliness,9.0
Seoul,1,1,ROYAL FAMILY,Comfort Fedoke,Technical Execution + Authenticity,9.0
Seoul,1,1,ROYAL FAMILY,Comfort Fedoke,Spacing,8.5
Seoul,1,1,ROYAL FAMILY,Comfort Fedoke,Projection/Communication,9.0
Seoul,1,1,ROYAL FAMILY,Comfort Fedoke,Stamina,9.0
Seoul,1,1,GRV,Gina Michael,Choreography Complexity,8.0
Seoul,1,1,GRV,Gina Michael,Staging,8.0
Seoul,1,1,GRV,Gina Michael,Musicality,9.5
Seoul,1,1,GRV,Gina Michael,Creativity,8.5
Seoul,1,1,GRV,Gina Michael,Stylistic Athleticism,8.5
Seoul,1,1,GRV,Gina Michael,Cleanliness,9.5
Seoul,1,1,GRV,Gina Michael,Technical Execution + Authenticity,8.5
Seoul,1,1,GRV,Gina Michael,Spacing,9.0
Seoul,1,1,GRV,Gina Michael,Projection/Communication,8.5
Seoul,1,1,GRV,Gina Michael,Stamina,9.5
Seoul,1,1,ROYAL FAMILY,Gina Michael,Choreography Complexity,8.5
Seoul,1,1,ROYAL FAMILY,Gina Michael,Staging,9.0
Seoul,1,1,ROYAL FAMILY,Gina Michael,Musicality,9.0
Seoul,1,1,ROYAL FAMILY,Gina Michael,Creativity,9.0
Seoul,1,1,ROYAL FAMILY,Gina Michael,Stylistic Athleticism,8.5
Seoul,1,1,ROYAL FAMILY,Gina Michael,Cleanliness,9.0
Seoul,1,1,ROYAL FAMILY,Gina Michael,Technical Execution + Authenticity,9.0
Seoul,1,1,ROYAL FAMILY,Gina Michael,Spacing,8.0
Seoul,1,1,ROYAL FAMILY,Gina Michael,Projection/Communication,8.5
Seoul,1,1,ROYAL FAMILY,Gina Michael,Stamina,9.5
Seoul,1,1,GRV,Nicolas Begin,Choreography Complexity,8.0
Seoul,1,1,GRV,Nicolas Begin,Staging,8.5
Seoul,1,1,GRV,Nicolas Begin,Musicality,8.5
Seoul,1,1,GRV,Nicolas Begin,Creativity,8.5
Seoul,1,1,GRV,Nicolas Begin,Stylistic Athleticism,9.0
Seoul,1,1,GRV,Nicolas Begin,Cleanliness,8.5
Seoul,1,1,GRV,Nicolas Begin,Technical Execution + Authenticity,8.5
Seoul,1,1,GRV,Nicolas Begin,Spacing,9.0
Seoul,1,1,GRV,Nicolas Begin,Projection/Communication,9.0
Seoul,1,1,GRV,Nicolas Begin,Stamina,9.0
Seoul,1,1,ROYAL FAMILY,Nicolas Begin,Choreography Complexity,8.5
Seoul,1,1,ROYAL FAMILY,Nicolas Begin,Staging,8.5
Seoul,1,1,ROYAL FAMILY,Nicolas Begin,Musicality,8.0
Seoul,1,1,ROYAL FAMILY,Nicolas Begin,Creativity,9.0
Seoul,1,1,ROYAL FAMILY,Nicolas Begin,Stylistic Athleticism,9.5
Seoul,1,1,ROYAL FAMILY,Nicolas Begin,Cleanliness,9.5
Seoul,1,1,ROYAL FAMILY,Nicolas Begin,Technical Execution + Authenticity,8.5
Seoul,1,1,ROYAL FAMILY,Nicolas Begin,Spacing,9.0
Seoul,1,1,ROYAL FAMILY,Nicolas Begin,Projection/Communication,9.5
Seoul,1,1,ROYAL FAMILY,Nicolas Begin,Stamina,10.0
Seoul,1,2,BROTHERHOOD,Haeni Kim,Choreography Complexity,9.0
Seoul,1,2,BROTHERHOOD,Haeni Kim,Staging,9.0
Seoul,1,2,BROTHERHOOD,Haeni Kim,Musicality,8.5
Seoul,1,2,BROTHERHOOD,Haeni Kim,Creativity,8.5
Seoul,1,2,BROTHERHOOD,Haeni Kim,Stylistic Athleticism,8.0
Seoul,1,2,BROTHERHOOD,Haeni Kim,Cleanliness,7.5
Seoul,1,2,BROTHERHOOD,Haeni Kim,Technical Execution + Authenticity,8.5
Seoul,1,2,BROTHERHOOD,Haeni Kim,Spacing,8.5
Seoul,1,2,BROTHERHOOD,Haeni Kim,Projection/Communication,10.0
Seoul,1,2,BROTHERHOOD,Haeni Kim,Stamina,9.5
Seoul,1,2,QUICK STYLE,Haeni Kim,Choreography Complexity,9.0
Seoul,1,2,QUICK STYLE,Haeni Kim,Staging,8.5
Seoul,1,2,QUICK STYLE,Haeni Kim,Musicality,8.5
Seoul,1,2,QUICK STYLE,Haeni Kim,Creativity,8.5
Seoul,1,2,QUICK STYLE,Haeni Kim,Stylistic Athleticism,6.5
Seoul,1,2,QUICK STYLE,Haeni Kim,Cleanliness,7.0
Seoul,1,2,QUICK STYLE,Haeni Kim,Technical Execution + Authenticity,9.0
Seoul,1,2,QUICK STYLE,Haeni Kim,Spacing,8.5
Seoul,1,2,QUICK STYLE,Haeni Kim,Projection/Communication,10.0
Seoul,1,2,QUICK STYLE,Haeni Kim,Stamina,9.5
Seoul,1,2,BROTHERHOOD,Amari Marshall,Choreography Complexity,9.0
Seoul,1,2,BROTHERHOOD,Amari Marshall,Staging,8.5
Seoul,1,2,BROTHERHOOD,Amari Marshall,Musicality,8.5
Seoul,1,2,BROTHERHOOD,Amari Marshall,Creativity,8.5
Seoul,1,2,BROTHERHOOD,Amari Marshall,Stylistic Athleticism,9.0
Seoul,1,2,BROTHERHOOD,Amari Marshall,Cleanliness,9.0
Seoul,1,2,BROTHERHOOD,Amari Marshall,Technical Execution + Authenticity,7.5
Seoul,1,2,BROTHERHOOD,Amari Marshall,Spacing,8.0
Seoul,1,2,BROTHERHOOD,Amari Marshall,Projection/Communication,9.0
Seoul,1,2,BROTHERHOOD,Amari Marshall,Stamina,9.0
Seoul,1,2,QUICK STYLE,Amari Marshall,Choreography Complexity,8.5
Seoul,1,2,QUICK STYLE,Amari Marshall,Staging,8.0
Seoul,1,2,QUICK STYLE,Amari Marshall,Musicality,9.0
Seoul,1,2,QUICK STYLE,Amari Marshall,Creativity,8.5
Seoul,1,2,QUICK STYLE,Amari Marshall,Stylistic Athleticism,8.0
Seoul,1,2,QUICK STYLE,Amari Marshall,Cleanliness,7.5
Seoul,1,2,QUICK STYLE,Amari Marshall,Technical Execution + Authenticity,8.0
Seoul,1,2,QUICK STYLE,Amari Marshall,Spacing,7.5
Seoul,1,2,QUICK STYLE,Amari Marshall,Projection/Communication,8.5
Seoul,1,2,QUICK STYLE,Amari Marshall,Stamina,8.5
Seoul,1,2,BROTHERHOOD,Cheyenne Kibblewhite,Choreography Complexity,9.0
Seoul,1,2,BROTHERHOOD,Cheyenne Kibblewhite,Staging,9.0
Seoul,1,2,BROTHERHOOD,Cheyenne Kibblewhite,Musicality,9.0
Seoul,1,2,BROTHERHOOD,Cheyenne Kibblewhite,Creativity,8.5
Seoul,1,2,BROTHERHOOD,Cheyenne Kibblewhite,Stylistic Athleticism,9.0
Seoul,1,2,BROTHERHOOD,Cheyenne Kibblewhite,Cleanliness,9.0
Seoul,1,2,BROTHERHOOD,Cheyenne Kibblewhite,Technical Execution + Authenticity,8.0
Seoul,1,2,BROTHERHOOD,Cheyenne Kibblewhite,Spacing,8.5
Seoul,1,2,BROTHERHOOD,Cheyenne Kibblewhite,Projection/Communication,9.0
Seoul,1,2,BROTHERHOOD,Cheyenne Kibblewhite,Stamina,9.5
Seoul,1,2,QUICK STYLE,Cheyenne Kibblewhite,Choreography Complexity,8.0
Seoul,1,2,QUICK STYLE,Cheyenne Kibblewhite,Staging,8.0
Seoul,1,2,QUICK STYLE,Cheyenne Kibblewhite,Musicality,8.0
Seoul,1,2,QUICK STYLE,Cheyenne Kibblewhite,Creativity,7.5
Seoul,1,2,QUICK STYLE,Cheyenne Kibblewhite,Stylistic Athleticism,8.5
Seoul,1,2,QUICK STYLE,Cheyenne Kibblewhite,Cleanliness,7.5
Seoul,1,2,QUICK STYLE,Cheyenne Kibblewhite,Technical Execution + Authenticity,8.0
Seoul,1,2,QUICK STYLE,Cheyenne Kibblewhite,Spacing,8.0
Seoul,1,2,QUICK STYLE,Cheyenne Kibblewhite,Projection/Communication,8.5
Seoul,1,2,QUICK STYLE,Cheyenne Kibblewhite,Stamina,9.0
Seoul,1,2,BROTHERHOOD,Comfort Fedoke,Choreography Complexity,8.5
Seoul,1,2,BROTHERHOOD,Comfort Fedoke,Staging,9.0
Seoul,1,2,BROTHERHOOD,Comfort Fedoke,Musicality,9.0
Seoul,1,2,BROTHERHOOD,Comfort Fedoke,Creativity,8.5
Seoul,1,2,BROTHERHOOD,Comfort Fedoke,Stylistic Athleticism,8.5
Seoul,1,2,BROTHERHOOD,Comfort Fedoke,Cleanliness,9.0
Seoul,1,2,BROTHERHOOD,Comfort Fedoke,Technical Execution + Authenticity,8.5
Seoul,1,2,BROTHERHOOD,Comfort Fedoke,Spacing,8.5
Seoul,1,2,BROTHERHOOD,Comfort Fedoke,Projection/Communication,9.0
Seoul,1,2,BROTHERHOOD,Comfort Fedoke,Stamina,9.0
Seoul,1,2,QUICK STYLE,Comfort Fedoke,Choreography Complexity,8.5
Seoul,1,2,QUICK STYLE,Comfort Fedoke,Staging,9.0
Seoul,1,2,QUICK STYLE,Comfort Fedoke,Musicality,8.5
Seoul,1,2,QUICK STYLE,Comfort Fedoke,Creativity,9.0
Seoul,1,2,QUICK STYLE,Comfort Fedoke,Stylistic Athleticism,8.0
Seoul,1,2,QUICK STYLE,Comfort Fedoke,Cleanliness,8.5
Seoul,1,2,QUICK STYLE,Comfort Fedoke,Technical Execution + Authenticity,8.0
Seoul,1,2,QUICK STYLE,Comfort Fedoke,Spacing,8.5
Seoul,1,2,QUICK STYLE,Comfort Fedoke,Projection/Communication,9.5
Seoul,1,2,QUICK STYLE,Comfort Fedoke,Stamina,9.0
Seoul,1,2,BROTHERHOOD,Gina Michael,Choreography Complexity,9.0
Seoul,1,2,BROTHERHOOD,Gina Michael,Staging,8.5
Seoul,1,2,BROTHERHOOD,Gina Michael,Musicality,9.0
Seoul,1,2,BROTHERHOOD,Gina Michael,Creativity,8.0
Seoul,1,2,BROTHERHOOD,Gina Michael,Stylistic Athleticism,8.0
Seoul,1,2,BROTHERHOOD,Gina Michael,Cleanliness,9.0
Seoul,1,2,BROTHERHOOD,Gina Michael,Technical Execution + Authenticity,9.0
Seoul,1,2,BROTHERHOOD,Gina Michael,Spacing,9.0
Seoul,1,2,BROTHERHOOD,Gina Michael,Projection/Communication,8.5
Seoul,1,2,BROTHERHOOD,Gina Michael,Stamina,9.5
Seoul,1,2,QUICK STYLE,Gina Michael,Choreography Complexity,8.5
Seoul,1,2,QUICK STYLE,Gina Michael,Staging,8.5
Seoul,1,2,QUICK STYLE,Gina Michael,Musicality,9.0
Seoul,1,2,QUICK STYLE,Gina Michael,Creativity,8.5
Seoul,1,2,QUICK STYLE,Gina Michael,Stylistic Athleticism,8.0
Seoul,1,2,QUICK STYLE,Gina Michael,Cleanliness,8.0
Seoul,1,2,QUICK STYLE,Gina Michael,Technical Execution + Authenticity,9.0
Seoul,1,2,QUICK STYLE,Gina Michael,Spacing,8.5
Seoul,1,2,QUICK STYLE,Gina Michael,Projection/Communication,9.0
Seoul,1,2,QUICK STYLE,Gina Michael,Stamina,9.0
Seoul,1,2,BROTHERHOOD,Nicolas Begin,Choreography Complexity,8.5
Seoul,1,2,BROTHERHOOD,Nicolas Begin,Staging,9.0
Seoul,1,2,BROTHERHOOD,Nicolas Begin,Musicality,8.5
Seoul,1,2,BROTHERHOOD,Nicolas Begin,Creativity,8.5
Seoul,1,2,BROTHERHOOD,Nicolas Begin,Stylistic Athleticism,9.0
Seoul,1,2,BROTHERHOOD,Nicolas Begin,Cleanliness,10.0
Seoul,1,2,BROTHERHOOD,Nicolas Begin,Technical Execution + Authenticity,8.5
Seoul,1,2,BROTHERHOOD,Nicolas Begin,Spacing,9.0
Seoul,1,2,BROTHERHOOD,Nicolas Begin,Projection/Communication,10.0
Seoul,1,2,BROTHERHOOD,Nicolas Begin,Stamina,9.5
Seoul,1,2,QUICK STYLE,Nicolas Begin,Choreography Complexity,8.5
Seoul,1,2,QUICK STYLE,Nicolas Begin,Staging,8.5
Seoul,1,2,QUICK STYLE,Nicolas Begin,Musicality,9.5
Seoul,1,2,QUICK STYLE,Nicolas Begin,Creativity,9.0
Seoul,1,2,QUICK STYLE,Nicolas Begin,Stylistic Athleticism,8.0
Seoul,1,2,QUICK STYLE,Nicolas Begin,Cleanliness,8.5
Seoul,1,2,QUICK STYLE,Nicolas Begin,Technical Execution + Authenticity,9.0
Seoul,1,2,QUICK STYLE,Nicolas Begin,Spacing,8.5
Seoul,1,2,QUICK STYLE,Nicolas Begin,Projection/Communication,9.5
Seoul,1,2,QUICK STYLE,Nicolas Begin,Stamina,9.5
Seoul,1,3,JAM REPUBLIC,Haeni Kim,Choreography Complexity,9.5
Seoul,1,3,JAM REPUBLIC,Haeni Kim,Staging,8.0
Seoul,1,3,JAM REPUBLIC,Haeni Kim,Musicality,7.5
Seoul,1,3,JAM REPUBLIC,Haeni Kim,Creativity,7.0
Seoul,1,3,JAM REPUBLIC,Haeni Kim,Stylistic Athleticism,7.0
Seoul,1,3,JAM REPUBLIC,Haeni Kim,Cleanliness,8.5
Seoul,1,3,JAM REPUBLIC,Haeni Kim,Technical Execution + Authenticity,7.0
Seoul,1,3,JAM REPUBLIC,Haeni Kim,Spacing,7.5
Seoul,1,3,JAM REPUBLIC,Haeni Kim,Projection/Communication,9.0
Seoul,1,3,JAM REPUBLIC,Haeni Kim,Stamina,9.0
Seoul,1,3,1MILLION,Haeni Kim,Choreography Complexity,7.0
Seoul,1,3,1MILLION,Haeni Kim,Staging,9.5
Seoul,1,3,1MILLION,Haeni Kim,Musicality,7.5
Seoul,1,3,1MILLION,Haeni Kim,Creativity,9.0
Seoul,1,3,1MILLION,Haeni Kim,Stylistic Athleticism,7.0
Seoul,1,3,1MILLION,Haeni Kim,Cleanliness,8.5
Seoul,1,3,1MILLION,Haeni Kim,Technical Execution + Authenticity,9.0
Seoul,1,3,1MILLION,Haeni Kim,Spacing,9.0
Seoul,1,3,1MILLION,Haeni Kim,Projection/Communication,10.0
Seoul,1,3,1MILLION,Haeni Kim,Stamina,10.0
Seoul,1,3,JAM REPUBLIC,Amari Marshall,Choreography Complexity,8.0
Seoul,1,3,JAM REPUBLIC,Amari Marshall,Staging,8.0
Seoul,1,3,JAM REPUBLIC,Amari Marshall,Musicality,9.0
Seoul,1,3,JAM REPUBLIC,Amari Marshall,Creativity,7.5
Seoul,1,3,JAM REPUBLIC,Amari Marshall,Stylistic Athleticism,8.5
Seoul,1,3,JAM REPUBLIC,Amari Marshall,Cleanliness,9.0
Seoul,1,3,JAM REPUBLIC,Amari Marshall,Technical Execution + Authenticity,8.5
Seoul,1,3,JAM REPUBLIC,Amari Marshall,Spacing,8.5
Seoul,1,3,JAM REPUBLIC,Amari Marshall,Projection/Communication,8.5
Seoul,1,3,JAM REPUBLIC,Amari Marshall,Stamina,9.0
Seoul,1,3,1MILLION,Amari Marshall,Choreography Complexity,9.0
Seoul,1,3,1MILLION,Amari Marshall,Staging,9.0
Seoul,1,3,1MILLION,Amari Marshall,Musicality,9.0
Seoul,1,3,1MILLION,Amari Marshall,Creativity,9.0
Seoul,1,3,1MILLION,Amari Marshall,Stylistic Athleticism,8.5
Seoul,1,3,1MILLION,Amari Marshall,Cleanliness,8.0
Seoul,1,3,1MILLION,Amari Marshall,Technical Execution + Authenticity,8.5
Seoul,1,3,1MILLION,Amari Marshall,Spacing,8.5
Seoul,1,3,1MILLION,Amari Marshall,Projection/Communication,9.0
Seoul,1,3,1MILLION,Amari Marshall,Stamina,9.0
Seoul,1,3,JAM REPUBLIC,Cheyenne Kibblewhite,Choreography Complexity,9.0
Seoul,1,3,JAM REPUBLIC,Cheyenne Kibblewhite,Staging,8.5
Seoul,1,3,JAM REPUBLIC,Cheyenne Kibblewhite,Musicality,9.0
Seoul,1,3,JAM REPUBLIC,Cheyenne Kibblewhite,Creativity,8.5
Seoul,1,3,JAM REPUBLIC,Cheyenne Kibblewhite,Stylistic Athleticism,8.0
Seoul,1,3,JAM REPUBLIC,Cheyenne Kibblewhite,Cleanliness,8.5
Seoul,1,3,JAM REPUBLIC,Cheyenne Kibblewhite,Technical Execution + Authenticity,8.5
Seoul,1,3,JAM REPUBLIC,Cheyenne Kibblewhite,Spacing,8.0
Seoul,1,3,JAM REPUBLIC,Cheyenne Kibblewhite,Projection/Communication,8.5
Seoul,1,3,JAM REPUBLIC,Cheyenne Kibblewhite,Stamina,9.0
Seoul,1,3,1MILLION,Cheyenne Kibblewhite,Choreography Complexity,9.0
Seoul,1,3,1MILLION,Cheyenne Kibblewhite,Staging,9.0
Seoul,1,3,1MILLION,Cheyenne Kibblewhite,Musicality,8.5
Seoul,1,3,1MILLION,Cheyenne Kibblewhite,Creativity,8.5
Seoul,1,3,1MILLION,Cheyenne Kibblewhite,Stylistic Athleticism,9.0
Seoul,1,3,1MILLION,Cheyenne Kibblewhite,Cleanliness,9.0
Seoul,1,3,1MILLION,Cheyenne Kibblewhite,Technical Execution + Authenticity,9.0
Seoul,1,3,1MILLION,Cheyenne Kibblewhite,Spacing,8.5
Seoul,1,3,1MILLION,Cheyenne Kibblewhite,Projection/Communication,9.0
Seoul,1,3,1MILLION,Cheyenne Kibblewhite,Stamina,9.0
Seoul,1,3,JAM REPUBLIC,Comfort Fedoke,Choreography Complexity,8.5
Seoul,1,3,JAM REPUBLIC,Comfort Fedoke,Staging,9.0
Seoul,1,3,JAM REPUBLIC,Comfort Fedoke,Musicality,9.0
Seoul,1,3,JAM REPUBLIC,Comfort Fedoke,Creativity,8.5
Seoul,1,3,JAM REPUBLIC,Comfort Fedoke,Stylistic Athleticism,8.0
Seoul,1,3,JAM REPUBLIC,Comfort Fedoke,Cleanliness,8.5
Seoul,1,3,JAM REPUBLIC,Comfort Fedoke,Technical Execution + Authenticity,8.5
Seoul,1,3,JAM REPUBLIC,Comfort Fedoke,Spacing,8.5
Seoul,1,3,JAM REPUBLIC,Comfort Fedoke,Projection/Communication,9.0
Seoul,1,3,JAM REPUBLIC,Comfort Fedoke,Stamina,9.0
Seoul,1,3,1MILLION,Comfort Fedoke,Choreography Complexity,9.0
Seoul,1,3,1MILLION,Comfort Fedoke,Staging,8.5
Seoul,1,3,1MILLION,Comfort Fedoke,Musicality,9.0
Seoul,1,3,1MILLION,Comfort Fedoke,Creativity,9.0
Seoul,1,3,1MILLION,Comfort Fedoke,Stylistic Athleticism,9.0
Seoul,1,3,1MILLION,Comfort Fedoke,Cleanliness,9.0
Seoul,1,3,1MILLION,Comfort Fedoke,Technical Execution + Authenticity,8.5
Seoul,1,3,1MILLION,Comfort Fedoke,Spacing,9.0
Seoul,1,3,1MILLION,Comfort Fedoke,Projection/Communication,9.0
Seoul,1,3,1MILLION,Comfort Fedoke,Stamina,9.5
Seoul,1,3,JAM REPUBLIC,Gina Michael,Choreography Complexity,9.0
Seoul,1,3,JAM REPUBLIC,Gina Michael,Staging,8.5
Seoul,1,3,JAM REPUBLIC,Gina Michael,Musicality,9.5
Seoul,1,3,JAM REPUBLIC,Gina Michael,Creativity,8.5
Seoul,1,3,JAM REPUBLIC,Gina Michael,Stylistic Athleticism,8.5
Seoul,1,3,JAM REPUBLIC,Gina Michael,Cleanliness,8.5
Seoul,1,3,JAM REPUBLIC,Gina Michael,Technical Execution + Authenticity,8.5
Seoul,1,3,JAM REPUBLIC,Gina Michael,Spacing,8.5
Seoul,1,3,JAM REPUBLIC,Gina Michael,Projection/Communication,8.0
Seoul,1,3,JAM REPUBLIC,Gina Michael,Stamina,9.0
Seoul,1,3,1MILLION,Gina Michael,Choreography Complexity,9.0
Seoul,1,3,1MILLION,Gina Michael,Staging,9.0
Seoul,1,3,1MILLION,Gina Michael,Musicality,8.5
Seoul,1,3,1MILLION,Gina Michael,Creativity,8.5
Seoul,1,3,1MILLION,Gina Michael,Stylistic Athleticism,8.5
Seoul,1,3,1MILLION,Gina Michael,Cleanliness,8.5
Seoul,1,3,1MILLION,Gina Michael,Technical Execution + Authenticity,9.0
Seoul,1,3,1MILLION,Gina Michael,Spacing,8.5
Seoul,1,3,1MILLION,Gina Michael,Projection/Communication,8.5
Seoul,1,3,1MILLION,Gina Michael,Stamina,9.5
Seoul,1,3,JAM REPUBLIC,Nicolas Begin,Choreography Complexity,9.0
Seoul,1,3,JAM REPUBLIC,Nicolas Begin,Staging,9.0
Seoul,1,3,JAM REPUBLIC,Nicolas Begin,Musicality,9.0
Seoul,1,3,JAM REPUBLIC,Nicolas Begin,Creativity,8.5
Seoul,1,3,JAM REPUBLIC,Nicolas Begin,Stylistic Athleticism,9.0
Seoul,1,3,JAM REPUBLIC,Nicolas Begin,Cleanliness,8.5
Seoul,1,3,JAM REPUBLIC,Nicolas Begin,Technical Execution + Authenticity,10.0
Seoul,1,3,JAM REPUBLIC,Nicolas Begin,Spacing,9.0
Seoul,1,3,JAM REPUBLIC,Nicolas Begin,Projection/Communication,9.0
Seoul,1,3,JAM REPUBLIC,Nicolas Begin,Stamina,9.5
Seoul,1,3,1MILLION,Nicolas Begin,Choreography Complexity,8.0
Seoul,1,3,1MILLION,Nicolas Begin,Staging,9.5
Seoul,1,3,1MILLION,Nicolas Begin,Musicality,8.5
Seoul,1,3,1MILLION,Nicolas Begin,Creativity,8.5
Seoul,1,3,1MILLION,Nicolas Begin,Stylistic Athleticism,9.0
Seoul,1,3,1MILLION,Nicolas Begin,Cleanliness,9.5
Seoul,1,3,1MILLION,Nicolas Begin,Technical Execution + Authenticity,8.5
Seoul,1,3,1MILLION,Nicolas Begin,Spacing,9.5
Seoul,1,3,1MILLION,Nicolas Begin,Projection/Communication,9.5
Seoul,1,3,1MILLION,Nicolas Begin,Stamina,9.5
Seoul,2,1,BROTHERHOOD,Haeni Kim,Choreography Complexity,9.5
Seoul,2,1,BROTHERHOOD,Haeni Kim,Staging,9.5
Seoul,2,1,BROTHERHOOD,Haeni Kim,Musicality,9.0
Seoul,2,1,BROTHERHOOD,Haeni Kim,Creativity,9.5
Seoul,2,1,BROTHERHOOD,Haeni Kim,Stylistic Athleticism,8.0
Seoul,2,1,BROTHERHOOD,Haeni Kim,Cleanliness,9.5
Seoul,2,1,BROTHERHOOD,Haeni Kim,Technical Execution + Authenticity,9.0
Seoul,2,1,BROTHERHOOD,Haeni Kim,Spacing,9.5
Seoul,2,1,BROTHERHOOD,Haeni Kim,Projection/Communication,10.0
Seoul,2,1,BROTHERHOOD,Haeni Kim,Stamina,10.0
Seoul,2,1,1MILLION,Haeni Kim,Choreography Complexity,8.0
Seoul,2,1,1MILLION,Haeni Kim,Staging,9.5
Seoul,2,1,1MILLION,Haeni Kim,Musicality,8.0
Seoul,2,1,1MILLION,Haeni Kim,Creativity,8.5
Seoul,2,1,1MILLION,Haeni Kim,Stylistic Athleticism,8.5
Seoul,2,1,1MILLION,Haeni Kim,Cleanliness,8.5
Seoul,2,1,1MILLION,Haeni Kim,Technical Execution + Authenticity,9.0
Seoul,2,1,1MILLION,Haeni Kim,Spacing,8.5
Seoul,2,1,1MILLION,Haeni Kim,Projection/Communication,10.0
Seoul,2,1,1MILLION,Haeni Kim,Stamina,10.0
Seoul,2,1,ROYAL FAMILY,Haeni Kim,Choreography Complexity,8.5
Seoul,2,1,ROYAL FAMILY,Haeni Kim,Staging,9.5
Seoul,2,1,ROYAL FAMILY,Haeni Kim,Musicality,8.5
Seoul,2,1,ROYAL FAMILY,Haeni Kim,Creativity,8.0
Seoul,2,1,ROYAL FAMILY,Haeni Kim,Stylistic Athleticism,6.5
Seoul,2,1,ROYAL FAMILY,Haeni Kim,Cleanliness,7.5
Seoul,2,1,ROYAL FAMILY,Haeni Kim,Technical Execution + Authenticity,9.0
Seoul,2,1,ROYAL FAMILY,Haeni Kim,Spacing,8.5
Seoul,2,1,ROYAL FAMILY,Haeni Kim,Projection/Communication,9.5
Seoul,2,1,ROYAL FAMILY,Haeni Kim,Stamina,9.5
Seoul,2,1,BROTHERHOOD,Amari Marshall,Choreography Complexity,9.5
Seoul,2,1,BROTHERHOOD,Amari Marshall,Staging,9.0
Seoul,2,1,BROTHERHOOD,Amari Marshall,Musicality,9.0
Seoul,2,1,BROTHERHOOD,Amari Marshall,Creativity,9.5
Seoul,2,1,BROTHERHOOD,Amari Marshall,Stylistic Athleticism,9.0
Seoul,2,1,BROTHERHOOD,Amari Marshall,Cleanliness,9.5
Seoul,2,1,BROTHERHOOD,Amari Marshall,Technical Execution + Authenticity,9.5
Seoul,2,1,BROTHERHOOD,Amari Marshall,Spacing,9.0
Seoul,2,1,BROTHERHOOD,Amari Marshall,Projection/Communication,9.5
Seoul,2,1,BROTHERHOOD,Amari Marshall,Stamina,9.5
Seoul,2,1,1MILLION,Amari Marshall,Choreography Complexity,8.5
Seoul,2,1,1MILLION,Amari Marshall,Staging,9.5
Seoul,2,1,1MILLION,Amari Marshall,Musicality,9.0
Seoul,2,1,1MILLION,Amari Marshall,Creativity,9.0
Seoul,2,1,1MILLION,Amari Marshall,Stylistic Athleticism,8.5
Seoul,2,1,1MILLION,Amari Marshall,Cleanliness,9.0
Seoul,2,1,1MILLION,Amari Marshall,Technical Execution + Authenticity,9.0
Seoul,2,1,1MILLION,Amari Marshall,Spacing,9.0
Seoul,2,1,1MILLION,Amari Marshall,Projection/Communication,9.0
Seoul,2,1,1MILLION,Amari Marshall,Stamina,8.5
Seoul,2,1,ROYAL FAMILY,Amari Marshall,Choreography Complexity,8.5
Seoul,2,1,ROYAL FAMILY,Amari Marshall,Staging,9.0
Seoul,2,1,ROYAL FAMILY,Amari Marshall,Musicality,9.0
Seoul,2,1,ROYAL FAMILY,Amari Marshall,Creativity,9.0
Seoul,2,1,ROYAL FAMILY,Amari Marshall,Stylistic Athleticism,9.0
Seoul,2,1,ROYAL FAMILY,Amari Marshall,Cleanliness,9.0
Seoul,2,1,ROYAL FAMILY,Amari Marshall,Technical Execution + Authenticity,8.5
Seoul,2,1,ROYAL FAMILY,Amari Marshall,Spacing,9.0
Seoul,2,1,ROYAL FAMILY,Amari Marshall,Projection/Communication,9.0
Seoul,2,1,ROYAL FAMILY,Amari Marshall,Stamina,9.0
Seoul,2,1,BROTHERHOOD,Cheyenne Kibblewhite,Choreography Complexity,9.0
Seoul,2,1,BROTHERHOOD,Cheyenne Kibblewhite,Staging,9.0
Seoul,2,1,BROTHERHOOD,Cheyenne Kibblewhite,Musicality,9.0
Seoul,2,1,BROTHERHOOD,Cheyenne Kibblewhite,Creativity,9.0
Seoul,2,1,BROTHERHOOD,Cheyenne Kibblewhite,Stylistic Athleticism,9.0
Seoul,2,1,BROTHERHOOD,Cheyenne Kibblewhite,Cleanliness,9.0
Seoul,2,1,BROTHERHOOD,Cheyenne Kibblewhite,Technical Execution + Authenticity,8.5
Seoul,2,1,BROTHERHOOD,Cheyenne Kibblewhite,Spacing,9.0
Seoul,2,1,BROTHERHOOD,Cheyenne Kibblewhite,Projection/Communication,9.0
Seoul,2,1,BROTHERHOOD,Cheyenne Kibblewhite,Stamina,9.5
Seoul,2,1,1MILLION,Cheyenne Kibblewhite,Choreography Complexity,9.0
Seoul,2,1,1MILLION,Cheyenne Kibblewhite,Staging,9.0
Seoul,2,1,1MILLION,Cheyenne Kibblewhite,Musicality,9.0
Seoul,2,1,1MILLION,Cheyenne Kibblewhite,Creativity,9.0
Seoul,2,1,1MILLION,Cheyenne Kibblewhite,Stylistic Athleticism,9.0
Seoul,2,1,1MILLION,Cheyenne Kibblewhite,Cleanliness,8.5
Seoul,2,1,1MILLION,Cheyenne Kibblewhite,Technical Execution + Authenticity,8.0
Seoul,2,1,1MILLION,Cheyenne Kibblewhite,Spacing,9.0
Seoul,2,1,1MILLION,Cheyenne Kibblewhite,Projection/Communication,9.0
Seoul,2,1,1MILLION,Cheyenne Kibblewhite,Stamina,9.5
Seoul,2,1,ROYAL FAMILY,Cheyenne Kibblewhite,Choreography Complexity,8.5
Seoul,2,1,ROYAL FAMILY,Cheyenne Kibblewhite,Staging,9.0
Seoul,2,1,ROYAL FAMILY,Cheyenne Kibblewhite,Musicality,8.5
Seoul,2,1,ROYAL FAMILY,Cheyenne Kibblewhite,Creativity,8.5
Seoul,2,1,ROYAL FAMILY,Cheyenne Kibblewhite,Stylistic Athleticism,8.5
Seoul,2,1,ROYAL FAMILY,Cheyenne Kibblewhite,Cleanliness,9.5
Seoul,2,1,ROYAL FAMILY,Cheyenne Kibblewhite,Technical Execution + Authenticity,8.5
Seoul,2,1,ROYAL FAMILY,Cheyenne Kibblewhite,Spacing,9.0
Seoul,2,1,ROYAL FAMILY,Cheyenne Kibblewhite,Projection/Communication,8.5
Seoul,2,1,ROYAL FAMILY,Cheyenne Kibblewhite,Stamina,9.0
Seoul,2,1,BROTHERHOOD,Comfort Fedoke,Choreography Complexity,9.5
Seoul,2,1,BROTHERHOOD,Comfort Fedoke,Staging,9.0
Seoul,2,1,BROTHERHOOD,Comfort Fedoke,Musicality,9.5
Seoul,2,1,BROTHERHOOD,Comfort Fedoke,Creativity,9.0
Seoul,2,1,BROTHERHOOD,Comfort Fedoke,Stylistic Athleticism,9.0
Seoul,2,1,BROTHERHOOD,Comfort Fedoke,Cleanliness,9.0
Seoul,2,1,BROTHERHOOD,Comfort Fedoke,Technical Execution + Authenticity,9.0
Seoul,2,1,BROTHERHOOD,Comfort Fedoke,Spacing,8.5
Seoul,2,1,BROTHERHOOD,Comfort Fedoke,Projection/Communication,9.0
Seoul,2,1,BROTHERHOOD,Comfort Fedoke,Stamina,9.5
Seoul,2,1,1MILLION,Comfort Fedoke,Choreography Complexity,9.0
Seoul,2,1,1MILLION,Comfort Fedoke,Staging,9.5
Seoul,2,1,1MILLION,Comfort Fedoke,Musicality,8.5
Seoul,2,1,1MILLION,Comfort Fedoke,Creativity,9.5
Seoul,2,1,1MILLION,Comfort Fedoke,Stylistic Athleticism,9.5
Seoul,2,1,1MILLION,Comfort Fedoke,Cleanliness,8.5
Seoul,2,1,1MILLION,Comfort Fedoke,Technical Execution + Authenticity,9.0
Seoul,2,1,1MILLION,Comfort Fedoke,Spacing,9.0
Seoul,2,1,1MILLION,Comfort Fedoke,Projection/Communication,9.0
Seoul,2,1,1MILLION,Comfort Fedoke,Stamina,9.5
Seoul,2,1,ROYAL FAMILY,Comfort Fedoke,Choreography Complexity,9.0
Seoul,2,1,ROYAL FAMILY,Comfort Fedoke,Staging,8.5
Seoul,2,1,ROYAL FAMILY,Comfort Fedoke,Musicality,8.5
Seoul,2,1,ROYAL FAMILY,Comfort Fedoke,Creativity,9.0
Seoul,2,1,ROYAL FAMILY,Comfort Fedoke,Stylistic Athleticism,8.5
Seoul,2,1,ROYAL FAMILY,Comfort Fedoke,Cleanliness,9.0
Seoul,2,1,ROYAL FAMILY,Comfort Fedoke,Technical Execution + Authenticity,8.5
Seoul,2,1,ROYAL FAMILY,Comfort Fedoke,Spacing,9.0
Seoul,2,1,ROYAL FAMILY,Comfort Fedoke,Projection/Communication,9.0
Seoul,2,1,ROYAL FAMILY,Comfort Fedoke,Stamina,9.5
Seoul,2,1,BROTHERHOOD,Gina Michael,Choreography Complexity,9.0
Seoul,2,1,BROTHERHOOD,Gina Michael,Staging,9.0
Seoul,2,1,BROTHERHOOD,Gina Michael,Musicality,9.5
Seoul,2,1,BROTHERHOOD,Gina Michael,Creativity,8.5
Seoul,2,1,BROTHERHOOD,Gina Michael,Stylistic Athleticism,8.5
Seoul,2,1,BROTHERHOOD,Gina Michael,Cleanliness,9.5
Seoul,2,1,BROTHERHOOD,Gina Michael,Technical Execution + Authenticity,8.5
Seoul,2,1,BROTHERHOOD,Gina Michael,Spacing,9.0
Seoul,2,1,BROTHERHOOD,Gina Michael,Projection/Communication,9.0
Seoul,2,1,BROTHERHOOD,Gina Michael,Stamina,9.5
Seoul,2,1,1MILLION,Gina Michael,Choreography Complexity,8.5
Seoul,2,1,1MILLION,Gina Michael,Staging,9.5
Seoul,2,1,1MILLION,Gina Michael,Musicality,8.5
Seoul,2,1,1MILLION,Gina Michael,Creativity,9.0
Seoul,2,1,1MILLION,Gina Michael,Stylistic Athleticism,9.0
Seoul,2,1,1MILLION,Gina Michael,Cleanliness,9.0
Seoul,2,1,1MILLION,Gina Michael,Technical Execution + Authenticity,9.0
Seoul,2,1,1MILLION,Gina Michael,Spacing,9.0
Seoul,2,1,1MILLION,Gina Michael,Projection/Communication,9.0
Seoul,2,1,1MILLION,Gina Michael,Stamina,9.5
Seoul,2,1,ROYAL FAMILY,Gina Michael,Choreography Complexity,8.5
Seoul,2,1,ROYAL FAMILY,Gina Michael,Staging,9.0
Seoul,2,1,ROYAL FAMILY,Gina Michael,Musicality,8.5
Seoul,2,1,ROYAL FAMILY,Gina Michael,Creativity,8.5
Seoul,2,1,ROYAL FAMILY,Gina Michael,Stylistic Athleticism,9.0
Seoul,2,1,ROYAL FAMILY,Gina Michael,Cleanliness,9.0
Seoul,2,1,ROYAL FAMILY,Gina Michael,Technical Execution + Authenticity,8.5
Seoul,2,1,ROYAL FAMILY,Gina Michael,Spacing,9.0
Seoul,2,1,ROYAL FAMILY,Gina Michael,Projection/Communication,8.5
Seoul,2,1,ROYAL FAMILY,Gina Michael,Stamina,9.0
Seoul,2,1,BROTHERHOOD,Nicolas Begin,Choreography Complexity,9.0
Seoul,2,1,BROTHERHOOD,Nicolas Begin,Staging,9.5
Seoul,2,1,BROTHERHOOD,Nicolas Begin,Musicality,9.5
Seoul,2,1,BROTHERHOOD,Nicolas Begin,Creativity,9.0
Seoul,2,1,BROTHERHOOD,Nicolas Begin,Stylistic Athleticism,8.5
Seoul,2,1,BROTHERHOOD,Nicolas Begin,Cleanliness,9.5
Seoul,2,1,BROTHERHOOD,Nicolas Begin,Technical Execution + Authenticity,9.0
Seoul,2,1,BROTHERHOOD,Nicolas Begin,Spacing,9.5
Seoul,2,1,BROTHERHOOD,Nicolas Begin,Projection/Communication,9.0
Seoul,2,1,BROTHERHOOD,Nicolas Begin,Stamina,9.5
Seoul,2,1,1MILLION,Nicolas Begin,Choreography Complexity,8.5
Seoul,2,1,1MILLION,Nicolas Begin,Staging,9.0
Seoul,2,1,1MILLION,Nicolas Begin,Musicality,9.0
Seoul,2,1,1MILLION,Nicolas Begin,Creativity,9.0
Seoul,2,1,1MILLION,Nicolas Begin,Stylistic Athleticism,9.0
Seoul,2,1,1MILLION,Nicolas Begin,Cleanliness,8.5
Seoul,2,1,1MILLION,Nicolas Begin,Technical Execution + Authenticity,9.0
Seoul,2,1,1MILLION,Nicolas Begin,Spacing,9.0
Seoul,2,1,1MILLION,Nicolas Begin,Projection/Communication,9.5
Seoul,2,1,1MILLION,Nicolas Begin,Stamina,9.5
Seoul,2,1,ROYAL FAMILY,Nicolas Begin,Choreography Complexity,8.0
Seoul,2,1,ROYAL FAMILY,Nicolas Begin,Staging,9.0
Seoul,2,1,ROYAL FAMILY,Nicolas Begin,Musicality,8.5
Seoul,2,1,ROYAL FAMILY,Nicolas Begin,Creativity,9.0
Seoul,2,1,ROYAL FAMILY,Nicolas Begin,Stylistic Athleticism,8.5
Seoul,2,1,ROYAL FAMILY,Nicolas Begin,Cleanliness,9.5
Seoul,2,1,ROYAL FAMILY,Nicolas Begin,Technical Execution + Authenticity,9.0
Seoul,2,1,ROYAL FAMILY,Nicolas Begin,Spacing,9.0
Seoul,2,1,ROYAL FAMILY,Nicolas Begin,Projection/Communication,9.5
Seoul,2,1,ROYAL FAMILY,Nicolas Begin,Stamina,9.5
