event_name,round,match,team,yt_channel,timestamp,author_name,text,sentiment
Sydney,1,1,JAM REPUBLIC,steezystudio,0:25:38,@hewwoderek3318,LET THE GAMES BEGIN,Neutral
Sydney,1,1,JAM REPUBLIC,steezystudio,0:25:41,@kikacordova3193,WOOOOWWWWW!!!,Positive
Sydney,1,1,JAM REPUBLIC,steezystudio,0:25:43,@maro5239,LEZZGO JRSEAAAAAA,Positive
Sydney,1,1,JAM REPUBLIC,steezystudio,0:26:45,@sage_clI,OHH SHII OH SHII,Positive
Sydney,1,1,JAM REPUBLIC,steezystudio,0:27:06,@kikacordova3193,the time for me its 3:46 am. and i was like why is there a stream right now? oh its different times duh:grinning_face_with_sweat:,Negative
Sydney,1,1,JAM REPUBLIC,steezystudio,0:28:24,@sage_clI,JRSEAAA,Positive
Sydney,1,1,GRV,steezystudio,0:29:44,@maro5239,GRV GRV GRV,Neutral
Sydney,1,1,GRV,steezystudio,0:29:57,@hewwoderek3318,GRV GRVVVVVVV,Positive
Sydney,1,1,GRV,steezystudio,0:30:04,@sage_clI,NO WAYYY SAME SONG,Negative
Sydney,1,1,GRV,steezystudio,0:30:09,@maro5239,OHHHHHH,Positive
Sydney,1,1,GRV,steezystudio,0:30:36,@kateisweird9999,BROOOOOOOOO,Positive
Sydney,1,1,GRV,steezystudio,0:30:51,@hewwoderek3318,LETS GO AIDEN,Positive
Sydney,1,1,GRV,steezystudio,0:31:03,@hewwoderek3318,YES RIVER,Positive
Sydney,1,1,GRV,steezystudio,0:31:11,@sage_clI,BRO THE RIVER FLIP,Positive
Sydney,1,1,GRV,steezystudio,0:31:29,@jamesnapoleon9402,grv winning this,Positive
Sydney,1,1,GRV,steezystudio,0:31:30,@klayshana,GRV will win this round,Positive
Sydney,1,2,QUICK STYLE,steezystudio,0:49:54,@yourhope8030,18 is propbably nervous,Negative
Sydney,1,2,1MILLION,steezystudio,0:52:11,@yourhope8030,leshh gooooooooooo,Positive
Sydney,1,2,1MILLION,steezystudio,0:52:17,@maro5239,GO 1MMMMMM,Positive
Sydney,1,2,1MILLION,steezystudio,0:52:39,@maro5239,GO LIA AND HARIMUUUU,Positive
Sydney,1,2,1MILLION,steezystudio,0:53:31,@hewwoderek3318,1M got thisssss,Positive
Sydney,1,3,ROYAL FAMILY,steezystudio,1:10:31,@kyllenavarro-n1e,easy sweap?,Neutral
Sydney,1,3,ROYAL FAMILY,steezystudio,1:11:05,@yourhope8030,RENEEEEEEEEEEEEE,Positive
Sydney,1,3,ROYAL FAMILY,steezystudio,1:12:18,@yourhope8030,ISLAAAAAAAAAAAAAAAAAAAA,Positive
Sydney,1,3,ROYAL FAMILY,steezystudio,1:13:09,@hewwoderek3318,KRUMPINGGGGG,Positive
Sydney,1,3,ROYAL FAMILY,steezystudio,1:13:13,@hewwoderek3318,YASSSSSSS,Positive
Sydney,1,3,BROTHERHOOD,steezystudio,1:14:37,@JCFE,EAT EM UPPPP,Positive
Sydney,1,3,BROTHERHOOD,steezystudio,1:14:38,@hewwoderek3318,Woooooo BRV,Positive
Sydney,1,3,BROTHERHOOD,steezystudio,1:14:40,@JCFE,BRHDD,Neutral
Sydney,1,3,BROTHERHOOD,steezystudio,1:14:56,@yourhope8030,LESHGOOOOOOOOOOOOOOOO,Positive
Sydney,1,3,BROTHERHOOD,steezystudio,1:15:02,@yourhope8030,AWWWWWWWWWWWW,Positive
Sydney,1,3,BROTHERHOOD,steezystudio,1:16:02,@yourhope8030,TABLES TURNED,Neutral
Sydney,1,3,BROTHERHOOD,steezystudio,1:16:06,@binhvonguyen6244,sisterhood,Negative
Sydney,1,3,BROTHERHOOD,steezystudio,1:16:10,@kyllenavarro-n1e,nah man,Negative
Sydney,1,3,BROTHERHOOD,steezystudio,1:16:18,@kyllenavarro-n1e,sisterhood,Negative
Sydney,1,3,BROTHERHOOD,steezystudio,1:16:27,@florencenikitalee,BROTHERHOOOOODDD,Neutral
Sydney,1,3,BROTHERHOOD,steezystudio,1:16:35,@yourhope8030,SLAAAAAAAAAAAAYYYYYYYYYYYYYYYYY,Positive
Sydney,1,3,BROTHERHOOD,steezystudio,1:16:43,@kyllenavarro-n1e,slaaayyyyy,Positive
Sydney,1,3,BROTHERHOOD,steezystudio,1:16:43,@sage_clI,SISTERHOOD,Neutral
Sydney,1,3,BROTHERHOOD,steezystudio,1:16:45,@Jam-hw7nz,FRANCIS EATING UP SO BAD,Positive
Sydney,1,3,BROTHERHOOD,steezystudio,1:16:53,@binhvonguyen6244,ate it down,Negative
Sydney,1,3,BROTHERHOOD,steezystudio,1:17:05,@yourhope8030,NUMBER 444444444444444444444,Neutral
Sydney,1,3,BROTHERHOOD,steezystudio,1:17:05,@binhvonguyen6244,woooooooooooooooooooooooooooooooooooooooooo,Positive
Sydney,2,1,1MILLION,steezystudio,1:48:13,@klayshana,LIA KIM!,Positive
Sydney,2,1,GRV,steezystudio,1:50:31,@hewwoderek3318,COME ON FAMMMMMMM :black_heart::green_heart::black_heart::green_heart::black_heart::green_heart:,Positive
Sydney,2,1,GRV,steezystudio,1:50:48,@hewwoderek3318,LETS GOOOOOOOOOO,Positive
Sydney,2,1,GRV,steezystudio,1:51:54,@klayshana,Kaylar :fire:,Positive
Seoul,1,1,GRV,steezystudio,0:17:09,@presko5787,RAHHHHHHHH,Positive
Seoul,1,1,GRV,steezystudio,0:17:11,@sunakochan466,Hayaan niyo ibigay na natin sa kanila yan HAHAHA andyan naman si CLAY,Neutral
Seoul,1,1,GRV,steezystudio,0:17:12,@presko5787,GRVVVV,Positive
Seoul,1,1,GRV,steezystudio,0:17:15,@klarzsenpaiii,OK HERE WE GO,Positive
Seoul,1,1,GRV,steezystudio,0:17:15,@arvinayee,LEFG GRVVVVVVVVV,Positive
Seoul,1,1,GRV,steezystudio,0:17:16,@ehtwmz,this stage is big asf omg,Positive
Seoul,1,1,GRV,steezystudio,0:17:18,@klarzsenpaiii,LESGO,Neutral
Seoul,1,1,GRV,steezystudio,0:17:24,@sunakochan466,LISTEN TO CLAY,Neutral
Seoul,1,1,GRV,steezystudio,0:17:25,@presko5787,LFGG,Neutral
Seoul,1,1,GRV,steezystudio,0:17:44,@arvinayee,CLEANNNNNNNN,Positive
Seoul,1,1,GRV,steezystudio,0:17:46,@hewwoderek3318,LETS GO GRVVVVV,Positive
Seoul,1,1,GRV,steezystudio,0:17:49,@elenammorante,okkk cleannn,Positive
Seoul,1,1,GRV,steezystudio,0:18:19,@hewwoderek3318,YASSSSSSSS GRVVVVVV,Positive
Seoul,1,1,GRV,steezystudio,0:18:25,@arvinayee,RAHHHHHHHHH,Positive
Seoul,1,1,GRV,steezystudio,0:18:38,@klarzsenpaiii,OMG,Positive
Seoul,1,1,GRV,steezystudio,0:18:44,@ehtwmz,OK THAT WAS TUFF,Positive
Seoul,1,1,GRV,steezystudio,0:18:48,@oliviatokiohotel,LETS GOOOOO,Positive
Seoul,1,1,GRV,steezystudio,0:18:48,@JacobLeggett,ads bro,Neutral
Seoul,1,1,GRV,steezystudio,0:18:49,@hewwoderek3318,YASSSSSSSS MATTTTTTTTTTT,Positive
Seoul,1,1,GRV,steezystudio,0:18:51,@oliviatokiohotel,AYYYY,Positive
Seoul,1,1,GRV,steezystudio,0:18:59,@Sarafadom,Someone didnt land,Negative
Seoul,1,1,GRV,steezystudio,0:19:01,@joied4718,ouchhh,Positive
Seoul,1,1,GRV,steezystudio,0:19:29,@queen_najjingo,lets gooooo,Positive
Seoul,1,1,GRV,steezystudio,0:19:35,@ellianeblondeau,"yeah, the landing seemed off. they'll show it later, or Clay probably spotted it",Negative
Seoul,1,1,GRV,steezystudio,0:19:40,@joied4718,LOOOOOL,Positive
Seoul,1,1,GRV,steezystudio,0:19:40,@Toph.434,CLEANNN,Positive
Seoul,1,1,GRV,steezystudio,0:19:42,@oliviatokiohotel,OMGGG AAAAA,Positive
Seoul,1,1,GRV,steezystudio,0:19:42,@hewwoderek3318,OOOOOOOOOO RF CALL OUT,Neutral
Seoul,1,1,GRV,steezystudio,0:19:44,@haakmeow,OH NO THEY DIDN'T,Negative
Seoul,1,1,GRV,steezystudio,0:19:46,@klarzsenpaiii,tuff,Negative
Seoul,1,1,GRV,steezystudio,0:19:47,@jeffreybtran,:smiling_face_with_tear::smiling_face_with_tear::smiling_face_with_tear:,Neutral
Seoul,1,1,GRV,steezystudio,0:19:58,@kc-un7by,boring,Negative
Seoul,1,1,GRV,steezystudio,0:20:04,@oliviatokiohotel,OMG SLAYY,Positive
Seoul,1,1,ROYAL FAMILY,steezystudio,0:21:06,@ehtwmz,BRING IT HOME :crown::crown::crown:,Positive
Seoul,1,1,ROYAL FAMILY,steezystudio,0:21:06,@rhiazze,LETS GO RFFFF!!!!!,Positive
Seoul,1,1,ROYAL FAMILY,steezystudio,0:21:07,@imnoreen,did the dancer fall after he did his flips?,Neutral
Seoul,1,1,ROYAL FAMILY,steezystudio,0:21:07,@elijahidl,RFFFF,Neutral
Seoul,1,1,ROYAL FAMILY,steezystudio,0:21:08,@queen_najjingo,lets gooo rf,Positive
Seoul,1,1,ROYAL FAMILY,steezystudio,0:21:09,@klarzsenpaiii,lesgooo rffffff,Positive
Seoul,1,1,ROYAL FAMILY,steezystudio,0:21:10,@JacobLeggett,this bouta be a mess,Negative
Seoul,1,1,ROYAL FAMILY,steezystudio,0:21:13,@presko5787,ROYAL FAMMMMM,Positive
Seoul,1,1,ROYAL FAMILY,steezystudio,0:21:13,@Sarafadom,It was an accident,Negative
Seoul,1,1,ROYAL FAMILY,steezystudio,0:21:17,@gaxriel_3,Les go rfff,Positive
Seoul,1,1,ROYAL FAMILY,steezystudio,0:21:18,@presko5787,LEGOO,Neutral
Seoul,1,1,ROYAL FAMILY,steezystudio,0:21:19,@oliviatokiohotel,when will the land be shown?,Neutral
Seoul,1,1,ROYAL FAMILY,steezystudio,0:21:24,@jaehyunjepsen,the slip up was the flip but it wasnt that impactful,Negative
Seoul,1,1,ROYAL FAMILY,steezystudio,0:21:24,@irwin-rz2uq,YESSSS,Positive
Seoul,1,1,ROYAL FAMILY,steezystudio,0:21:27,@irwin-rz2uq,LETS GOOOOOO,Positive
Seoul,1,1,ROYAL FAMILY,steezystudio,0:21:32,@oliviatokiohotel,RFFFFFFF YASS,Positive
Seoul,1,1,ROYAL FAMILY,steezystudio,0:21:35,@oliviatokiohotel,OMG,Positive
Seoul,1,1,ROYAL FAMILY,steezystudio,0:21:35,@klarzsenpaiii,OKAYYYYYYYYYY,Positive
Seoul,1,1,ROYAL FAMILY,steezystudio,0:21:42,@ehtwmz,OKAYYY,Positive
Seoul,1,1,ROYAL FAMILY,steezystudio,0:21:43,@gaxriel_3,ATEEE,Positive
Seoul,1,1,ROYAL FAMILY,steezystudio,0:21:44,@oliviatokiohotel,NAH RF WILL WIN FAHHH OMDD,Positive
Seoul,1,1,ROYAL FAMILY,steezystudio,0:21:51,@gaxriel_3,HELL YEAHHH,Positive
Seoul,1,1,ROYAL FAMILY,steezystudio,0:22:12,@oliviatokiohotel,SORRY GVR YALL ARE GOOD BUT RF?! O.M.G,Negative
Seoul,1,1,ROYAL FAMILY,steezystudio,0:22:17,@ehtwmz,OH THEY ARE EATINGGGG,Positive
Seoul,1,1,ROYAL FAMILY,steezystudio,0:22:17,@joied4718,OUH THEY EATING,Positive
Seoul,1,1,ROYAL FAMILY,steezystudio,0:22:29,@elijahidl,Ouuui shiii,Positive
Seoul,1,1,ROYAL FAMILY,steezystudio,0:22:29,@klarzsenpaiii,EATINNNNNNNNNNN,Positive
Seoul,1,1,ROYAL FAMILY,steezystudio,0:22:33,@joseeeemartiiiin,RF gets this oneee,Positive
Seoul,1,1,ROYAL FAMILY,steezystudio,0:22:37,@joseeeemartiiiin,Kaen,Positive
Seoul,1,1,ROYAL FAMILY,steezystudio,0:22:39,@MotivatedPotatoKnish,this tuff,Negative
Seoul,1,1,ROYAL FAMILY,steezystudio,0:22:41,@sunakochan466,I GUESS THEY WOKE UP FROM HIBERNATION GO RF!!!,Neutral
Seoul,1,1,ROYAL FAMILY,steezystudio,0:22:48,@gaxriel_3,LEAGE,Positive
Seoul,1,1,ROYAL FAMILY,steezystudio,0:22:49,@oliviatokiohotel,OUUUUU,Positive
Seoul,1,1,ROYAL FAMILY,steezystudio,0:22:51,@gaxriel_3,ATE,Positive
Seoul,1,1,ROYAL FAMILY,steezystudio,0:22:52,@JacobLeggett,rf needs some better music,Negative
Seoul,1,1,ROYAL FAMILY,steezystudio,0:23:01,@oliviatokiohotel,OMG,Positive
Seoul,1,1,ROYAL FAMILY,steezystudio,0:23:03,@elenammorante,AYYYYYY,Positive
Seoul,1,1,ROYAL FAMILY,steezystudio,0:23:06,@oliviatokiohotel,THAT ATE DAMNN,Positive
Seoul,1,1,ROYAL FAMILY,steezystudio,0:23:08,@klarzsenpaiii,NASTYYYYYYYYY,Positive
Seoul,1,1,ROYAL FAMILY,steezystudio,0:23:24,@MotivatedPotatoKnish,DAMN,Positive
Seoul,1,1,ROYAL FAMILY,steezystudio,0:23:24,@-yn6ro,r u enjoying it manya?!!,Positive
Seoul,1,1,ROYAL FAMILY,steezystudio,0:23:25,@mdjwhsnfien,call outt,Neutral
Seoul,1,1,ROYAL FAMILY,steezystudio,0:23:26,@gaxriel_3,ATEEE,Positive
Seoul,1,1,ROYAL FAMILY,steezystudio,0:23:27,@oliviatokiohotel,OMG,Positive
Seoul,1,1,ROYAL FAMILY,steezystudio,0:23:31,@JacobLeggett,oh yeah rf has this,Neutral
Seoul,1,1,ROYAL FAMILY,steezystudio,0:23:35,@rafahgamez3703,holy arau,Positive
Seoul,1,1,ROYAL FAMILY,steezystudio,0:23:37,@-yn6ro,less goo,Negative
Seoul,1,1,ROYAL FAMILY,steezystudio,0:23:38,@kefilweKalaloka,wow :ok_hand:,Positive
Seoul,1,1,ROYAL FAMILY,steezystudio,0:23:38,@mktnzz,OOOOH THEYRE WINNINGG,Positive
Seoul,1,1,ROYAL FAMILY,steezystudio,0:23:42,@JacobLeggett,calling out vancouver,Neutral
Seoul,1,1,ROYAL FAMILY,steezystudio,0:23:47,@ehtwmz,LETS GO MOOOOOO,Positive
Seoul,1,1,ROYAL FAMILY,steezystudio,0:23:48,@oliviatokiohotel,NAH RF IS WINNING AA,Positive
Seoul,1,1,ROYAL FAMILY,steezystudio,0:23:51,@oliviatokiohotel,OMG,Positive
Seoul,1,1,ROYAL FAMILY,steezystudio,0:23:52,@eggyroven,NOW THIS THE ROYAL CAMILY WEE KNOWWW,Positive
Seoul,1,1,ROYAL FAMILY,steezystudio,0:23:52,@sunakochan466,Yoio,Positive
Seoul,1,2,BROTHERHOOD,steezystudio,0:38:48,@klarzsenpaiii,LESGO,Neutral
Seoul,1,2,BROTHERHOOD,steezystudio,0:38:50,@CharlesSaldasal-n5c,damnnn,Positive
Seoul,1,2,BROTHERHOOD,steezystudio,0:38:50,@sunakochan466,LEZGAWWWW,Positive
Seoul,1,2,BROTHERHOOD,steezystudio,0:38:51,@jamesnapoleon9402,BROTHERHOOD,Neutral
Seoul,1,2,BROTHERHOOD,steezystudio,0:38:53,@elijahidl,BROTHERHOOD :eyes::eyes::eyes::crown::crown::crown::crown::crown:BROTHERHOOD :eyes::eyes::eyes::crown::crown::crown::crown::crown:BROTHERHOOD :eyes::eyes::eyes::crown::crown::crown::crown::crown:BROTHERHOOD :eyes::eyes::eyes::crown::crown::crown::crown::crown:BROTHERHOOD :eyes::eyes::eyes::crown::crown::crown::crown::crown:BROTHERHOOD :eyes::eyes::eyes::crown::crown::crown::crown::crown:BROTHERHOOD :eyes::eyes::eyes::crown::crown::crown::crown::crown:BRDH,Neutral
Seoul,1,2,BROTHERHOOD,steezystudio,0:38:57,@elijahidl,ELDONDNDNDNDND,Neutral
Seoul,1,2,BROTHERHOOD,steezystudio,0:38:59,@haakmeow,AHHHHH,Positive
Seoul,1,2,BROTHERHOOD,steezystudio,0:39:00,@queen_najjingo,lets goooooo,Positive
Seoul,1,2,BROTHERHOOD,steezystudio,0:39:15,@ehtwmz,oh same song,Neutral
Seoul,1,2,BROTHERHOOD,steezystudio,0:39:21,@elijahidl,YES DON'T,Neutral
Seoul,1,2,BROTHERHOOD,steezystudio,0:39:23,@oliviatokiohotel,Omg,Positive
Seoul,1,2,BROTHERHOOD,steezystudio,0:39:23,@presko5787,LETS GOOOOO,Positive
Seoul,1,2,BROTHERHOOD,steezystudio,0:39:24,@elijahidl,ELDONNN,Positive
Seoul,1,2,BROTHERHOOD,steezystudio,0:39:32,@oliviatokiohotel,AHHHYYY,Positive
Seoul,1,2,BROTHERHOOD,steezystudio,0:39:47,@klarzsenpaiii,GO ALO,Positive
Seoul,1,2,BROTHERHOOD,steezystudio,0:39:48,@elenammorante,AY AY,Positive
Seoul,1,2,BROTHERHOOD,steezystudio,0:39:54,@elijahidl,BROTHERHOOD :eyes::eyes::eyes::crown::crown::crown::crown::crown:BROTHERHOOD :eyes::eyes::eyes::crown::crown::crown::crown::crown:BROTHERHOOD :eyes::eyes::eyes::crown::crown::crown::crown::crown:BROTHERHOOD :eyes::eyes::eyes::crown::crown::crown::crown::crown:BROTHERHOOD :eyes::eyes::eyes::crown::crown::crown::crown::crown:BROTHERHOOD :eyes::eyes::eyes::crown::crown::crown::crown::crown:BROTHERHOOD :eyes::eyes::eyes::crown::crown::crown::crown::crown:BRDH,Neutral
Seoul,1,2,BROTHERHOOD,steezystudio,0:39:58,@klarzsenpaiii,OOO HAMUZAAAAAA,Positive
Seoul,1,2,BROTHERHOOD,steezystudio,0:40:00,@elijahidl,HOLY CLEANNNN,Positive
Seoul,1,2,BROTHERHOOD,steezystudio,0:40:10,@elenammorante,OUUUUUUU,Positive
Seoul,1,2,BROTHERHOOD,steezystudio,0:40:18,@MotivatedPotatoKnish,YUHHHHH,Positive
Seoul,1,2,BROTHERHOOD,steezystudio,0:40:19,@kc-un7by,boring,Negative
Seoul,1,2,BROTHERHOOD,steezystudio,0:40:21,@Jam-hw7nz,letsgooo francis,Positive
Seoul,1,2,BROTHERHOOD,steezystudio,0:40:27,@sunakochan466,Aye,Positive
Seoul,1,2,BROTHERHOOD,steezystudio,0:40:27,@ehtwmz,the camerawork is much better this series,Positive
Seoul,1,2,BROTHERHOOD,steezystudio,0:40:30,@klarzsenpaiii,MIX IS INSANE,Positive
Seoul,1,2,BROTHERHOOD,steezystudio,0:40:39,@elijahidl,EYY,Positive
Seoul,1,2,BROTHERHOOD,steezystudio,0:40:54,@CharlesSaldasal-n5c,ts is their weakest set so far,Negative
Seoul,1,2,BROTHERHOOD,steezystudio,0:41:12,@sunakochan466,Yeah agreed,Neutral
Seoul,1,2,BROTHERHOOD,steezystudio,0:41:12,@chanh_nguyen.,Korean knows their camera work lol,Positive
Seoul,1,2,BROTHERHOOD,steezystudio,0:41:15,@nenevss,they seem tired,Negative
Seoul,1,2,BROTHERHOOD,steezystudio,0:41:17,@natejuno_4928,The camerawork tho fr fr,Positive
Seoul,1,2,BROTHERHOOD,steezystudio,0:41:17,@queen_najjingo,agreed,Neutral
Seoul,1,2,BROTHERHOOD,steezystudio,0:41:29,@kc-un7by,half of the group standing there doing nothing,Negative
Seoul,1,2,QUICK STYLE,steezystudio,0:42:22,@Unknown-dy2xj,Aww this was kinda corny,Negative
Seoul,1,2,QUICK STYLE,steezystudio,0:42:26,@queen_najjingo,but it was nice and clean,Positive
Seoul,1,2,QUICK STYLE,steezystudio,0:42:28,@RiffraffDC,The success of these routines really hinges a lot on song choice huh,Neutral
Seoul,1,2,QUICK STYLE,steezystudio,0:42:29,@jamesnapoleon9402,yeah they do,Neutral
Seoul,1,2,QUICK STYLE,steezystudio,0:42:30,@NimitkotianNiko,could have done better,Negative
Seoul,1,2,QUICK STYLE,steezystudio,0:42:32,@queen_najjingo,lets gooo QS,Positive
Seoul,1,2,QUICK STYLE,steezystudio,0:42:34,@RocheeCondes-r2l,THERES A ROUND 2 RIGHT?,Neutral
Seoul,1,2,QUICK STYLE,steezystudio,0:42:35,@itscjhernandez,They taking easy on Quickstyle,Negative
Seoul,1,2,QUICK STYLE,steezystudio,0:42:36,@RegularDancer,"yess they look tired, wish them luck :sparkles:",Negative
Seoul,1,2,QUICK STYLE,steezystudio,0:42:42,@yofanboiii,GO GOOO QS,Positive
Seoul,1,2,QUICK STYLE,steezystudio,0:42:55,@CharlesSaldasal-n5c,I feel scared for brotherhood :face_holding_back_tears:,Negative
Seoul,1,2,QUICK STYLE,steezystudio,0:42:58,@ehtwmz,OK LETS GOOOOO,Positive
Seoul,1,2,QUICK STYLE,steezystudio,0:43:16,@jamesnapoleon9402,brotherhood :folded_hands::folded_hands::folded_hands::folded_hands::shooting_star::face_with_tears_of_joy::face_with_tears_of_joy:,Neutral
Seoul,1,2,QUICK STYLE,steezystudio,0:43:20,@IaMREIJI,ahhh damn somebodfy already fell lol,Positive
Seoul,1,2,QUICK STYLE,steezystudio,0:43:26,@elijahidl,I'm still gonna vote brdh idrc,Negative
Seoul,1,2,QUICK STYLE,steezystudio,0:43:29,@ehtwmz,I ALWAYS LOVE QS MUSIC ITS SOO DIFF,Positive
Seoul,1,2,QUICK STYLE,steezystudio,0:43:33,@rafahgamez3703,BROTHERHOOD,Neutral
Seoul,1,2,QUICK STYLE,steezystudio,0:43:49,@sunakochan466,IM GUESSING 1M VS. RF VS.,Neutral
Seoul,1,2,QUICK STYLE,steezystudio,0:43:52,@ehtwmz,OH EATTT,Positive
Seoul,1,2,QUICK STYLE,steezystudio,0:43:57,@elenammorante,OUUUU,Positive
Seoul,1,2,QUICK STYLE,steezystudio,0:44:02,@sunakochan466,2nd roast right there the shirt,Neutral
Seoul,1,2,QUICK STYLE,steezystudio,0:44:04,@InsaniTy-t3z,pace too slow,Negative
Seoul,1,2,QUICK STYLE,steezystudio,0:44:09,@JhnRy1108,they kinda messy,Negative
Seoul,1,2,QUICK STYLE,steezystudio,0:44:12,@InsaniTy-t3z,boorring,Negative
Seoul,1,2,QUICK STYLE,steezystudio,0:44:16,@itscjhernandez,Not strong,Negative
Seoul,1,2,QUICK STYLE,steezystudio,0:44:22,@InsaniTy-t3z,borring af,Negative
Seoul,1,2,QUICK STYLE,steezystudio,0:44:22,@Ownmystyle90,brotherhood stilll,Negative
Seoul,1,2,QUICK STYLE,steezystudio,0:44:27,@elijahidl,Messy,Positive
Seoul,1,2,QUICK STYLE,steezystudio,0:44:28,@itscjhernandez,STILL BRDH,Negative
Seoul,1,2,QUICK STYLE,steezystudio,0:44:28,@CharlesSaldasal-n5c,I feel like brotherhood will get this though,Negative
Seoul,1,2,QUICK STYLE,steezystudio,0:44:29,@thedigitalnoah,WTH is this set,Neutral
Seoul,1,2,QUICK STYLE,steezystudio,0:44:33,@elijahidl,Brdh stilln,Negative
Seoul,1,2,QUICK STYLE,steezystudio,0:44:38,@ehtwmz,this is definitely a different qs than what they’ve given in the previous locations,Negative
Seoul,1,2,QUICK STYLE,steezystudio,0:44:40,@NimitkotianNiko,brotherhood hS,Neutral
Seoul,1,2,QUICK STYLE,steezystudio,0:44:42,@jamesnapoleon9402,Brhd will win this fr,Positive
Seoul,1,2,QUICK STYLE,steezystudio,0:44:44,@JhnRy1108,Brotherhood still have a change to win HAHA,Positive
Seoul,1,2,QUICK STYLE,steezystudio,0:44:46,@InsaniTy-t3z,brotherhood just give this girls a chance,Positive
Seoul,1,2,QUICK STYLE,steezystudio,0:44:47,@InsaniTy-t3z,come on,Positive
Seoul,1,2,QUICK STYLE,steezystudio,0:44:54,@NimitkotianNiko,brotherhood has chance,Positive
Seoul,1,2,QUICK STYLE,steezystudio,0:44:55,@itscjhernandez,BRDH will get back on 2nd,Neutral
Seoul,1,2,QUICK STYLE,steezystudio,0:44:55,@mktnzz,they lack wow factor,Negative
Seoul,1,2,QUICK STYLE,steezystudio,0:45:05,@ehtwmz,LETS GO QUICK STYLE,Positive
Seoul,1,2,QUICK STYLE,steezystudio,0:45:15,@InsaniTy-t3z,stop dreaming,Negative
Seoul,1,2,QUICK STYLE,steezystudio,0:45:17,@InsaniTy-t3z,not a chance,Negative
Seoul,1,2,QUICK STYLE,steezystudio,0:45:19,@yofanboiii,LEZGG QS,Positive
Seoul,1,2,QUICK STYLE,steezystudio,0:45:23,@InsaniTy-t3z,pace to slow,Negative
Seoul,1,3,1MILLION,steezystudio,0:58:55,@CharlesSaldasal-n5c,Y'ALL CAN DO THIS,Positive
Seoul,1,3,1MILLION,steezystudio,0:58:56,@alien.onthisearth,WOOOO 1M LEZZGO,Positive
Seoul,1,3,1MILLION,steezystudio,0:58:59,@yofanboiii,gogogogoo 1m,Positive
Seoul,1,3,1MILLION,steezystudio,0:59:02,@elijahidl,1M,Neutral
Seoul,1,3,1MILLION,steezystudio,0:59:02,@yofanboiii,eat ittt,Positive
Seoul,1,3,1MILLION,steezystudio,0:59:03,@JacobLeggett,hopefully some good energy,Positive
Seoul,1,3,1MILLION,steezystudio,0:59:16,@presko5787,LETS GOOOO,Positive
Seoul,1,3,1MILLION,steezystudio,0:59:22,@JacobLeggett,ouuuuu,Positive
Seoul,1,3,1MILLION,steezystudio,0:59:22,@elijahidl,EYEEEEE,Positive
Seoul,1,3,1MILLION,steezystudio,0:59:31,@JacobLeggett,hollonnnnnnn,Positive
Seoul,1,3,1MILLION,steezystudio,0:59:33,@yofanboiii,AAAAAAAA,Positive
Seoul,1,3,1MILLION,steezystudio,0:59:36,@ImFeja,metal intro holy,Positive
Seoul,1,3,1MILLION,steezystudio,0:59:37,@CharlesSaldasal-n5c,Jesus reference dawg,Positive
Seoul,1,3,1MILLION,steezystudio,0:59:38,@klarzsenpaiii,HOLY,Positive
Seoul,1,3,1MILLION,steezystudio,0:59:41,@klarzsenpaiii,LMAO,Neutral
Seoul,1,3,1MILLION,steezystudio,0:59:42,@JacobLeggett,oh period,Neutral
Seoul,1,3,1MILLION,steezystudio,0:59:44,@yofanboiii,OMGGGGG,Positive
Seoul,1,3,1MILLION,steezystudio,0:59:45,@zein-n1i,fireeeee,Positive
Seoul,1,3,1MILLION,steezystudio,1:00:04,@zein-n1i,song choiceeee bruh:fire:,Positive
Seoul,1,3,1MILLION,steezystudio,1:00:09,@Jam-hw7nz,damnnnnn,Positive
Seoul,1,3,1MILLION,steezystudio,1:00:10,@JhnRy1108,they loved lady G songs,Positive
Seoul,1,3,1MILLION,steezystudio,1:00:10,@funbts_7,holy shi,Positive
Seoul,1,3,1MILLION,steezystudio,1:00:12,@yofanboiii,LAKASS,Positive
Seoul,1,3,1MILLION,steezystudio,1:00:18,@klarzsenpaiii,OOO,Positive
Seoul,1,3,1MILLION,steezystudio,1:00:21,@funbts_7,OMG 1M ON HOME TURFF,Positive
Seoul,1,3,1MILLION,steezystudio,1:00:23,@yofanboiii,LIAAA,Positive
Seoul,1,3,1MILLION,steezystudio,1:00:28,@CharlesSaldasal-n5c,holyy,Positive
Seoul,1,3,1MILLION,steezystudio,1:00:32,@natejuno_4928,Now this is a competition set,Neutral
Seoul,1,3,1MILLION,steezystudio,1:00:38,@joanin999,SWIM REFERENCE HAHAHH,Neutral
Seoul,1,3,1MILLION,steezystudio,1:00:41,@yofanboiii,CLEAN AF,Positive
Seoul,1,3,1MILLION,steezystudio,1:00:41,@klarzsenpaiii,STARTING OFF WITH A BANGER,Positive
Seoul,1,3,1MILLION,steezystudio,1:00:46,@JacobLeggett,already best of the night,Positive
Seoul,1,3,1MILLION,steezystudio,1:00:51,@queen_najjingo,very clean,Positive
Seoul,1,3,1MILLION,steezystudio,1:00:55,@queen_najjingo,and dynamic,Neutral
Seoul,1,3,1MILLION,steezystudio,1:00:55,@JacobLeggett,cmon wackinggggg,Positive
Seoul,1,3,1MILLION,steezystudio,1:01:15,@ThuTaFP-c9z,Nice Party,Positive
Seoul,1,3,1MILLION,steezystudio,1:01:16,@yofanboiii,AAAAAA,Positive
Seoul,1,3,1MILLION,steezystudio,1:01:22,@joanin999,they're so powerful,Positive
Seoul,1,3,1MILLION,steezystudio,1:01:27,@genius-su4ib,yooo,Positive
Seoul,1,3,1MILLION,steezystudio,1:01:31,@JacobLeggett,CMON PARTNERWORKKKK,Neutral
Seoul,1,3,JAM REPUBLIC,steezystudio,1:02:45,@lauren_yy,LETS GO JRSEAAAA,Positive
Seoul,1,3,JAM REPUBLIC,steezystudio,1:02:46,@alien.onthisearth,ATE. THAT. UP.,Positive
Seoul,1,3,JAM REPUBLIC,steezystudio,1:02:46,@klarzsenpaiii,letsee jam,Positive
Seoul,1,3,JAM REPUBLIC,steezystudio,1:02:47,@presko5787,THEY COOKED THAT SET,Positive
Seoul,1,3,JAM REPUBLIC,steezystudio,1:02:48,@elijahidl,They look tired probably because of jet lack,Negative
Seoul,1,3,JAM REPUBLIC,steezystudio,1:02:49,@sunakochan466,Seoul event still not feeling everybodyyy,Negative
Seoul,1,3,JAM REPUBLIC,steezystudio,1:02:49,@rojizenguinsatao9653,the ate the last chorud,Neutral
Seoul,1,3,JAM REPUBLIC,steezystudio,1:02:50,@jayj4y_16,LEZGO JAMMM,Positive
Seoul,1,3,JAM REPUBLIC,steezystudio,1:02:52,@klarzsenpaiii,leseeee,Positive
Seoul,1,3,JAM REPUBLIC,steezystudio,1:02:53,@queen_najjingo,lets goooo,Positive
Seoul,1,3,JAM REPUBLIC,steezystudio,1:02:55,@zein-n1i,Lezgoooo SEA,Positive
Seoul,1,3,JAM REPUBLIC,steezystudio,1:03:04,@yofanboiii,lets gooo jam!!,Positive
Seoul,1,3,JAM REPUBLIC,steezystudio,1:03:04,@presko5787,LETSA GO SEABLINGSSS,Positive
Seoul,1,3,JAM REPUBLIC,steezystudio,1:03:12,@slickbutshy,WOW\,Positive
Seoul,1,3,JAM REPUBLIC,steezystudio,1:03:15,@InsaniTy-t3z,lezgooo,Positive
Seoul,1,3,JAM REPUBLIC,steezystudio,1:03:22,@Jam-hw7nz,Yooooo,Positive
Seoul,1,3,JAM REPUBLIC,steezystudio,1:03:23,@mktnzz,LETS GOOOOO JRSEAAAA,Positive
Seoul,1,3,JAM REPUBLIC,steezystudio,1:03:24,@JacobLeggett,this a BATTLE,Neutral
Seoul,1,3,JAM REPUBLIC,steezystudio,1:03:24,@CharlesSaldasal-n5c,Let's go seablingss,Positive
Seoul,1,3,JAM REPUBLIC,steezystudio,1:03:31,@DrakeIm-y9y,Again,Negative
Seoul,1,3,JAM REPUBLIC,steezystudio,1:03:31,@lauren_yy,OHHHH SAME MUSIC,Positive
Seoul,1,3,JAM REPUBLIC,steezystudio,1:03:37,@klarzsenpaiii,why tf does they have the similar music lmaoo,Negative
Seoul,1,3,JAM REPUBLIC,steezystudio,1:03:41,@keiholic,OH SHITTT,Positive
Seoul,1,3,JAM REPUBLIC,steezystudio,1:03:47,@nenevss,this song again?? :loudly_crying_face:,Negative
Seoul,1,3,JAM REPUBLIC,steezystudio,1:03:49,@JhnRy1108,OMG,Positive
Seoul,1,3,JAM REPUBLIC,steezystudio,1:03:52,@lauren_yy,teams are allowed to do that,Neutral
Seoul,1,3,JAM REPUBLIC,steezystudio,1:03:56,@sunakochan466,Aye aye,Positive
Seoul,1,3,JAM REPUBLIC,steezystudio,1:03:56,@jayj4y_16,may gc ba sila,Neutral
Seoul,1,3,JAM REPUBLIC,steezystudio,1:03:57,@JacobLeggett,3 damn teams,Negative
Seoul,1,3,JAM REPUBLIC,steezystudio,1:03:58,@mktnzz,SHTTTTTT,Positive
Seoul,1,3,JAM REPUBLIC,steezystudio,1:04:00,@JhnRy1108,SAME MUSIC,Neutral
Seoul,1,3,JAM REPUBLIC,steezystudio,1:04:00,@lauren_yy,AYEEEE SLOW MO,Positive
Seoul,1,3,JAM REPUBLIC,steezystudio,1:04:01,@Kontsakonsta7285,Same song again?,Negative
Seoul,1,3,JAM REPUBLIC,steezystudio,1:04:06,@sunakochan466,HAHAHA,Neutral
Seoul,1,3,JAM REPUBLIC,steezystudio,1:04:10,@yofanboiii,lakaaasssss,Positive
Seoul,1,3,JAM REPUBLIC,steezystudio,1:04:11,@lauren_yy,BYEEEEEE,Positive
Seoul,1,3,JAM REPUBLIC,steezystudio,1:04:11,@mktnzz,BAWI JRSEAAAA :orange_heart::orange_heart::orange_heart:,Positive
Seoul,1,3,JAM REPUBLIC,steezystudio,1:04:11,@InsaniTy-t3z,HAHAHHAA,Neutral
Seoul,1,3,JAM REPUBLIC,steezystudio,1:04:13,@rojizenguinsatao9653,lamon kay miyabi,Positive
Seoul,1,3,JAM REPUBLIC,steezystudio,1:04:13,@JhnRy1108,HAHAHAHA nagusap2 ata sa music nila,Neutral
Seoul,1,3,JAM REPUBLIC,steezystudio,1:04:15,@JacobLeggett,LMFAO,Neutral
Seoul,1,3,JAM REPUBLIC,steezystudio,1:04:16,@elijahidl,HELP THE MASK,Neutral
Seoul,1,3,JAM REPUBLIC,steezystudio,1:04:16,@jayj4y_16,WHO R THEY BBEATIN?//,Neutral
Seoul,1,3,JAM REPUBLIC,steezystudio,1:04:16,@InsaniTy-t3z,putchaaa,Positive
Seoul,1,3,JAM REPUBLIC,steezystudio,1:04:18,@eggyroven,LMAIOOO,Positive
Seoul,1,3,JAM REPUBLIC,steezystudio,1:04:18,@irwin-rz2uq,YOOO THE DISS????????????,Positive
Seoul,1,3,JAM REPUBLIC,steezystudio,1:04:18,@ImFeja,nah thats a new level of bm,Negative
Seoul,1,3,JAM REPUBLIC,steezystudio,1:04:20,@klarzsenpaiii,LMAO GAGAGAGAGA,Neutral
Seoul,1,3,JAM REPUBLIC,steezystudio,1:04:20,@InsaniTy-t3z,HAHAHHA,Neutral
Seoul,1,3,JAM REPUBLIC,steezystudio,1:04:21,@CarlvinMareko,They gave them music to choose from due to copyrights,Negative
Seoul,1,3,JAM REPUBLIC,steezystudio,1:04:22,@klarzsenpaiii,THE MASK,Positive
Seoul,1,3,JAM REPUBLIC,steezystudio,1:04:25,@papadylan_0,CRAZYYY,Positive
Seoul,1,3,JAM REPUBLIC,steezystudio,1:04:27,@JacobLeggett,PLEASE WHAT WAS THAT,Neutral
Seoul,1,3,JAM REPUBLIC,steezystudio,1:04:28,@papadylan_0,LMAOAOOOOO,Neutral
Seoul,1,3,JAM REPUBLIC,steezystudio,1:04:28,@elijahidl,I'M CRINEEEE,Positive
Seoul,1,3,JAM REPUBLIC,steezystudio,1:04:28,@InsaniTy-t3z,WTFFFFFF,Neutral
Seoul,1,3,JAM REPUBLIC,steezystudio,1:04:29,@Jam-hw7nz,WOAH,Positive
Seoul,1,3,JAM REPUBLIC,steezystudio,1:04:32,@CharlesSaldasal-n5c,OHHH FUHHH,Positive
Seoul,1,3,JAM REPUBLIC,steezystudio,1:04:32,@lauren_yy,THE CALL OUTS????,Neutral
Seoul,1,3,JAM REPUBLIC,steezystudio,1:04:33,@doitringsabel,OHHH,Positive
Seoul,1,3,JAM REPUBLIC,steezystudio,1:04:33,@papadylan_0,JR CRAZY FOR THAT,Positive
Seoul,1,3,JAM REPUBLIC,steezystudio,1:04:37,@papadylan_0,NAGHHH LMAOOO,Positive
Seoul,1,3,JAM REPUBLIC,steezystudio,1:04:38,@ArmyZenTiny4Lyfe,thats what i was gonna say. they use the same music? good to see different interpretations,Positive
Seoul,1,3,JAM REPUBLIC,steezystudio,1:04:39,@Nabi_moonlight,Miyabiiii,Positive
Seoul,1,3,JAM REPUBLIC,steezystudio,1:04:41,@JacobLeggett,hollon this is mad close,Positive
Seoul,1,3,JAM REPUBLIC,steezystudio,1:04:41,@jayj4y_16,POKER FACE ALSO????,Neutral
Seoul,1,3,JAM REPUBLIC,steezystudio,1:04:41,@irwin-rz2uq,EYYY,Positive
Seoul,1,3,JAM REPUBLIC,steezystudio,1:04:45,@alien.onthisearth,WELL THAT'S TOUGH,Positive
Seoul,1,3,JAM REPUBLIC,steezystudio,1:04:45,@sunakochan466,Yaaaaas!!,Positive
Seoul,1,3,JAM REPUBLIC,steezystudio,1:04:47,@InsaniTy-t3z,lezgoooooo,Positive
Seoul,1,3,JAM REPUBLIC,steezystudio,1:04:50,@JavIziah,ohh shes eating,Neutral
Seoul,1,3,JAM REPUBLIC,steezystudio,1:04:50,@lauren_yy,BIW BOW BOW BOW,Positive
Seoul,1,3,JAM REPUBLIC,steezystudio,1:04:50,@klarzsenpaiii,WOAH,Positive
Seoul,1,3,JAM REPUBLIC,steezystudio,1:04:51,@elijahidl,DANMMMMMM,Positive
Seoul,1,3,JAM REPUBLIC,steezystudio,1:04:52,@klarzsenpaiii,OKAY?,Neutral
Seoul,1,3,JAM REPUBLIC,steezystudio,1:04:57,@JacobLeggett,miyabi so clean,Positive
Seoul,1,3,JAM REPUBLIC,steezystudio,1:04:57,@mktnzz,YESSSSSS,Positive
Seoul,1,3,JAM REPUBLIC,steezystudio,1:05:00,@InsaniTy-t3z,looking for an upset hahahaha,Negative
Seoul,1,3,JAM REPUBLIC,steezystudio,1:05:01,@jayj4y_16,MAY LABAN JRSEAAA YOOO,Positive
Seoul,1,3,JAM REPUBLIC,steezystudio,1:05:02,@federecoy4981,DAMNNNN,Positive
Seoul,1,3,JAM REPUBLIC,steezystudio,1:05:04,@irwin-rz2uq,AYY?????,Neutral
Seoul,1,3,JAM REPUBLIC,steezystudio,1:05:06,@mktnzz,JRSEAAA FTW!!!!!!,Positive
Seoul,1,3,JAM REPUBLIC,steezystudio,1:05:07,@sditoks8568,YOOOOOOOOOWWWWW,Positive
Seoul,1,3,JAM REPUBLIC,steezystudio,1:05:07,@eggyroven,HOLD UPPPPPP,Positive
Seoul,1,3,JAM REPUBLIC,steezystudio,1:05:07,@lauren_yy,WAIT THIS IS A CLOSE SCORE,Neutral
Seoul,1,3,JAM REPUBLIC,steezystudio,1:05:08,@rafahgamez3703,holy call outs,Positive
Seoul,1,3,JAM REPUBLIC,steezystudio,1:05:08,@yshnrys,THEYRE SO MADDD GAHWISBSJNED,Positive
Seoul,1,3,JAM REPUBLIC,steezystudio,1:05:12,@doitringsabel,not the poker face reference,Neutral
Seoul,1,3,JAM REPUBLIC,steezystudio,1:05:14,@irwin-rz2uq,THE IMPROVED A LOTTT,Positive
Seoul,2,1,ROYAL FAMILY,steezystudio,1:32:47,@alaizaJean20,San ko pwedi mapanood Ang junior?,Neutral
Seoul,2,1,ROYAL FAMILY,steezystudio,1:32:57,@snehakumari4868,lesgooooooo,Positive
Seoul,2,1,ROYAL FAMILY,steezystudio,1:32:58,@dvwr,LESGOOOOOOOOO,Positive
Seoul,2,1,ROYAL FAMILY,steezystudio,1:33:00,@ImFeja,????,Neutral
Seoul,2,1,ROYAL FAMILY,steezystudio,1:33:01,@kavoooo1,let's goooo,Positive
Seoul,2,1,ROYAL FAMILY,steezystudio,1:33:01,@jaeiou_,i'm so excited naihi ako eme,Positive
Seoul,2,1,ROYAL FAMILY,steezystudio,1:33:02,@sunakochan466,They would upload the junior i think,Neutral
Seoul,2,1,ROYAL FAMILY,steezystudio,1:33:03,@klarzsenpaiii,here we go?,Neutral
Seoul,2,1,ROYAL FAMILY,steezystudio,1:33:11,@Yleviathan,where can I watch Jr and community division?,Neutral
Seoul,2,1,ROYAL FAMILY,steezystudio,1:33:27,@jaeiou_,WOAHHHHH,Positive
Seoul,2,1,ROYAL FAMILY,steezystudio,1:33:40,@mdrnio_moffi,damnn,Positive
Seoul,2,1,ROYAL FAMILY,steezystudio,1:33:48,@mdrnio_moffi,rf might take the crown,Neutral
Seoul,2,1,ROYAL FAMILY,steezystudio,1:33:50,@thedigitalnoah,Dayyyym,Positive
Seoul,2,1,ROYAL FAMILY,steezystudio,1:33:55,@migoreu,this stage big as hell omg,Positive
Seoul,2,1,ROYAL FAMILY,steezystudio,1:34:05,@kavoooo1,oohhhhh,Positive
Seoul,2,1,ROYAL FAMILY,steezystudio,1:34:24,@thedigitalnoah,Ahhhh,Positive
Seoul,2,1,ROYAL FAMILY,steezystudio,1:34:30,@maki.sugarfree,RFFFFF,Neutral
Seoul,2,1,ROYAL FAMILY,steezystudio,1:34:32,@yooo_seoji,hmmkay miss red hair,Negative
Seoul,2,1,ROYAL FAMILY,steezystudio,1:34:37,@kavoooo1,yeahh this is too good they are going to win,Positive
Seoul,2,1,ROYAL FAMILY,steezystudio,1:34:37,@simeon5100,ouuuuu,Positive
Seoul,2,1,ROYAL FAMILY,steezystudio,1:34:40,@ellianeblondeau,yaaaas,Positive
Seoul,2,1,ROYAL FAMILY,steezystudio,1:34:40,@sunakochan466,Oh no they recycled a song again,Negative
Seoul,2,1,ROYAL FAMILY,steezystudio,1:34:57,@jbrevilleza3636,smh,Negative
Seoul,2,1,ROYAL FAMILY,steezystudio,1:34:59,@kavoooo1,oooohh,Positive
Seoul,2,1,ROYAL FAMILY,steezystudio,1:35:02,@Yleviathan,deeyymmm lezgo RF,Positive
Seoul,2,1,ROYAL FAMILY,steezystudio,1:35:05,@migoreu,OKAYYYYY,Positive
Seoul,2,1,ROYAL FAMILY,steezystudio,1:35:06,@klarzsenpaiii,why the cam shaking tho HAHAHAHAH,Negative
Seoul,2,1,ROYAL FAMILY,steezystudio,1:35:07,@thedigitalnoah,Woahhh,Positive
Seoul,2,1,ROYAL FAMILY,steezystudio,1:35:09,@kavoooo1,didnt they use this song before,Neutral
Seoul,2,1,ROYAL FAMILY,steezystudio,1:35:23,@yooo_seoji,formation and spacing really is their strength,Positive
Seoul,2,1,BROTHERHOOD,steezystudio,1:36:50,@KurtKydae,saja boysssss,Positive
Seoul,2,1,BROTHERHOOD,steezystudio,1:36:53,@PrinceJoshuaIballar,THEY ARE JUST SAVING UP FROM EARLIER,Negative
Seoul,2,1,BROTHERHOOD,steezystudio,1:36:53,@jayj4y_16,LEZGO BHHHHHH,Positive
Seoul,2,1,BROTHERHOOD,steezystudio,1:36:54,@HhhBbnnk,Lmao they done got into character,Positive
Seoul,2,1,BROTHERHOOD,steezystudio,1:36:55,@kavoooo1,hahahahahha saja boys,Neutral
Seoul,2,1,BROTHERHOOD,steezystudio,1:36:55,@jbrevilleza3636,BROOOOO,Positive
Seoul,2,1,BROTHERHOOD,steezystudio,1:36:58,@rhiazze,THT WAS SICK,Negative
Seoul,2,1,BROTHERHOOD,steezystudio,1:36:59,@dvwr,LMAOO SAJA BOYS,Positive
Seoul,2,1,BROTHERHOOD,steezystudio,1:37:01,@jayj4y_16,"WOOOWWWWWWWSNMSHG,EGE KF",Positive
Seoul,2,1,BROTHERHOOD,steezystudio,1:37:01,@irwin-rz2uq,BUBBLE POP,Neutral
Seoul,2,1,BROTHERHOOD,steezystudio,1:37:01,@inaayanathan621,saja brotherhood incoming,Neutral
Seoul,2,1,BROTHERHOOD,steezystudio,1:37:02,@Hwasa.-.,they are ready to eatttt,Positive
Seoul,2,1,BROTHERHOOD,steezystudio,1:37:02,@rtbd.6933,bamde de com,Neutral
Seoul,2,1,BROTHERHOOD,steezystudio,1:37:03,@Yleviathan,HAHAHAHAH Sahood!,Positive
Seoul,2,1,BROTHERHOOD,steezystudio,1:37:06,@irwin-rz2uq,SODA POP,Positive
Seoul,2,1,BROTHERHOOD,steezystudio,1:37:06,@ellianeblondeau,RF's song choices are kindaaaa not giving. tbh. It's like they're incohesive so the momentum flunks.,Negative
Seoul,2,1,BROTHERHOOD,steezystudio,1:37:09,@klarzsenpaiii,we expecting your idol???,Negative
Seoul,2,1,BROTHERHOOD,steezystudio,1:37:09,@sunakochan466,They woke up thank goodness,Positive
Seoul,2,1,BROTHERHOOD,steezystudio,1:37:13,@rhiazze,ow sja boys,Positive
Seoul,2,1,BROTHERHOOD,steezystudio,1:37:14,@klarzsenpaiii,OH SHIT,Positive
Seoul,2,1,BROTHERHOOD,steezystudio,1:37:21,@funbts_7,TAKE DOWNNN,Positive
Seoul,2,1,BROTHERHOOD,steezystudio,1:37:24,@jaeiou_,sajaaaa bi,Positive
Seoul,2,1,BROTHERHOOD,steezystudio,1:37:24,@irwin-rz2uq,LMFAOOOOOO,Neutral
Seoul,2,1,BROTHERHOOD,steezystudio,1:37:25,@rhiazze,ILABAS SI RUMI,Positive
Seoul,2,1,BROTHERHOOD,steezystudio,1:37:25,@keiholic,MNO WAY LMFAOOO,Positive
Seoul,2,1,BROTHERHOOD,steezystudio,1:37:26,@sqxxx516,LETS GOOOO,Positive
Seoul,2,1,BROTHERHOOD,steezystudio,1:37:27,@irwin-rz2uq,OMGGG,Positive
Seoul,2,1,BROTHERHOOD,steezystudio,1:37:27,@nikkisimbillo,oooooo,Positive
Seoul,2,1,BROTHERHOOD,steezystudio,1:37:29,@jbrevilleza3636,DAAAAAMNN,Positive
Seoul,2,1,BROTHERHOOD,steezystudio,1:37:30,@jaeiou_,AHHHH I'M WETT,Positive
Seoul,2,1,BROTHERHOOD,steezystudio,1:37:30,@klarzsenpaiii,OKAY??????,Neutral
Seoul,2,1,BROTHERHOOD,steezystudio,1:37:31,@kpop_fan1434,OOOOO,Positive
Seoul,2,1,BROTHERHOOD,steezystudio,1:37:32,@jaeiou_,jk,Neutral
Seoul,2,1,BROTHERHOOD,steezystudio,1:37:32,@InsaniTy-t3z,ohh shit,Positive
Seoul,2,1,BROTHERHOOD,steezystudio,1:37:33,@rhiazze,RUMI LABAS,Neutral
Seoul,2,1,BROTHERHOOD,steezystudio,1:37:35,@kavoooo1,ooh,Neutral
Seoul,2,1,BROTHERHOOD,steezystudio,1:37:38,@rhiazze,EYYYYY,Positive
Seoul,2,1,BROTHERHOOD,steezystudio,1:37:39,@rhiazze,ANGAS,Positive
Seoul,2,1,BROTHERHOOD,steezystudio,1:37:40,@klarzsenpaiii,KNEW THAT THEY GON USE THIS,Neutral
Seoul,2,1,BROTHERHOOD,steezystudio,1:37:41,@kavoooo1,hahaha,Neutral
Seoul,2,1,BROTHERHOOD,steezystudio,1:37:43,@ImFeja,The neck rotations with the hats look so good my god,Positive
Seoul,2,1,BROTHERHOOD,steezystudio,1:37:43,@mdrnio_moffi,1 million wswf reference,Neutral
Seoul,2,1,BROTHERHOOD,steezystudio,1:37:44,@sunakochan466,AYeAHHHHHHHH,Positive
Seoul,2,1,BROTHERHOOD,steezystudio,1:37:44,@rhiazze,LETS GO BH,Positive
Seoul,2,1,BROTHERHOOD,steezystudio,1:37:46,@Yleviathan,oohhhh!!!,Positive
Seoul,2,1,BROTHERHOOD,steezystudio,1:37:48,@klarzsenpaiii,LMAO THE SFX,Neutral
Seoul,2,1,BROTHERHOOD,steezystudio,1:37:50,@chubbycubby6179,OMGGG,Positive
Seoul,2,1,BROTHERHOOD,steezystudio,1:37:51,@lem6282,They cooked,Neutral
Seoul,2,1,BROTHERHOOD,steezystudio,1:37:56,@thedigitalnoah,erm,Neutral
Seoul,2,1,BROTHERHOOD,steezystudio,1:37:59,@irwin-rz2uq,OH THEYRE TAKING IT,Positive
Seoul,2,1,BROTHERHOOD,steezystudio,1:38:01,@kavoooo1,such a banger,Positive
Seoul,2,1,BROTHERHOOD,steezystudio,1:38:03,@rtbd.6933,BROOOOO,Positive
Seoul,2,1,BROTHERHOOD,steezystudio,1:38:05,@rhiazze,1m wasnt in wswf,Negative
Seoul,2,1,BROTHERHOOD,steezystudio,1:38:06,@shen_shanq,YOOOOOOOO THIS IS A BANG,Positive
Seoul,2,1,BROTHERHOOD,steezystudio,1:38:09,@simeon5100,HOLLYYY SHIIIIIII,Positive
Seoul,2,1,BROTHERHOOD,steezystudio,1:38:11,@keiholic,IN SEOUL TOO????,Neutral
Seoul,2,1,BROTHERHOOD,steezystudio,1:38:12,@Yleviathan,EEEYYYYY,Positive
Seoul,2,1,BROTHERHOOD,steezystudio,1:38:14,@irwin-rz2uq,geniuses holy,Positive
Seoul,2,1,BROTHERHOOD,steezystudio,1:38:15,@jaeiou_,they know their crowd,Neutral
Seoul,2,1,BROTHERHOOD,steezystudio,1:38:15,@dvwr,OK OK OKKKK,Neutral
Seoul,2,1,BROTHERHOOD,steezystudio,1:38:18,@sunakochan466,THEY WOKE UPPPPPPP,Positive
Seoul,2,1,BROTHERHOOD,steezystudio,1:38:19,@haakmeow,oh they saved up fr round 2,Neutral
Seoul,2,1,BROTHERHOOD,steezystudio,1:38:20,@kavoooo1,they are going to win,Positive
Seoul,2,1,BROTHERHOOD,steezystudio,1:38:27,@rhiazze,QUICKSTYLES MUSIC,Neutral
Seoul,2,1,BROTHERHOOD,steezystudio,1:38:28,@eggyroven,MEMPHIS JOOKIN WHATTT,Neutral
Seoul,2,1,BROTHERHOOD,steezystudio,1:38:32,@jung-zy8or,oh....,Neutral
Seoul,2,1,BROTHERHOOD,steezystudio,1:38:32,@ImFeja,YOOO,Positive
Seoul,2,1,BROTHERHOOD,steezystudio,1:38:37,@mdrnio_moffi,SO CLEAN WTHH,Positive
Seoul,2,1,BROTHERHOOD,steezystudio,1:38:37,@dvwr,the audio is crap,Negative
Seoul,2,1,BROTHERHOOD,steezystudio,1:38:39,@InsaniTy-t3z,wtfffff,Negative
Seoul,2,1,BROTHERHOOD,steezystudio,1:38:41,@4aplaya,what is this ahahqhq,Neutral
Seoul,2,1,BROTHERHOOD,steezystudio,1:38:43,@sept2039,@rhiazze they were,Neutral
Seoul,2,1,BROTHERHOOD,steezystudio,1:38:43,@yuemoooon,BRUH I MISSED NA END LIVE SA TIKTOK,Negative
Seoul,2,1,BROTHERHOOD,steezystudio,1:38:45,@japp4477,SHESH,Positive
Seoul,2,1,BROTHERHOOD,steezystudio,1:38:46,@jung-zy8or,may nagkamali huhu,Negative
Seoul,2,1,BROTHERHOOD,steezystudio,1:38:50,@jung-zy8or,sana hindi,Negative
Seoul,2,1,BROTHERHOOD,steezystudio,1:38:50,@owenstuart1420,what happen...,Neutral
Seoul,2,1,BROTHERHOOD,steezystudio,1:38:59,@natejuno_4928,THIS IS WHAT IM TALKIN BOUT,Neutral
Seoul,2,1,BROTHERHOOD,steezystudio,1:39:05,@PhilipILC,omg what theeeeee,Neutral
Seoul,2,1,BROTHERHOOD,steezystudio,1:39:08,@Yleviathan,may nagkamali hanep,Negative
Seoul,2,1,BROTHERHOOD,steezystudio,1:39:09,@nenevss,oh we so back,Positive
Seoul,2,1,BROTHERHOOD,steezystudio,1:39:13,@kavoooo1,this is amazing,Positive
Seoul,2,1,BROTHERHOOD,steezystudio,1:39:14,@PhilipILC,dayummmm:loudly_crying_face::loudly_crying_face:,Positive
Seoul,2,1,BROTHERHOOD,steezystudio,1:39:17,@nikkisimbillo,!!!!!,Positive
Seoul,2,1,BROTHERHOOD,steezystudio,1:39:20,@klarzsenpaiii,OHHHHHHHH?????????,Neutral
Seoul,2,1,1MILLION,steezystudio,1:40:50,@kavoooo1,they will probably lose,Negative
Seoul,2,1,1MILLION,steezystudio,1:40:58,@sunakochan466,1M WILL WIN,Positive
Seoul,2,1,1MILLION,steezystudio,1:41:03,@Yleviathan,okay let see 1M,Neutral
Seoul,2,1,1MILLION,steezystudio,1:41:29,@ImFeja,SPIDERVERSE MY GOAT MOVIE,Positive
Seoul,2,1,1MILLION,steezystudio,1:41:32,@JDN-pro,1m winning this one,Positive
Seoul,2,1,1MILLION,steezystudio,1:41:34,@ImFeja,Wassup danger,Negative
Seoul,2,1,1MILLION,steezystudio,1:41:43,@sqxxx516,SPIDERMANNN,Neutral
Seoul,2,1,1MILLION,steezystudio,1:41:45,@jbrevilleza3636,eme eme nito di p naman nag peperform 1Million :rolling_on_the_floor_laughing:,Negative
Seoul,2,1,1MILLION,steezystudio,1:41:46,@funbts_7,1M WINNING,Positive
Seoul,2,1,1MILLION,steezystudio,1:42:02,@JDN-pro,Alam nayan,Positive
Seoul,2,1,1MILLION,steezystudio,1:42:11,@imnoreen,nooo ... this ain't the songggggg,Negative
Seoul,2,1,1MILLION,steezystudio,1:42:12,@kavoooo1,ooh,Neutral
Seoul,2,1,1MILLION,steezystudio,1:42:17,@rhiazze,keep the wide-view damn,Neutral
Seoul,2,1,1MILLION,steezystudio,1:42:19,@ImFeja,Hard song to dance to,Neutral
Seoul,2,1,1MILLION,steezystudio,1:42:19,@noonXr,ohh this routine is strong!,Positive
Seoul,2,1,1MILLION,steezystudio,1:42:21,@ChrisBrianSabandal,royal familyy,Neutral
Seoul,2,1,1MILLION,steezystudio,1:42:23,@kavoooo1,this song is kinda mid,Negative
Seoul,2,1,1MILLION,steezystudio,1:42:23,@chubbycubby6179,OHHH,Positive
Seoul,2,1,1MILLION,steezystudio,1:42:23,@irwin-rz2uq,very smart ideas,Positive
Seoul,2,1,1MILLION,steezystudio,1:42:27,@rhiazze,i luv this song,Positive
Seoul,2,1,1MILLION,steezystudio,1:42:29,@ImFeja,Thats nice tho,Positive
Seoul,2,1,1MILLION,steezystudio,1:42:30,@shounayuno,nah brthrhood gonna win again,Negative
Seoul,2,1,1MILLION,steezystudio,1:42:30,@ArmyZenTiny4Lyfe,ok that was hot,Positive
Seoul,2,1,1MILLION,steezystudio,1:42:36,@genuinegaia,bhd 'bout to take them down,Negative
Seoul,2,1,1MILLION,steezystudio,1:42:38,@Yleviathan,ouuucchhhh,Positive
Seoul,2,1,1MILLION,steezystudio,1:42:38,@mdrnio_moffi,"good routine, but bad song",Negative
Seoul,2,1,1MILLION,steezystudio,1:42:41,@imnoreen,ya no brotherhood got it.,Negative
Seoul,2,1,1MILLION,steezystudio,1:42:43,@leighdinaya,oh they're winning,Positive
Seoul,2,1,1MILLION,steezystudio,1:42:45,@ramoskim1032,When is brotherhood?,Neutral
Seoul,2,1,1MILLION,steezystudio,1:42:46,@kavoooo1,brotherhood will win,Neutral
Seoul,2,1,1MILLION,steezystudio,1:42:48,@CalehlGabrielSamarista-dy3es,Why did you end it on tiktok,Negative
Seoul,2,1,1MILLION,steezystudio,1:42:50,@klarzsenpaiii,oh shi,Positive
Seoul,2,1,1MILLION,steezystudio,1:42:51,@nenevss,"actual choreo is mid, visuals are nice tho",Negative
Seoul,2,1,1MILLION,steezystudio,1:42:52,@rhiazze,bh is done,Positive
Seoul,2,1,1MILLION,steezystudio,1:42:53,@JDN-pro,Dami g adds,Positive
Seoul,2,1,1MILLION,steezystudio,1:42:54,@kkkup41,SPIDERMAAAAAAAAAAN,Positive
Seoul,2,1,1MILLION,steezystudio,1:42:55,@imnoreen,the song is holding them back lol,Negative
Seoul,2,1,1MILLION,steezystudio,1:42:56,@rhiazze,this is the last set,Neutral
Seoul,2,1,1MILLION,steezystudio,1:42:57,@Yleviathan,ooohhhh!!!,Positive
Seoul,2,1,1MILLION,steezystudio,1:42:59,@presko5787,now this is stronggg,Positive
Seoul,2,1,1MILLION,steezystudio,1:42:59,@jaeiou_,dangg debby,Positive
Seoul,2,1,1MILLION,steezystudio,1:43:00,@rhiazze,OH WOW,Positive
Seoul,2,1,1MILLION,steezystudio,1:43:00,@ArmyZenTiny4Lyfe,im leaning wofh royal fam rn. let's see how 1M lands,Neutral
Seoul,2,1,1MILLION,steezystudio,1:43:01,@sept2039,every single time.,Negative
Seoul,2,1,1MILLION,steezystudio,1:43:03,@presko5787,1mil,Neutral
Seoul,2,1,1MILLION,steezystudio,1:43:03,@rhiazze,WOAHHHH,Positive
Seoul,2,1,1MILLION,steezystudio,1:43:04,@klarzsenpaiii,abilijin,Neutral
Seoul,2,1,1MILLION,steezystudio,1:43:05,@ramoskim1032,When is brotherhood guys?,Neutral
Seoul,2,1,1MILLION,steezystudio,1:43:05,@grceael,pildi na,Neutral
Seoul,2,1,1MILLION,steezystudio,1:43:06,@johnkennethsantos9314,l ads,Neutral
Seoul,2,1,1MILLION,steezystudio,1:43:06,@rhiazze,WHO IS HER,Neutral
Seoul,2,1,1MILLION,steezystudio,1:43:09,@rhiazze,WHO WAS THAT,Neutral
Seoul,2,1,1MILLION,steezystudio,1:43:11,@funbts_7,WOAJHHJJJJJ,Positive
Seoul,2,1,1MILLION,steezystudio,1:43:11,@officialchachnel,teka nasa rf paako nakanood huhu,Neutral
Seoul,2,1,1MILLION,steezystudio,1:43:13,@sept2039,fucking ate,Positive
Seoul,2,1,1MILLION,steezystudio,1:43:14,@rhiazze,SO GOOD,Positive
Seoul,2,1,1MILLION,steezystudio,1:43:16,@kavoooo1,this song is ass but the choreography is good,Negative
Seoul,2,1,1MILLION,steezystudio,1:43:17,@joanin999,this is the best match up of the day,Positive
Seoul,2,1,1MILLION,steezystudio,1:43:19,@funbts_7,TEHYY GOT IT,Positive
Seoul,2,1,1MILLION,steezystudio,1:43:19,@IaMREIJI,1st brotherhood,Negative
Seoul,2,1,1MILLION,steezystudio,1:43:22,@kkkup41,Creativity top but choreography is a bit underwhelming,Negative
Seoul,2,1,1MILLION,steezystudio,1:43:25,@แมดเธอว์,the wswf moment i CANTTT,Positive
Seoul,2,1,1MILLION,steezystudio,1:43:26,@fvoclipx,song is hella asw,Positive
Seoul,2,1,1MILLION,steezystudio,1:43:28,@imnoreen,its quite obvious brotherhood had the winning routine for this 2nd round lol,Neutral
Seoul,2,1,1MILLION,steezystudio,1:43:30,@rhiazze,@kavoooo1 true,Neutral
Seoul,2,1,1MILLION,steezystudio,1:43:30,@eggyroven,They won’t,Negative
Seoul,2,1,1MILLION,steezystudio,1:43:32,@migoreu,THE SWSWF MOMENTTT,Positive
Seoul,1,1,GRV,idl.global,0:14:04,@Bitcxbed,OMGGGGGGG,Positive
Seoul,1,1,GRV,idl.global,0:14:04,@ayakasimp6217,tapos na ang community division!,Positive
Seoul,1,1,GRV,idl.global,0:14:04,@ririsgonewild,LETS GOO GRVVV,Positive
Seoul,1,1,GRV,idl.global,0:14:04,@Lucian7377,Kaka start pa lang,Negative
Seoul,1,1,GRV,idl.global,0:14:04,@johnvanabad5237,WOAH FIHNALLY RF TAKES COIN TOSS,Positive
Seoul,1,1,GRV,idl.global,0:14:05,@llaylllahh,GRVVV,Positive
Seoul,1,1,GRV,idl.global,0:14:05,@luclucille,LETS GO RF AND GRVVVVV,Positive
Seoul,1,1,GRV,idl.global,0:14:07,@Bitcxbed,IM EXCITED,Positive
Seoul,1,1,GRV,idl.global,0:14:07,@UwU-on8kq,LESSGO RFFFF,Neutral
Seoul,1,1,GRV,idl.global,0:14:07,@vyanzee6,RFFFFFF,Neutral
Seoul,1,1,GRV,idl.global,0:14:07,@Lucian7377,First match,Neutral
Seoul,1,1,GRV,idl.global,0:14:07,@RubyCrystal-u1y,oh oh what,Neutral
Seoul,1,1,GRV,idl.global,0:14:08,@davemagar8418,:elbowcough::elbowcough:,Positive
Seoul,1,1,GRV,idl.global,0:14:08,@jlzrxo,crowns up GOODLUCK GRV !!!,Positive
Seoul,1,1,GRV,idl.global,0:14:08,@ely.v00,next p brhd,Neutral
Seoul,1,1,GRV,idl.global,0:14:08,@thee_soleichanel,LETSSS GOOOOOOOOO,Positive
Seoul,1,1,GRV,idl.global,0:14:09,@xjiaqiluo,LETS GO GRV,Positive
Seoul,1,1,GRV,idl.global,0:14:09,@loraileys,OH MY GOFDDDD,Positive
Seoul,1,1,GRV,idl.global,0:14:09,@ririsgonewild,YEAHH GRVV,Positive
Seoul,1,1,GRV,idl.global,0:14:10,@AKAGum00,I feel like that was a huge mistake...,Negative
Seoul,1,1,GRV,idl.global,0:14:10,@llaylllahh,pls grvv,Neutral
Seoul,1,1,GRV,idl.global,0:14:10,@connellyzdiaz4529,SHOW EM WHO WE AREEEEEE RFFFFFF,Neutral
Seoul,1,1,GRV,idl.global,0:14:11,@jesshiachristhiaguardafavo6987,watching this for my bf,Neutral
Seoul,1,1,GRV,idl.global,0:14:13,@tn3cniverd187,LETS GOOO,Positive
Seoul,1,1,GRV,idl.global,0:14:14,@seowonschiaseed,LETS GOO GRVVV,Positive
Seoul,1,1,GRV,idl.global,0:14:14,@vahnyk,LESGOOOOO,Positive
Seoul,1,1,GRV,idl.global,0:14:14,@llaylllahh,ily grvvv,Positive
Seoul,1,1,GRV,idl.global,0:14:15,@dingdongring_7541,wow its like i cant hear the clay translating whats happening in eng,Negative
Seoul,1,1,GRV,idl.global,0:14:16,@vyanzee6,ROYAL FAMILY,Neutral
Seoul,1,1,GRV,idl.global,0:14:16,@realorencatayoc2728,LEZGO RFFFF,Positive
Seoul,1,1,GRV,idl.global,0:14:16,@curtaquino8426,lessgooo,Negative
Seoul,1,1,GRV,idl.global,0:14:16,@jarellejarap5688,LETSSS GIIIIIOOOOOOOOOO GRVV,Positive
Seoul,1,1,GRV,idl.global,0:14:16,@seowonschiaseed,YEAAAAA,Positive
Seoul,1,1,GRV,idl.global,0:14:17,@davemagar8418,:medal-yellow-first-red::medal-yellow-first-red::medal-yellow-first-red::medal-yellow-first-red:,Neutral
Seoul,1,1,GRV,idl.global,0:14:17,@rionvert,WOOOOOO,Positive
Seoul,1,1,GRV,idl.global,0:14:18,@Bitcxbed,I NO KOREAN BUT I AM EXCIIITED,Positive
Seoul,1,1,GRV,idl.global,0:14:19,@heinzfel,GOOD LUCK GRV,Positive
Seoul,1,1,GRV,idl.global,0:14:19,@st.tsa.09,LESGO GRVV,Positive
Seoul,1,1,GRV,idl.global,0:14:20,@not_having_a_good_time,"""no river'??? yeah he hates y'alls annoying asses",Negative
Seoul,1,1,GRV,idl.global,0:14:20,@seowonschiaseed,KOREKOREKOREKOREKOREKORE,Positive
Seoul,1,1,GRV,idl.global,0:14:20,@layvora3219,GRV take this one home mannnn cmonnnnnnn,Positive
Seoul,1,1,GRV,idl.global,0:14:22,@drypanie,laki ng stagw,Negative
Seoul,1,1,GRV,idl.global,0:14:24,@ClydeLacambra,GRV!!!,Positive
Seoul,1,1,GRV,idl.global,0:14:27,@JJPrintingshop-s8b8o,let's goooooooooooo,Positive
Seoul,1,1,GRV,idl.global,0:14:27,@shounayuno,those who are complaining about the language being use are just stupid as f,Negative
Seoul,1,1,GRV,idl.global,0:14:28,@RubyCrystal-u1y,goodluck,Positive
Seoul,1,1,GRV,idl.global,0:14:29,@nevieluvs,GO BROTHERHOOODDDDD,Positive
Seoul,1,1,GRV,idl.global,0:14:30,@connellyzdiaz4529,goodluck t bothj x,Positive
Seoul,1,1,GRV,idl.global,0:14:34,@RubyCrystal-u1y,hayan na,Neutral
Seoul,1,1,GRV,idl.global,0:14:40,@quintcarlgamer8552,LETSS GOOOWWWWWWW VANCOUVER!!,Positive
Seoul,1,1,GRV,idl.global,0:14:40,@blazeninja7764,lets GOOOOOOOOOOOOOOOOO,Positive
Seoul,1,1,GRV,idl.global,0:14:41,@quintcarlgamer8552,LETSS GOOOWWWWWWW VANCOUVER!!,Positive
Seoul,1,1,GRV,idl.global,0:14:41,@quintcarlgamer8552,LETSS GOOOWWWWWWW VANCOUVER!!,Positive
Seoul,1,1,GRV,idl.global,0:14:43,@quintcarlgamer8552,LETSS GOOOWWWWWWW VANCOUVER!!,Positive
Seoul,1,1,GRV,idl.global,0:14:43,@loraileys,Oo weak opening :loudly_crying_face:,Negative
Seoul,1,1,GRV,idl.global,0:14:44,@shounayuno,cleaaaan,Positive
Seoul,1,1,GRV,idl.global,0:14:45,@DNCharLeys,cleannn,Positive
Seoul,1,1,GRV,idl.global,0:14:45,@vensleepy,SO SMOOTH,Positive
Seoul,1,1,GRV,idl.global,0:14:47,@johngabrielcadiz,GO RF THIS IS YOUR REDEMPTION,Neutral
Seoul,1,1,GRV,idl.global,0:14:48,@UwU-on8kq,THE SYNCCC,Positive
Seoul,1,1,GRV,idl.global,0:14:51,@bonkersz0,let's gooooo,Positive
Seoul,1,1,GRV,idl.global,0:14:51,@Reiddddddddd,hype rhe room up guys,Neutral
Seoul,1,1,GRV,idl.global,0:14:56,@Bitcxbed,THIS GIVES BRHD SYDNEY VIBES,Positive
Seoul,1,1,GRV,idl.global,0:14:59,@johngabrielcadiz,RF!!!!,Positive
Seoul,1,1,GRV,idl.global,0:15:00,@kizuumi0420,AYE,Positive
Seoul,1,1,GRV,idl.global,0:15:00,@Pokie-e8n,soo weakkk,Negative
Seoul,1,1,GRV,idl.global,0:15:00,@ririsgonewild,YEAHH GRVVV,Positive
Seoul,1,1,GRV,idl.global,0:15:02,@connellyzdiaz4529,letssss goooo royalll fammmmm,Positive
Seoul,1,1,GRV,idl.global,0:15:03,@sofiacardonagallego,STOP TEXTING OME WE CANT SEE PART OF THE TV CUZ OF THESE COMMENTS,Negative
Seoul,1,1,GRV,idl.global,0:15:05,@xjiaqiluo,LETS GOOO,Positive
Seoul,1,1,GRV,idl.global,0:15:05,@veronica-yw2vo,LETS GO SO CLEAN,Positive
Seoul,1,1,GRV,idl.global,0:15:07,@xeiyano,hundred thou to a hundred thou,Neutral
Seoul,1,1,GRV,idl.global,0:15:09,@sofiacardonagallego,Stop texting,Negative
Seoul,1,1,GRV,idl.global,0:15:10,@Riza-r1v,GRVVVVV,Positive
Seoul,1,1,GRV,idl.global,0:15:11,@connellyzdiaz4529,RFFFFFFFFF,Neutral
Seoul,1,1,GRV,idl.global,0:15:12,@itsmenebula-nox,wawwww,Positive
Seoul,1,1,GRV,idl.global,0:15:13,@not_having_a_good_time,what song is this??,Neutral
Seoul,1,1,GRV,idl.global,0:15:13,@ccalvinator,waiting for moments,Neutral
Seoul,1,1,GRV,idl.global,0:15:17,@thee_soleichanel,AYEEEEEEE,Positive
Seoul,1,1,GRV,idl.global,0:15:17,@MJH977,WOAH,Positive
Seoul,1,1,GRV,idl.global,0:15:17,@swiftie_33,PLEASE,Neutral
Seoul,1,1,GRV,idl.global,0:15:17,@Pokie-e8n,oohhhh,Positive
Seoul,1,1,GRV,idl.global,0:15:18,@JeCzar,1MILLION!!! SUPPORT FROM PHILIPPINES,Positive
Seoul,1,1,GRV,idl.global,0:15:19,@connellyzdiaz4529,LETSSS GOOOOOOOO XXXXX,Positive
Seoul,1,1,GRV,idl.global,0:15:19,@shiryu1094,brotherhood,Negative
Seoul,1,1,GRV,idl.global,0:15:19,@celestiean,AYYYYYY,Positive
Seoul,1,1,GRV,idl.global,0:15:19,@derin8953,lezgoo,Positive
Seoul,1,1,GRV,idl.global,0:15:19,@CANAAN-x,Vincent ate that part,Positive
Seoul,1,1,GRV,idl.global,0:15:21,@realorencatayoc2728,Sheesh that’s clean,Positive
Seoul,1,1,GRV,idl.global,0:15:25,@justwavvv,luh bat ganyan yung lighting hahahha,Neutral
Seoul,1,1,GRV,idl.global,0:15:26,@pieceofdoe,Kinda slow,Negative
Seoul,1,1,GRV,idl.global,0:15:29,@MJH977,THE MUSIC GOES HAARD,Positive
Seoul,1,1,GRV,idl.global,0:15:29,@JaredEarnshaw,This crowd is crickets,Neutral
Seoul,1,1,GRV,idl.global,0:15:29,@vahnyk,yoooo,Positive
Seoul,1,1,GRV,idl.global,0:15:30,@rubysayer3025,Ohhhh SHIITTT,Positive
Seoul,1,1,GRV,idl.global,0:15:30,@connellyzdiaz4529,goodluck,Positive
Seoul,1,1,GRV,idl.global,0:15:32,@tookakuidude1121,uh oh,Neutral
Seoul,1,1,GRV,idl.global,0:15:32,@kizuumi0420,mkay that ate,Positive
Seoul,1,1,GRV,idl.global,0:15:33,@chaima8056,did brotherhood already pass ??,Negative
Seoul,1,1,GRV,idl.global,0:15:33,@veronica-yw2vo,OHHH THE SHADE,Positive
Seoul,1,1,GRV,idl.global,0:15:33,@DnRaven,RIVER NOVIN!!!,Positive
Seoul,1,1,GRV,idl.global,0:15:34,@Bitcxbed,the song is custom,Positive
Seoul,1,1,GRV,idl.global,0:15:34,@taynguyener,Oh NO,Negative
Seoul,1,1,GRV,idl.global,0:15:35,@AKAGum00,damn,Positive
Seoul,1,1,GRV,idl.global,0:15:35,@vyanzee6,uhh,Neutral
Seoul,1,1,GRV,idl.global,0:15:36,@QLe,crash,Negative
Seoul,1,1,GRV,idl.global,0:15:36,@celestiean,SMOOTHHHH,Positive
Seoul,1,1,GRV,idl.global,0:15:37,@heekiluna6050,aray mo,Neutral
Seoul,1,1,GRV,idl.global,0:15:38,@Sean_S_00,OH NO,Neutral
Seoul,1,1,GRV,idl.global,0:15:38,@johnemigguelvinavilez9447,DAMNNN,Positive
Seoul,1,1,GRV,idl.global,0:15:38,@BingoA2,uh oh,Neutral
Seoul,1,1,GRV,idl.global,0:15:39,@taynguyener,HE FELLLL,Positive
Seoul,1,1,GRV,idl.global,0:15:40,@lili_blink000,Ayeeee3,Positive
Seoul,1,1,GRV,idl.global,0:15:40,@arh1d3a,HEEEEEEELL YEAH,Positive
Seoul,1,1,GRV,idl.global,0:15:40,@MJH977,OH DAMN,Positive
Seoul,1,1,GRV,idl.global,0:15:41,@vyanzee6,uhh,Neutral
Seoul,1,1,GRV,idl.global,0:15:41,@jjjjjjjoshu,the crowd ...?,Negative
Seoul,1,1,GRV,idl.global,0:15:42,@ClydeLacambra,oh no,Negative
Seoul,1,1,GRV,idl.global,0:15:43,@TheGrifhinx,... shit,Negative
Seoul,1,1,GRV,idl.global,0:15:44,@molls-g8z,uhhhh,Neutral
Seoul,1,1,GRV,idl.global,0:15:44,@reignlawrenceantonio9101,dmn he messed up,Negative
Seoul,1,1,GRV,idl.global,0:15:44,@kizuumi0420,WHY IS THE CROWD DEAD IM CRINE,Negative
Seoul,1,1,GRV,idl.global,0:15:44,@JeCzar,they messed up,Negative
Seoul,1,1,GRV,idl.global,0:15:44,@christiankyleescoto2160,bro fix these angles,Negative
Seoul,1,1,GRV,idl.global,0:15:45,@swiftie_33,SHITTT IS SO GOODDD,Positive
Seoul,1,1,GRV,idl.global,0:15:45,@rekadanko4675,Uh ohh,Neutral
Seoul,1,1,GRV,idl.global,0:15:46,@yowzzz05,did he fell,Negative
Seoul,1,1,GRV,idl.global,0:15:46,@naeniaa,NAHHHH,Negative
Seoul,1,1,GRV,idl.global,0:15:46,@whlskey,car was tuff,Negative
Seoul,1,1,GRV,idl.global,0:15:47,@ninoarieldiocampo3939,awh,Neutral
Seoul,1,1,GRV,idl.global,0:15:47,@lili_blink000,Ayeeee woaahhh,Positive
Seoul,1,1,GRV,idl.global,0:15:47,@not_having_a_good_time,I WOKE U IN A NEW BUGGAAATTTTIIIII,Positive
Seoul,1,1,GRV,idl.global,0:15:48,@UwU-on8kq,lol the wheels,Neutral
Seoul,1,1,GRV,idl.global,0:15:49,@chanomatty,yun lang,Neutral
Seoul,1,1,GRV,idl.global,0:15:49,@xen_mm,SHIIII,Positive
Seoul,1,1,GRV,idl.global,0:15:49,@mdfarithibrahimm448,Boring,Negative
Seoul,1,1,GRV,idl.global,0:15:50,@Un.Popular.Opinion,Dammmn,Positive
Seoul,1,1,GRV,idl.global,0:15:50,@kenfident,aray nya,Positive
Seoul,1,1,GRV,idl.global,0:15:51,@azherdondriano214,Nah,Negative
Seoul,1,1,GRV,idl.global,0:15:52,@Cazy_dy,the crowd is not giving,Negative
Seoul,1,1,GRV,idl.global,0:15:52,@Ronneljoaquinbelando,RAHHHHHHHHH,Positive
Seoul,1,1,GRV,idl.global,0:15:52,@ninoarieldiocampo3939,thats heartbreaking,Negative
Seoul,1,1,GRV,idl.global,0:15:53,@Un.Popular.Opinion,RF have a chaaance,Negative
Seoul,1,1,GRV,idl.global,0:15:54,@christiankyleescoto2160,fix the angles,Negative
Seoul,1,1,GRV,idl.global,0:15:54,@RubyCrystal-u1y,ohhhhhhjjjjjjj,Positive
Seoul,1,1,GRV,idl.global,0:15:54,@Gam3Bo1KD,Parang Play safe sila IMO,Negative
Seoul,1,1,GRV,idl.global,0:15:55,@Andrea-cg3yx,SONG CHOICEEE!!! LOVE IT,Positive
Seoul,1,1,GRV,idl.global,0:15:55,@gz.29,AYEEEE,Positive
Seoul,1,1,GRV,idl.global,0:15:56,@ivandummy-o6x5d,grv,Neutral
Seoul,1,1,GRV,idl.global,0:15:56,@kizuumi0420,who messed up whar,Negative
Seoul,1,1,GRV,idl.global,0:15:56,@leelu-z1g,OMG!!!!,Positive
Seoul,1,1,GRV,idl.global,0:15:57,@Zszumi,ayee,Positive
Seoul,1,1,GRV,idl.global,0:15:58,@ohhtris,DEAD CROWD,Neutral
Seoul,1,1,GRV,idl.global,0:15:58,@JeCzar,1MILLION!!! SUPPORT FROM PHILIPPINES,Positive
Seoul,1,1,GRV,idl.global,0:16:00,@yins8542,was that a mistake?,Negative
Seoul,1,1,GRV,idl.global,0:16:00,@connellyzdiaz4529,okayyy,Positive
Seoul,1,1,GRV,idl.global,0:16:01,@yoopsie,HE DIDNT LANDDD,Negative
Seoul,1,1,GRV,idl.global,0:16:02,@LeeKangDan,Skip,Neutral
Seoul,1,1,GRV,idl.global,0:16:03,@Iovenia00,lol the crowd don’t care,Negative
Seoul,1,1,GRV,idl.global,0:16:04,@celestiean,AYEEEEEEEEEEEEE,Positive
Seoul,1,1,GRV,idl.global,0:16:05,@guuuu7j7654,The crowd is dead,Negative
Seoul,1,1,GRV,idl.global,0:16:05,@ateezinmydirection,error ba yung tambling?,Negative
Seoul,1,1,GRV,idl.global,0:16:06,@kizuumi0420,AYE I LIKE THAT,Positive
Seoul,1,1,GRV,idl.global,0:16:06,@BlessieVentigan-b6s,eyyyyyyy,Positive
Seoul,1,1,GRV,idl.global,0:16:06,@rynfrrr,i think they are lowering the crowd volume,Negative
Seoul,1,1,GRV,idl.global,0:16:06,@Bitcxbed,IN KOREA CROWDS DONT TALK DURING PERFORMANCES,Neutral
Seoul,1,1,GRV,idl.global,0:16:06,@channe156,77!!!!,Positive
Seoul,1,1,GRV,idl.global,0:16:07,@wicked.c7212,hmmm,Neutral
Seoul,1,1,GRV,idl.global,0:16:07,@molls-g8z,not engaging,Negative
Seoul,1,1,GRV,idl.global,0:16:08,@realorencatayoc2728,lezgo,Neutral
Seoul,1,1,GRV,idl.global,0:16:09,@johnmatthewmanaog6057,A FAULTY FALLL,Positive
Seoul,1,1,GRV,idl.global,0:16:09,@JDN-pro,Owww,Positive
Seoul,1,1,GRV,idl.global,0:16:11,@Andrea-cg3yx,may mali sila kanina eh,Negative
Seoul,1,1,GRV,idl.global,0:16:12,@LydiaKuhn-z5u,He missed the tuck,Negative
Seoul,1,1,GRV,idl.global,0:16:14,@shiryu1094,umay,Negative
Seoul,1,1,GRV,idl.global,0:16:14,@AKAGum00,idk mann this might be a missss,Negative
Seoul,1,1,GRV,idl.global,0:16:16,@RubyCrystal-u1y,crowd silent as helll,Negative
Seoul,1,1,GRV,idl.global,0:16:16,@Bitcxbed,STUDY KOREAN CULTUE BEFORE JUDGING,Neutral
Seoul,1,1,GRV,idl.global,0:16:16,@JDN-pro,He messed up,Negative
Seoul,1,1,GRV,idl.global,0:16:17,@shiryu1094,umay,Negative
Seoul,1,1,GRV,idl.global,0:16:19,@ririsgonewild,CMONN,Positive
Seoul,1,1,GRV,idl.global,0:16:20,@davemagar8418,so disappointinf,Negative
Seoul,1,1,GRV,idl.global,0:16:20,@seowonschiaseed,KOREAN CROWDS STAY SILENT OUT OF RESPECT,Negative
Seoul,1,1,GRV,idl.global,0:16:24,@ClydeLacambra,NICE BAWI GRV!!!,Positive
Seoul,1,1,GRV,idl.global,0:16:24,@JeCzar,their set is not giving,Negative
Seoul,1,1,GRV,idl.global,0:16:25,@heekiluna6050,BRO EVERYONE ARE JUST WAITING FOR BROTHERHOOD PERFORMANCE HAHHAA,Neutral
Seoul,1,1,GRV,idl.global,0:16:26,@stooopeeed,RF CAN WIN WITH THIS SHI,Positive
Seoul,1,1,GRV,idl.global,0:16:27,@arh1d3a,Cleannnn,Positive
Seoul,1,1,GRV,idl.global,0:16:29,@kizuumi0420,im here for brotherhood but dang id still scream ts out of my lungs braur ToT,Negative
Seoul,1,1,GRV,idl.global,0:16:30,@Sean_S_00,REFERENCE,Neutral
Seoul,1,1,GRV,idl.global,0:16:31,@yins8542,BRV :shushing_face:,Neutral
Seoul,1,1,GRV,idl.global,0:16:32,@ayakasimp6217,camera works is greate this time huh!,Positive
Seoul,1,1,GRV,idl.global,0:16:33,@hye2there,ayy,Positive
Seoul,1,1,GRV,idl.global,0:16:35,@taliabailey6015,:fire::fire::fire::fire:,Positive
Seoul,1,1,GRV,idl.global,0:16:35,@shounayuno,wow clean combo,Positive
Seoul,1,1,GRV,idl.global,0:16:35,@yowzzz05,THEY'RE THROWING SHADE AT RD,Neutral
Seoul,1,1,GRV,idl.global,0:16:36,@Bitcxbed,EXACTLY CHIA SEED IS RIGHT,Positive
Seoul,1,1,GRV,idl.global,0:16:36,@vahnyk,damn,Positive
Seoul,1,1,GRV,idl.global,0:16:36,@patriciadesquitado871,Whoa whoa whoa,Positive
Seoul,1,1,GRV,idl.global,0:16:37,@sinnombre2r345,"this is normal, i don´t see something new",Negative
Seoul,1,1,GRV,idl.global,0:16:38,@yowzzz05,RF,Neutral
Seoul,1,1,GRV,idl.global,0:16:38,@karlmarx1st,BULOK NA NAPPRESSURE NA SILA INGAY NIYO KASI E,Negative
Seoul,1,1,GRV,idl.global,0:16:39,@MJH977,AYEEE,Positive
Seoul,1,1,GRV,idl.global,0:16:39,@CANAAN-x,RF reference,Neutral
Seoul,1,1,GRV,idl.global,0:16:39,@ginalyndizon2400,when did the live start guys? just now?,Neutral
Seoul,1,1,GRV,idl.global,0:16:40,@ririsgonewild,YOOOOO,Positive
Seoul,1,1,GRV,idl.global,0:16:40,@Lucian7377,Woahhh,Positive
Seoul,1,1,GRV,idl.global,0:16:40,@WillyWonkachocolatefactory990,OMGGG,Positive
Seoul,1,1,GRV,idl.global,0:16:40,@handsomewolf1909,HOLY CALLOUT,Positive
Seoul,1,1,GRV,idl.global,0:16:40,@connellyzdiaz4529,okayyyy,Positive
Seoul,1,1,GRV,idl.global,0:16:41,@JeCzar,its still clean tho,Positive
Seoul,1,1,GRV,idl.global,0:16:41,@johnmatthewmanaog6057,rf got that extra point,Neutral
Seoul,1,1,GRV,idl.global,0:16:41,@riacakes_xoxo,Oof,Positive
Seoul,1,1,GRV,idl.global,0:16:41,@rayn6152,oh the call outs,Positive
Seoul,1,1,GRV,idl.global,0:16:41,@johngabrielcadiz,EYYYYY,Positive
Seoul,1,1,GRV,idl.global,0:16:42,@notkenma,CALL OUTTT,Neutral
Seoul,1,1,GRV,idl.global,0:16:42,@Nyx_ze67,DISS,Positive
Seoul,1,1,GRV,idl.global,0:16:43,@Sean_S_00,AYO999 REFERENCE,Neutral
Seoul,1,1,GRV,idl.global,0:16:43,@loraileys,theres nothing special,Negative
Seoul,1,1,GRV,idl.global,0:16:43,@andreitamboong5620,owwwwa,Positive
Seoul,1,1,GRV,idl.global,0:16:43,@markilaset09,THE RF REFERENCE,Neutral
Seoul,1,1,GRV,idl.global,0:16:44,@tn3cniverd187,HAHHAHA,Neutral
Seoul,1,1,GRV,idl.global,0:16:44,@reignlawrenceantonio9101,OOHHHHH call ouutttt,Positive
Seoul,1,1,GRV,idl.global,0:16:44,@Andrea-cg3yx,YOOOOOOOO,Positive
Seoul,1,1,GRV,idl.global,0:16:45,@ikeeee_0,LOLLLL,Positive
Seoul,1,1,GRV,idl.global,0:16:45,@ninoarieldiocampo3939,"SHUT UP WITH ""KOREAN CROWN DOESNT CARE"" THEY JUST RESPECT THE PERFORMANCE",Negative
Seoul,1,1,GRV,idl.global,0:16:45,@LucasPasig,nah the RF shade,Negative
Seoul,1,1,GRV,idl.global,0:16:46,@ikeeee_0,adasdada,Positive
Seoul,1,1,GRV,idl.global,0:16:46,@axlcrd17,shade,Neutral
Seoul,1,1,GRV,idl.global,0:16:46,@molls-g8z,crowd isnt silent guys wdym,Neutral
Seoul,1,1,GRV,idl.global,0:16:47,@Gam3Bo1KD,grabeng call back yun ah,Positive
Seoul,1,1,GRV,idl.global,0:16:47,@otakulisa,SHADE SEENNNNNNNN,Positive
Seoul,1,1,GRV,idl.global,0:16:49,@veronica-yw2vo,AYEEEE CALLES OUT,Positive
Seoul,1,1,GRV,idl.global,0:16:49,@TheGrifhinx,LET'S GO TIME TO DO THE DISSES,Positive
Seoul,1,1,GRV,idl.global,0:16:49,@vahnyk,lmaoo,Neutral
Seoul,1,1,GRV,idl.global,0:16:53,@RubyCrystal-u1y,ohhhhh,Positive
Seoul,1,1,GRV,idl.global,0:16:53,@vahnyk,SHDEEEE,Positive
Seoul,1,1,GRV,idl.global,0:16:56,@Andrea-cg3yx,call back agad????,Neutral
Seoul,1,1,GRV,idl.global,0:16:56,@JaredEarnshaw,OMGGGGG,Positive
Seoul,1,1,GRV,idl.global,0:16:57,@JeCzar,1MILLION!!! SUPPORT FROM PHILIPPINES,Positive
Seoul,1,1,GRV,idl.global,0:16:57,@ipadsabahay,yooo why no cheer from the peoplee,Negative
Seoul,1,1,GRV,idl.global,0:16:57,@winnieauyeung09,ateee,Positive
Seoul,1,1,GRV,idl.global,0:16:58,@gerardreytas6322,boring set,Negative
Seoul,1,1,GRV,idl.global,0:16:58,@francisjosephsola,hahahaha lmao,Neutral
Seoul,1,1,GRV,idl.global,0:16:58,@vensleepy,where the diss i didnt see it,Negative
Seoul,1,1,GRV,idl.global,0:16:58,@Andrea-cg3yx,bilis ah,Positive
Seoul,1,1,GRV,idl.global,0:16:59,@vahnyk,THE SHADEEEE,Positive
Seoul,1,1,GRV,idl.global,0:17:00,@realorencatayoc2728,Clean wow,Positive
Seoul,1,1,GRV,idl.global,0:17:01,@thee_soleichanel,yeah I think we forget there are different crowd standards in different countries,Negative
Seoul,1,1,GRV,idl.global,0:17:01,@justinequibod8,what a call back,Positive
Seoul,1,1,GRV,idl.global,0:17:02,@ayen_cat04,LEZGOOO GRV,Positive
Seoul,1,1,GRV,idl.global,0:17:03,@vensleepy,BUT THEY WERE SO SMOOTH,Positive
Seoul,1,1,GRV,idl.global,0:17:04,@kizuumi0420,OMG AINT NO WAY,Positive
Seoul,1,1,GRV,idl.global,0:17:05,@seowonschiaseed,1MILLIONNN,Neutral
Seoul,1,1,GRV,idl.global,0:17:06,@russellmagat3576,THE SHADE!!!!???,Positive
Seoul,1,1,GRV,idl.global,0:17:07,@user-pj8fu2uf,the shadeee,Positive
Seoul,1,1,GRV,idl.global,0:17:07,@toshq_q,L song,Neutral
Seoul,1,1,ROYAL FAMILY,idl.global,0:18:06,@xeiyano,KUNG MAKAPAGREKLAMO AKALA MO JUDGE TALAGA HAHAHSHAHAHA,Neutral
Seoul,1,1,ROYAL FAMILY,idl.global,0:18:06,@KurtczackToledo,RFFFFF,Neutral
Seoul,1,1,ROYAL FAMILY,idl.global,0:18:06,@jisyng,i dont get the hype at all,Negative
Seoul,1,1,ROYAL FAMILY,idl.global,0:18:06,@winnieauyeung09,:face-red-smiling-live:,Neutral
Seoul,1,1,ROYAL FAMILY,idl.global,0:18:06,@jekeiya,LESZGOOOOOOOOOOOOO RFFFFFFFFFFFFFFFFFFFFFFFFFFFFFFFFFFFFFFFFFFFFFF,Positive
Seoul,1,1,ROYAL FAMILY,idl.global,0:18:06,@arh1d3a,Реально мясо,Positive
Seoul,1,1,ROYAL FAMILY,idl.global,0:18:06,@ZymonRigor,RRFFF,Neutral
Seoul,1,1,ROYAL FAMILY,idl.global,0:18:07,@kylerom3992,the fall is gonna cost,Negative
Seoul,1,1,ROYAL FAMILY,idl.global,0:18:07,@xaroulaspanou,stop fxcking hating yall its not like y can do better,Negative
Seoul,1,1,ROYAL FAMILY,idl.global,0:18:07,@WillyWonkachocolatefactory990,it was MID,Neutral
Seoul,1,1,ROYAL FAMILY,idl.global,0:18:07,@PRINCEJACOBOPACO,RF THIS TIMEEEEEEEEEEEE BRUHHHHHHHH NAGKAMALI GRV,Positive
Seoul,1,1,ROYAL FAMILY,idl.global,0:18:07,@MJH977,RF LETS GOOO\,Positive
Seoul,1,1,ROYAL FAMILY,idl.global,0:18:08,@meow_meowieee,THE REFERENCE :loudly_crying_face::loudly_crying_face::loudly_crying_face:,Negative
Seoul,1,1,ROYAL FAMILY,idl.global,0:18:08,@ZymonRigor,RFFF,Neutral
Seoul,1,1,ROYAL FAMILY,idl.global,0:18:08,@DJJD17,Crowns up!:crown::yellow_heart:,Positive
Seoul,1,1,ROYAL FAMILY,idl.global,0:18:08,@DnRaven,RIVER NOVIN :fire::fire::fire::fire:,Positive
Seoul,1,1,ROYAL FAMILY,idl.global,0:18:08,@alma.gv2,crowd dead af,Negative
Seoul,1,1,ROYAL FAMILY,idl.global,0:18:09,@angelotzy2518,lezz gooooo,Positive
Seoul,1,1,ROYAL FAMILY,idl.global,0:18:09,@PRINCEJACOBOPACO,RF THIS TIMEEEEEEEEEEEE BRUHHHHHHHH NAGKAMALI GRV,Positive
Seoul,1,1,ROYAL FAMILY,idl.global,0:18:09,@Migszxh,that's so insane,Positive
Seoul,1,1,ROYAL FAMILY,idl.global,0:18:10,@bellamybellamy5869,Saan magvote?,Neutral
Seoul,1,1,ROYAL FAMILY,idl.global,0:18:10,@rooknite,CMON,Positive
Seoul,1,1,ROYAL FAMILY,idl.global,0:18:10,@rayn6152,this might be the chance of RF to finally advance to R2,Positive
Seoul,1,1,ROYAL FAMILY,idl.global,0:18:11,@ayela562,Very clean but not as charismatic as I hoped,Negative
Seoul,1,1,ROYAL FAMILY,idl.global,0:18:11,@cakebatter012,"beginning was mid, got better towards the end",Negative
Seoul,1,1,ROYAL FAMILY,idl.global,0:18:11,@PRINCEJACOBOPACO,RF THIS TIMEEEEEEEEEEEE BRUHHHHHHHH NAGKAMALI GRV,Positive
Seoul,1,1,ROYAL FAMILY,idl.global,0:18:12,@yowzzz05,how are they suppose to see loll,Neutral
Seoul,1,1,ROYAL FAMILY,idl.global,0:18:12,@jekeiya,RFFFFF RFFF RFFFFFFFFFFFFFFFFFFFFFFFF,Neutral
Seoul,1,1,ROYAL FAMILY,idl.global,0:18:12,@coralie8073,Guys did he fell during the backflip :loudly_crying_face::loudly_crying_face:,Negative
Seoul,1,1,ROYAL FAMILY,idl.global,0:18:12,@vhs_dreams_yt,clean but week,Negative
Seoul,1,1,ROYAL FAMILY,idl.global,0:18:12,@luclucille,LETSS GOOO RFFF,Positive
Seoul,1,1,ROYAL FAMILY,idl.global,0:18:13,@d.s-i2d,sad slip and song choice :(,Negative
Seoul,1,1,ROYAL FAMILY,idl.global,0:18:13,@vyanzee6,:eyes-pink-heart-shape::eyes-pink-heart-shape:,Neutral
Seoul,1,1,ROYAL FAMILY,idl.global,0:18:13,@rooknite,LETS GOOOOO,Positive
Seoul,1,1,ROYAL FAMILY,idl.global,0:18:13,@PRINCEJACOBOPACO,RF THIS TIMEEEEEEEEEEEE BRUHHHHHHHH NAGKAMALI GRV,Positive
Seoul,1,1,ROYAL FAMILY,idl.global,0:18:14,@enashinoo,VERY clean but not striking,Negative
Seoul,1,1,ROYAL FAMILY,idl.global,0:18:14,@BriannaHamilton-lr9zg,Nha the call out was not it ahhahaha,Negative
Seoul,1,1,ROYAL FAMILY,idl.global,0:18:15,@winnieauyeung09,:yellow_heart::yellow_heart::yellow_heart::yellow_heart:,Positive
Seoul,1,1,ROYAL FAMILY,idl.global,0:18:15,@PRINCEJACOBOPACO,RF THIS TIMEEEEEEEEEEEE BRUHHHHHHHH NAGKAMALI GRV,Positive
Seoul,1,1,ROYAL FAMILY,idl.global,0:18:15,@meow_meowieee,LET'S GO RF! :fire:,Positive
Seoul,1,1,ROYAL FAMILY,idl.global,0:18:16,@encrts,the calloutttt,Positive
Seoul,1,1,ROYAL FAMILY,idl.global,0:18:16,@takeyyshi,crowd dead af,Negative
Seoul,1,1,ROYAL FAMILY,idl.global,0:18:16,@shiryu1094,brotherhood,Negative
Seoul,1,1,ROYAL FAMILY,idl.global,0:18:17,@vhs_dreams_yt,clean but weak,Negative
Seoul,1,1,ROYAL FAMILY,idl.global,0:18:17,@krizelleganancial,boring oof,Negative
Seoul,1,1,ROYAL FAMILY,idl.global,0:18:17,@luisandreidelarosa3505,i think something happened thats not their 100%,Negative
Seoul,1,1,ROYAL FAMILY,idl.global,0:18:17,@rooknite,Ywaahaghaahaha,Positive
Seoul,1,1,ROYAL FAMILY,idl.global,0:18:18,@JCT.MINGUITO,goooo,Positive
Seoul,1,1,ROYAL FAMILY,idl.global,0:18:18,@DavejasperDandan,eyyyy,Positive
Seoul,1,1,ROYAL FAMILY,idl.global,0:18:18,@czyrinetorres6887,mas good yung sydney nila,Positive
Seoul,1,1,ROYAL FAMILY,idl.global,0:18:19,@donalenesadventures,WOWOWOW,Positive
Seoul,1,1,ROYAL FAMILY,idl.global,0:18:19,@heekiluna6050,YEAH THATS RIGGHT CLEAN BUT WEAK,Negative
Seoul,1,1,ROYAL FAMILY,idl.global,0:18:20,@DJJD17,Royal Family〜:yellow_heart:,Neutral
Seoul,1,1,ROYAL FAMILY,idl.global,0:18:20,@PRINCEJACOBOPACO,RF THIS TIMEEEEEEEEEEEE BRUHHHHHHHH NAGKAMALI GRV,Positive
Seoul,1,1,ROYAL FAMILY,idl.global,0:18:21,@Yondamotivs,bhood already done?,Neutral
Seoul,1,1,ROYAL FAMILY,idl.global,0:18:22,@UwU-on8kq,RF U GOT THIS,Positive
Seoul,1,1,ROYAL FAMILY,idl.global,0:18:22,@PRINCEJACOBOPACO,RF THIS TIMEEEEEEEEEEEE BRUHHHHHHHH NAGKAMALI GRV,Positive
Seoul,1,1,ROYAL FAMILY,idl.global,0:18:23,@ivandummy-o6x5d,tf u mean wek,Neutral
Seoul,1,1,ROYAL FAMILY,idl.global,0:18:23,@Da-x3s,RFFFFFF,Neutral
Seoul,1,1,ROYAL FAMILY,idl.global,0:18:24,@pieceofdoe,ROOTING FOR THIS ON,Neutral
Seoul,1,1,ROYAL FAMILY,idl.global,0:18:24,@Migszxh,love this kind of dance competition,Positive
Seoul,1,1,ROYAL FAMILY,idl.global,0:18:25,@AKAGum00,GRV throwing the battle to win a bet LOL,Neutral
Seoul,1,1,ROYAL FAMILY,idl.global,0:18:25,@Helyum3,thet didnt give their everything on it,Negative
Seoul,1,1,ROYAL FAMILY,idl.global,0:18:25,@xeiyano,go rf :collision::collision:,Neutral
Seoul,1,1,ROYAL FAMILY,idl.global,0:18:26,@DavejasperDandan,:fire::fire::fire::fire:,Positive
Seoul,1,1,ROYAL FAMILY,idl.global,0:18:26,@heinzfel,i think the backflip flopped,Negative
Seoul,1,1,ROYAL FAMILY,idl.global,0:18:26,@BENEDICT-j1b,OH YEAA,Positive
Seoul,1,1,ROYAL FAMILY,idl.global,0:18:27,@yourbaddie143,VOTE FOR GRV!!!!!,Neutral
Seoul,1,1,ROYAL FAMILY,idl.global,0:18:27,@seowonschiaseed,RFRFRFRFRFRFRFRFRFRFRFRFRF,Neutral
Seoul,1,1,ROYAL FAMILY,idl.global,0:18:27,@molls-g8z,CROWNED,Neutral
Seoul,1,1,ROYAL FAMILY,idl.global,0:18:28,@donalenesadventures,KILLED THAT,Negative
Seoul,1,1,ROYAL FAMILY,idl.global,0:18:29,@MJH977,ICONIC POSE OFC,Positive
Seoul,1,1,ROYAL FAMILY,idl.global,0:18:29,@yowzzz05,RF FIREEEEE,Positive
Seoul,1,1,ROYAL FAMILY,idl.global,0:18:30,@Helyum3,OH,Neutral
Seoul,1,1,ROYAL FAMILY,idl.global,0:18:30,@DJJD17,let'sgo!,Positive
Seoul,1,1,ROYAL FAMILY,idl.global,0:18:31,@takeyyshi,crowd dead sf,Negative
Seoul,1,1,ROYAL FAMILY,idl.global,0:18:31,@yourbaddie143,:green_heart::green_heart::green_heart::green_heart::green_heart::green_heart:,Positive
Seoul,1,1,ROYAL FAMILY,idl.global,0:18:31,@patriciadesquitado871,Whoa,Positive
Seoul,1,1,ROYAL FAMILY,idl.global,0:18:33,@stooopeeed,grv lose,Negative
Seoul,1,1,ROYAL FAMILY,idl.global,0:18:33,@vahnyk,OOHH,Positive
Seoul,1,1,ROYAL FAMILY,idl.global,0:18:35,@PRINCEJACOBOPACO,DAMNNNNNNNN,Positive
Seoul,1,1,ROYAL FAMILY,idl.global,0:18:35,@kevinbriang.garcia6398,OMGGG,Positive
Seoul,1,1,ROYAL FAMILY,idl.global,0:18:36,@brainwavetony6201,PA SHOUTOUT KAY __JUDE TORIAGA__,Neutral
Seoul,1,1,ROYAL FAMILY,idl.global,0:18:36,@Uknown_creature,Broo lesgow,Neutral
Seoul,1,1,ROYAL FAMILY,idl.global,0:18:37,@JCT.MINGUITO,shout out sa ako,Positive
Seoul,1,1,ROYAL FAMILY,idl.global,0:18:37,@lucien_friess,colddd,Negative
Seoul,1,1,ROYAL FAMILY,idl.global,0:18:38,@rooknite,DADSSS,Positive
Seoul,1,1,ROYAL FAMILY,idl.global,0:18:39,@seowonschiaseed,OMG GGGGG,Positive
Seoul,1,1,ROYAL FAMILY,idl.global,0:18:39,@oma1036,OH SHI,Positive
Seoul,1,1,ROYAL FAMILY,idl.global,0:18:39,@johngabrielcadiz,SHEEESH SO CLEAN,Positive
Seoul,1,1,ROYAL FAMILY,idl.global,0:18:39,@channe156,The song choice!!!,Positive
Seoul,1,1,ROYAL FAMILY,idl.global,0:18:40,@DavejasperDandan,brotherhood :fire::fire::fire::fire::fire::fire::fire::fire:,Positive
Seoul,1,1,ROYAL FAMILY,idl.global,0:18:40,@sinnombre2r345,grrat song choice,Positive
Seoul,1,1,ROYAL FAMILY,idl.global,0:18:40,@brainwavetony6201,!\PA SHOUTOUT KAY __JUDE TORIAGA__,Neutral
Seoul,1,1,ROYAL FAMILY,idl.global,0:18:40,@johnemigguelvinavilez9447,WHOOOAAA,Positive
Seoul,1,1,ROYAL FAMILY,idl.global,0:18:41,@rooknite,ADSSS,Positive
Seoul,1,1,ROYAL FAMILY,idl.global,0:18:41,@arh1d3a,HOLYYYYYY,Positive
Seoul,1,1,ROYAL FAMILY,idl.global,0:18:41,@juliachiu228,GRV:green_heart:GRV:green_heart:GRV:green_heart:GRV:green_heart:GRV:green_heart:GRV:green_heart:,Neutral
Seoul,1,1,ROYAL FAMILY,idl.global,0:18:41,@KurtczackToledo,HOLY SHEETTTT,Positive
Seoul,1,1,ROYAL FAMILY,idl.global,0:18:42,@heekiluna6050,kice ads,Neutral
Seoul,1,1,ROYAL FAMILY,idl.global,0:18:43,@seowonschiaseed,FIREE,Positive
Seoul,1,1,ROYAL FAMILY,idl.global,0:18:43,@derin8953,REDEMPTION ARC,Neutral
Seoul,1,1,ROYAL FAMILY,idl.global,0:18:43,@realorencatayoc2728,I agree with the clean but weak,Negative
Seoul,1,1,ROYAL FAMILY,idl.global,0:18:45,@DJJD17,nice!,Positive
Seoul,1,1,ROYAL FAMILY,idl.global,0:18:46,@shounayuno,okay rf,Neutral
Seoul,1,1,ROYAL FAMILY,idl.global,0:18:46,@T818-s6d,OH MAI GOD,Positive
Seoul,1,1,ROYAL FAMILY,idl.global,0:18:46,@MeltonLagrimas,Go rffffff,Positive
Seoul,1,1,ROYAL FAMILY,idl.global,0:18:48,@bonkersz0,LET'S GOOO,Positive
Seoul,1,1,ROYAL FAMILY,idl.global,0:18:49,@kizuumi0420,LEZGAUR RFAM,Neutral
Seoul,1,1,ROYAL FAMILY,idl.global,0:18:49,@seowonschiaseed,SO MUCH BETTERR,Positive
Seoul,1,1,ROYAL FAMILY,idl.global,0:18:49,@xeiyano,SONG CHOICEEEE,Positive
Seoul,1,1,ROYAL FAMILY,idl.global,0:18:50,@JeCzar,oop that was kinda messy,Negative
Seoul,1,1,ROYAL FAMILY,idl.global,0:18:50,@kevinbriang.garcia6398,OMGGGGGGG,Positive
Seoul,1,1,ROYAL FAMILY,idl.global,0:18:51,@bea-ok3pl,THE AD,Neutral
Seoul,1,1,ROYAL FAMILY,idl.global,0:18:52,@RubyCrystal-u1y,ohhhh,Positive
Seoul,1,1,ROYAL FAMILY,idl.global,0:18:52,@CANAAN-x,Family Ties is such a good pick,Positive
Seoul,1,1,ROYAL FAMILY,idl.global,0:18:52,@lhscjkdn,GRV REMAINS BETTER,Neutral
Seoul,1,1,ROYAL FAMILY,idl.global,0:18:53,@lucien_friess,nahhh they cold,Negative
Seoul,1,1,ROYAL FAMILY,idl.global,0:18:53,@Jude-td4hf,OMGGG,Positive
Seoul,1,1,ROYAL FAMILY,idl.global,0:18:54,@Andrea-cg3yx,YOOOOOOO,Positive
Seoul,1,1,ROYAL FAMILY,idl.global,0:18:55,@whlskey,nice ads,Positive
Seoul,1,1,ROYAL FAMILY,idl.global,0:18:55,@PRINCEJACOBOPACO,RF THID TIME,Neutral
Seoul,1,1,ROYAL FAMILY,idl.global,0:18:58,@kizuumi0420,AYEEEE,Positive
Seoul,1,1,ROYAL FAMILY,idl.global,0:18:58,@dafi-quakc,EY EY EYYYY,Positive
Seoul,1,1,ROYAL FAMILY,idl.global,0:19:00,@xeiyano,RF REDEMPTION ARC??,Neutral
Seoul,1,1,ROYAL FAMILY,idl.global,0:19:01,@MarcGaffud,TF IS THAT AD,Neutral
Seoul,1,1,ROYAL FAMILY,idl.global,0:19:05,@jesshiachristhiaguardafavo6987,ouu shiii,Positive
Seoul,1,1,ROYAL FAMILY,idl.global,0:19:06,@Helyum3,rf clearly win,Positive
Seoul,1,1,ROYAL FAMILY,idl.global,0:19:06,@patriciadesquitado871,That flannel,Positive
Seoul,1,1,ROYAL FAMILY,idl.global,0:19:07,@AttillahAlog,LETS GOOOO,Positive
Seoul,1,1,ROYAL FAMILY,idl.global,0:19:07,@kavitas_13,Guys has brotherhood been on yet,Neutral
Seoul,1,1,ROYAL FAMILY,idl.global,0:19:07,@JCT.MINGUITO,but my add,Neutral
Seoul,1,1,ROYAL FAMILY,idl.global,0:19:08,@PRINCEJACOBOPACO,RF THIS TIMEEEEEEEEEEEE BRUHHHHHHHH NAGKAMALI GRV,Positive
Seoul,1,1,ROYAL FAMILY,idl.global,0:19:09,@enashinoo,Yeah rf is taking this,Neutral
Seoul,1,1,ROYAL FAMILY,idl.global,0:19:09,@realorencatayoc2728,Wowwwwoww rf,Positive
Seoul,1,1,ROYAL FAMILY,idl.global,0:19:09,@tookakuidude1121,finally rf is coming back to their senses,Positive
Seoul,1,1,ROYAL FAMILY,idl.global,0:19:10,@DJJD17,wowwwwwwwww,Positive
Seoul,1,1,ROYAL FAMILY,idl.global,0:19:10,@PRINCEJACOBOPACO,RF THIS TIMEEEEEEEEEEEE BRUHHHHHHHH NAGKAMALI GRVRF THIS TIMEEEEEEEEEEEE BRUHHHHHHHH NAGKAMALI GRV,Positive
Seoul,1,1,ROYAL FAMILY,idl.global,0:19:11,@seowonschiaseed,bit messt tho,Negative
Seoul,1,1,ROYAL FAMILY,idl.global,0:19:11,@swiftie_33,REDEMPTION FR,Neutral
Seoul,1,1,ROYAL FAMILY,idl.global,0:19:12,@UwU-on8kq,woajhhh,Positive
Seoul,1,1,ROYAL FAMILY,idl.global,0:19:12,@ClydeLacambra,YUPP THEY'RE GONNA WIN!!!!,Positive
Seoul,1,1,ROYAL FAMILY,idl.global,0:19:13,@heinzfel,ads bro,Neutral
Seoul,1,1,ROYAL FAMILY,idl.global,0:19:13,@arh1d3a,Аййййййй,Positive
Seoul,1,1,ROYAL FAMILY,idl.global,0:19:13,@AKAGum00,where is the energy??? both teams feel empty,Negative
Seoul,1,1,ROYAL FAMILY,idl.global,0:19:14,@vyanzee6,AYE3E,Positive
Seoul,1,1,ROYAL FAMILY,idl.global,0:19:14,@jeido_zzz,messy,Negative
Seoul,1,1,ROYAL FAMILY,idl.global,0:19:15,@cenamoncenamobuns,oh yeah rf has a better tracklist,Neutral
Seoul,1,1,ROYAL FAMILY,idl.global,0:19:17,@winnieauyeung09,uh no,Negative
Seoul,1,1,ROYAL FAMILY,idl.global,0:19:17,@PRINCEJACOBOPACO,RF THIS TIMEEEEEEEEEEEE BRUHHHHHHHH NAGKAMALI GRV,Positive
Seoul,1,1,ROYAL FAMILY,idl.global,0:19:18,@ayen_cat04,OOHHH I THINK RF WILL GET THAT,Positive
Seoul,1,1,ROYAL FAMILY,idl.global,0:19:19,@UwU-on8kq,REDEMTIONNNN,Positive
Seoul,1,1,ROYAL FAMILY,idl.global,0:19:21,@aniishahahaha,ayyyy,Positive
Seoul,1,1,ROYAL FAMILY,idl.global,0:19:22,@ArgelJosephTamelin,WHY THEY HAVE SAME ROUTINE EVERY YEAR,Negative
Seoul,1,1,ROYAL FAMILY,idl.global,0:19:22,@luzz.._auwenn,CRAZZYYYY ROYAL FAMILYYYYY,Positive
Seoul,1,1,ROYAL FAMILY,idl.global,0:19:22,@kizuumi0420,LORD THE AFROOOOO,Positive
Seoul,1,1,ROYAL FAMILY,idl.global,0:19:22,@bdullzz,MY RF I WANNA CRYY,Positive
Seoul,1,1,ROYAL FAMILY,idl.global,0:19:23,@JCT.MINGUITO,hehe michael jackson,Neutral
Seoul,1,1,ROYAL FAMILY,idl.global,0:19:25,@RafaelWFH,MESSY!!!!,Positive
Seoul,1,1,ROYAL FAMILY,idl.global,0:19:25,@molls-g8z,BROTHERHOOD HAS NOT GONE YET EVERYONE,Negative
Seoul,1,1,ROYAL FAMILY,idl.global,0:19:28,@garfieldbreadlover09,oh they r def taking it,Negative
Seoul,1,1,ROYAL FAMILY,idl.global,0:19:29,@winnieauyeung09,This is so much better,Positive
Seoul,1,1,ROYAL FAMILY,idl.global,0:19:30,@toshq_q,RF MIGHT WIN THIS MATCH,Positive
Seoul,1,1,ROYAL FAMILY,idl.global,0:19:31,@cenamoncenamobuns,grv felt empty,Negative
Seoul,1,1,ROYAL FAMILY,idl.global,0:19:31,@PRINCEJACOBOPACO,RF THIS TIMEEEEEEEEEEEE BRUHHHHHHHH NAGKAMALI GRV,Positive
Seoul,1,1,ROYAL FAMILY,idl.global,0:19:31,@vyanzee6,AFROO,Positive
Seoul,1,1,ROYAL FAMILY,idl.global,0:19:33,@MJH977,hmmm idk,Negative
Seoul,1,1,ROYAL FAMILY,idl.global,0:19:35,@lxashr_,why is there ads,Negative
Seoul,1,1,ROYAL FAMILY,idl.global,0:19:35,@kevinbriang.garcia6398,OMG,Positive
Seoul,1,1,ROYAL FAMILY,idl.global,0:19:36,@rheanadalucan,eldonnnnnn,Positive
Seoul,1,1,ROYAL FAMILY,idl.global,0:19:37,@kizuumi0420,AYEEEEE,Positive
Seoul,1,1,ROYAL FAMILY,idl.global,0:19:38,@PRINCEJACOBOPACO,RF THIS TIMEEEEEEEEEEEE BRUHHHHHHHH NAGKAMALI GRV,Positive
Seoul,1,1,ROYAL FAMILY,idl.global,0:19:39,@heekiluna6050,MESSY,Positive
Seoul,1,1,ROYAL FAMILY,idl.global,0:19:39,@connellyzdiaz4529,RFFFFFFF,Neutral
Seoul,1,1,ROYAL FAMILY,idl.global,0:19:42,@kizuumi0420,THEY ATE THAT,Positive
Seoul,1,1,ROYAL FAMILY,idl.global,0:19:42,@DNCharLeys,JACKETS ON WAIST HIDE THE MOVEMENT SAD,Negative
Seoul,1,1,ROYAL FAMILY,idl.global,0:19:43,@kunsyaman,woahhhh,Positive
Seoul,1,1,ROYAL FAMILY,idl.global,0:19:47,@typeonegativefan0,just no,Negative
Seoul,1,1,ROYAL FAMILY,idl.global,0:19:48,@jjjjjjjoshu,AAAYYYYYY,Positive
Seoul,1,1,ROYAL FAMILY,idl.global,0:19:48,@luzz.._auwenn,RFFFFFFF YOU GOT THIS.,Positive
Seoul,1,1,ROYAL FAMILY,idl.global,0:19:49,@JCT.MINGUITO,B KAMI UMAY,Positive
Seoul,1,1,ROYAL FAMILY,idl.global,0:19:49,@Pokie-e8n,much better,Positive
Seoul,1,1,ROYAL FAMILY,idl.global,0:19:50,@winnieauyeung09,RF is eating guys,Neutral
Seoul,1,1,ROYAL FAMILY,idl.global,0:19:51,@xeiyano,#BRINGDONALDHOME,Neutral
Seoul,1,1,ROYAL FAMILY,idl.global,0:19:51,@kylerom3992,rf got it,Positive
Seoul,1,1,ROYAL FAMILY,idl.global,0:19:52,@jjjjjjjoshu,NOOO THIS IS NOT MID,Negative
Seoul,1,1,ROYAL FAMILY,idl.global,0:19:52,@seowonschiaseed,danggg,Positive
Seoul,1,1,ROYAL FAMILY,idl.global,0:19:55,@vulcanifilio,"grv felt empty, RF def feels better here",Negative
Seoul,1,1,ROYAL FAMILY,idl.global,0:19:56,@xaroulaspanou,yeahhhh,Positive
Seoul,1,1,ROYAL FAMILY,idl.global,0:19:57,@DJJD17,:yellow_heart::yellow_heart::yellow_heart:,Positive
Seoul,1,1,ROYAL FAMILY,idl.global,0:19:59,@seowonschiaseed,:face-blue-wide-eyes::face-blue-wide-eyes::face-blue-wide-eyes::face-blue-wide-eyes::face-blue-wide-eyes::face-blue-wide-eyes::face-blue-wide-eyes::face-blue-wide-eyes:,Neutral
Seoul,1,1,ROYAL FAMILY,idl.global,0:19:59,@aniishahahaha,woah,Positive
Seoul,1,1,ROYAL FAMILY,idl.global,0:20:00,@sinnombre2r345,rf with afrobeats nothing new,Neutral
Seoul,1,1,ROYAL FAMILY,idl.global,0:20:00,@zennenwong8412,weaaaaak set,Positive
Seoul,1,1,ROYAL FAMILY,idl.global,0:20:00,@jeido_zzz,mid,Negative
Seoul,1,1,ROYAL FAMILY,idl.global,0:20:01,@Jude-td4hf,OOOOOH,Positive
Seoul,1,1,ROYAL FAMILY,idl.global,0:20:01,@loraileys,ohoooo,Positive
Seoul,1,1,ROYAL FAMILY,idl.global,0:20:02,@Tantadolp,0 7 SWEEEPPPPPP,Positive
Seoul,1,1,ROYAL FAMILY,idl.global,0:20:02,@heinzfel,ooh shade,Positive
Seoul,1,1,ROYAL FAMILY,idl.global,0:20:02,@PRINCEJACOBOPACO,RF THIS TIMEEEEEEEEEEEE BRUHHHHHHHH NAGKAMALI GRV,Positive
Seoul,1,1,ROYAL FAMILY,idl.global,0:20:02,@vyanzee6,AYE333,Positive
Seoul,1,1,ROYAL FAMILY,idl.global,0:20:02,@arh1d3a,Афигеть,Positive
Seoul,1,1,ROYAL FAMILY,idl.global,0:20:03,@ikeeee_0,FIREEEE,Positive
Seoul,1,1,ROYAL FAMILY,idl.global,0:20:03,@thee_soleichanel,ayee,Positive
Seoul,1,1,ROYAL FAMILY,idl.global,0:20:04,@peewwiii,L,Neutral
Seoul,1,1,ROYAL FAMILY,idl.global,0:20:04,@Eievuy,That cam is so disgustingly bad quality what was that,Negative
Seoul,1,1,ROYAL FAMILY,idl.global,0:20:04,@Andrea-cg3yx,MAYGADDDDDD,Positive
Seoul,1,1,ROYAL FAMILY,idl.global,0:20:05,@kunsyaman,AHHHHHHH,Positive
Seoul,1,1,ROYAL FAMILY,idl.global,0:20:05,@Ynasy_Ynasy,nahhh grv>royal fam,Negative
Seoul,1,1,ROYAL FAMILY,idl.global,0:20:06,@Michael_Pe,RF GOTTA HAS TO WIN THIS,Positive
Seoul,1,1,ROYAL FAMILY,idl.global,0:20:06,@taynguyener,AYEEEEW,Positive
Seoul,1,1,ROYAL FAMILY,idl.global,0:20:06,@winnieauyeung09,:yellow_heart::yellow_heart::yellow_heart::yellow_heart::yellow_heart::yellow_heart:,Positive
Seoul,1,1,ROYAL FAMILY,idl.global,0:20:07,@Na-i-saroiGassah,LESSGOoOo,Positive
Seoul,1,1,ROYAL FAMILY,idl.global,0:20:07,@PRINCEJACOBOPACO,DAMNNNNNNNN,Positive
Seoul,1,1,ROYAL FAMILY,idl.global,0:20:08,@UwU-on8kq,oh sorry what,Negative
Seoul,1,1,ROYAL FAMILY,idl.global,0:20:08,@cenamoncenamobuns,eyy,Positive
Seoul,1,1,ROYAL FAMILY,idl.global,0:20:08,@JeCzar,DAMN,Positive
Seoul,1,1,ROYAL FAMILY,idl.global,0:20:09,@vahnyk,aeeee,Positive
Seoul,1,1,ROYAL FAMILY,idl.global,0:20:09,@ayen_cat04,RF NASTYY,Neutral
Seoul,1,1,ROYAL FAMILY,idl.global,0:20:09,@toshq_q,RF WIN,Neutral
Seoul,1,1,ROYAL FAMILY,idl.global,0:20:09,@meowskiing,ggs grv,Positive
Seoul,1,1,ROYAL FAMILY,idl.global,0:20:11,@reignlawrenceantonio9101,rf might take this one,Neutral
Seoul,1,1,ROYAL FAMILY,idl.global,0:20:11,@lovekristina7498,I love you royal fam but pls take Inspo from old gen cmon,Neutral
Seoul,1,1,ROYAL FAMILY,idl.global,0:20:11,@kizuumi0420,herl the bass shakin the cam KJAHSDKJAHSDKHJASD,Neutral
Seoul,1,1,ROYAL FAMILY,idl.global,0:20:11,@PRINCEJACOBOPACO,DAMNNNNNNNNNN,Positive
Seoul,1,1,ROYAL FAMILY,idl.global,0:20:12,@arh1d3a,AYEEEEEE MY GIRL,Positive
Seoul,1,1,ROYAL FAMILY,idl.global,0:20:13,@thee_soleichanel,OOOOOO,Positive
Seoul,1,1,ROYAL FAMILY,idl.global,0:20:13,@cakebatter012,OHHH,Positive
Seoul,1,1,ROYAL FAMILY,idl.global,0:20:13,@lexiewescott445,THIS GOTTA WIN,Positive
Seoul,1,1,ROYAL FAMILY,idl.global,0:20:13,@shiloh_kr,this sooo RFc2018,Neutral
Seoul,1,1,ROYAL FAMILY,idl.global,0:20:14,@DJJD17,momomomo,Positive
Seoul,1,1,ROYAL FAMILY,idl.global,0:20:14,@Jude-td4hf,HOLYSHITTT,Positive
Seoul,1,1,ROYAL FAMILY,idl.global,0:20:16,@jepjepsahur3,I think rf will win 1st r,Neutral
Seoul,1,1,ROYAL FAMILY,idl.global,0:20:17,@stooopeeed,could be mid but strong unlike GRV...,Negative
Seoul,1,1,ROYAL FAMILY,idl.global,0:20:19,@Uknown_creature,Ohhhhh,Positive
Seoul,1,1,ROYAL FAMILY,idl.global,0:20:19,@ifskate420,OMG,Positive
Seoul,1,1,ROYAL FAMILY,idl.global,0:20:19,@enashinoo,OUUUU SHIIIII,Positive
Seoul,1,1,ROYAL FAMILY,idl.global,0:20:19,@patriciadesquitado871,Oooohhh,Positive
Seoul,1,1,ROYAL FAMILY,idl.global,0:20:19,@kevinbriang.garcia6398,AHHHHHHH,Positive
Seoul,1,1,ROYAL FAMILY,idl.global,0:20:19,@vulcanifilio,i thought it was my net,Negative
Seoul,1,1,ROYAL FAMILY,idl.global,0:20:20,@justinequibod8,nahhhhhhhhhhh,Negative
Seoul,1,1,ROYAL FAMILY,idl.global,0:20:20,@kizuumi0420,STANNNKKKKKKKKK,Positive
Seoul,1,1,ROYAL FAMILY,idl.global,0:20:20,@yowzzz05,WAITTTT,Positive
Seoul,1,1,ROYAL FAMILY,idl.global,0:20:20,@KurtczackToledo,DIUSSSSS,Positive
Seoul,1,1,ROYAL FAMILY,idl.global,0:20:21,@PRINCEJACOBOPACO,DAMNNNNNNN,Positive
Seoul,1,1,ROYAL FAMILY,idl.global,0:20:21,@axlcrd17,Period,Neutral
Seoul,1,1,ROYAL FAMILY,idl.global,0:20:22,@lexiewescott445,SHEEEET,Positive
Seoul,1,1,ROYAL FAMILY,idl.global,0:20:22,@winnieauyeung09,ok afro,Neutral
Seoul,1,1,ROYAL FAMILY,idl.global,0:20:22,@christiankyleescoto2160,camera angles pmo,Neutral
Seoul,1,1,ROYAL FAMILY,idl.global,0:20:23,@enashinoo,GRV COOKED,Neutral
Seoul,1,1,ROYAL FAMILY,idl.global,0:20:23,@JCT.MINGUITO,aray mo pangit ng sayaw ng rf,Negative
Seoul,1,1,ROYAL FAMILY,idl.global,0:20:23,@UwU-on8kq,WOAH],Positive
Seoul,1,1,ROYAL FAMILY,idl.global,0:20:23,@loraileys,omggg,Positive
Seoul,1,1,ROYAL FAMILY,idl.global,0:20:23,@kizuumi0420,SWERVVEEEE,Positive
Seoul,1,1,ROYAL FAMILY,idl.global,0:20:23,@ifskate420,OMG,Positive
Seoul,1,1,ROYAL FAMILY,idl.global,0:20:24,@heekiluna6050,weak so many exits,Negative
Seoul,1,1,ROYAL FAMILY,idl.global,0:20:24,@DJJD17,moanaaaaaaaaaaa!,Positive
Seoul,1,1,ROYAL FAMILY,idl.global,0:20:24,@yowzzz05,THE SONGGG,Positive
Seoul,1,1,ROYAL FAMILY,idl.global,0:20:24,@rayn6152,oh the call out,Positive
Seoul,1,1,ROYAL FAMILY,idl.global,0:20:24,@esmerocylvanjayh.1709,OMGGG,Positive
Seoul,1,1,ROYAL FAMILY,idl.global,0:20:25,@PRINCEJACOBOPACO,DAMANNNNNN,Positive
Seoul,1,1,ROYAL FAMILY,idl.global,0:20:25,@Ynasy_Ynasy,GRV>ROAL YAM,Positive
Seoul,1,1,ROYAL FAMILY,idl.global,0:20:25,@lili_blink000,Nahhhhh,Negative
Seoul,1,1,ROYAL FAMILY,idl.global,0:20:26,@mochicake5121,W,Neutral
Seoul,1,1,ROYAL FAMILY,idl.global,0:20:26,@rayn6152,lol,Neutral
Seoul,1,1,ROYAL FAMILY,idl.global,0:20:26,@vahnyk,THE SHADEEE,Positive
Seoul,1,1,ROYAL FAMILY,idl.global,0:20:26,@HeelationWishes,DAMNNN,Positive
Seoul,1,1,ROYAL FAMILY,idl.global,0:20:27,@quintcarlgamer8552,another repeat music,Negative
Seoul,1,1,ROYAL FAMILY,idl.global,0:20:27,@CANAAN-x,damn,Positive
Seoul,1,1,ROYAL FAMILY,idl.global,0:20:28,@vyanzee6,AYEEE CALL OUTS THE SONGG,Positive
Seoul,1,1,ROYAL FAMILY,idl.global,0:20:28,@KarlaPatiag,doja cat,Neutral
Seoul,1,1,ROYAL FAMILY,idl.global,0:20:28,@xeiyano,HOLYY,Positive
Seoul,1,1,ROYAL FAMILY,idl.global,0:20:28,@PRINCEJACOBOPACO,DAMNNNNNNNNN,Positive
Seoul,1,1,ROYAL FAMILY,idl.global,0:20:29,@ipadsabahay,WHAT THE FRUCKKK,Negative
Seoul,1,1,ROYAL FAMILY,idl.global,0:20:29,@seowonschiaseed,SONG CHOICE IS FIREE,Positive
Seoul,1,1,ROYAL FAMILY,idl.global,0:20:30,@tookakuidude1121,damnnnnnnnnnnnnnnnnnnnnn,Positive
Seoul,1,1,ROYAL FAMILY,idl.global,0:20:30,@KurtczackToledo,DISSSSEDDDD WTFFFFF,Positive
Seoul,1,1,ROYAL FAMILY,idl.global,0:20:30,@vahnyk,SHADEEEEE,Positive
Seoul,1,1,ROYAL FAMILY,idl.global,0:20:31,@jeido_zzz,arms all over the place,Negative
Seoul,1,1,ROYAL FAMILY,idl.global,0:20:31,@AKAGum00,the mid offs LMAOOOOO,Neutral
Seoul,1,1,ROYAL FAMILY,idl.global,0:20:32,@kunsyaman,set feels better widecam,Neutral
Seoul,1,1,ROYAL FAMILY,idl.global,0:20:33,@Helyum3,the girl in the middle is insane,Positive
Seoul,1,1,ROYAL FAMILY,idl.global,0:20:33,@enashinoo,GRV COOKED,Neutral
Seoul,1,1,ROYAL FAMILY,idl.global,0:20:33,@winnieauyeung09,eatinggg,Positive
Seoul,1,1,ROYAL FAMILY,idl.global,0:20:34,@channe156,They diss the grv,Neutral
Seoul,1,1,ROYAL FAMILY,idl.global,0:20:34,@UwU-on8kq,EATIINNGG],Positive
Seoul,1,1,ROYAL FAMILY,idl.global,0:20:34,@PRINCEJACOBOPACO,RF THIS TIMEEEEEEEEEEEE BRUHHHHHHHH NAGKAMALI GRV,Positive
Seoul,1,1,ROYAL FAMILY,idl.global,0:20:34,@iyelll_r,DAMNNN,Positive
Seoul,1,1,ROYAL FAMILY,idl.global,0:20:34,@jairozkentbazarsoria2253,eattttt,Positive
Seoul,1,1,ROYAL FAMILY,idl.global,0:20:34,@Lucian7377,THE REFERENCE HAHAHAHAHAHA,Neutral
Seoul,1,1,ROYAL FAMILY,idl.global,0:20:35,@eve4560,Sheeshhh,Positive
Seoul,1,1,ROYAL FAMILY,idl.global,0:20:35,@Felix21xv,OMGGG CALLED OUTTT,Positive
Seoul,1,1,ROYAL FAMILY,idl.global,0:20:36,@hmmmmmmm00001,OH MY GDO,Positive
Seoul,1,1,ROYAL FAMILY,idl.global,0:20:36,@vahnyk,SHADEEE,Positive
Seoul,1,1,ROYAL FAMILY,idl.global,0:20:36,@KurtczackToledo,HOLLY CALLOUYTTTTT,Positive
Seoul,1,1,ROYAL FAMILY,idl.global,0:20:36,@heinzfel,ooohh,Neutral
Seoul,1,1,ROYAL FAMILY,idl.global,0:20:37,@markilaset09,their spacing always so good omg,Positive
Seoul,1,1,ROYAL FAMILY,idl.global,0:20:37,@abigksukaadureenn,HOLYYYY,Positive
Seoul,1,1,ROYAL FAMILY,idl.global,0:20:37,@PRINCEJACOBOPACO,RF THIS TIMEEEEEEEEEEEE BRUHHHHHHHH NAGKAMALI GRV,Positive
Seoul,1,1,ROYAL FAMILY,idl.global,0:20:38,@bonkersz0,grv shade,Neutral
Seoul,1,1,ROYAL FAMILY,idl.global,0:20:38,@quintcarlgamer8552,song choise was repeated,Neutral
Seoul,1,1,ROYAL FAMILY,idl.global,0:20:38,@putt._puttt,TUFF,Neutral
Seoul,1,1,ROYAL FAMILY,idl.global,0:20:39,@mochicake5121,"WATTHEHE,,",Neutral
Seoul,1,1,ROYAL FAMILY,idl.global,0:20:40,@realorencatayoc2728,Aow,Positive
Seoul,1,1,ROYAL FAMILY,idl.global,0:20:40,@patriciadesquitado871,HAHAHAHAHA,Neutral
Seoul,1,1,ROYAL FAMILY,idl.global,0:20:41,@terrencegustilo9591,Royal Family ate!!,Positive
Seoul,1,1,ROYAL FAMILY,idl.global,0:20:41,@ayen_cat04,SAME SONG GRV USED LOL,Neutral
Seoul,1,1,ROYAL FAMILY,idl.global,0:20:41,@Jasper.nie1,GRVVVV,Positive
Seoul,1,1,ROYAL FAMILY,idl.global,0:20:42,@winnieauyeung09,Ayeeeee,Positive
Seoul,1,1,ROYAL FAMILY,idl.global,0:20:42,@ccalvinator,their spacing is just so fucking insane,Negative
Seoul,1,1,ROYAL FAMILY,idl.global,0:20:42,@Kyle-108,royal family absolutely demolished grv easy,Negative
Seoul,1,1,ROYAL FAMILY,idl.global,0:20:43,@Andrea-cg3yx,YOOOOOOOOOO,Positive
Seoul,1,1,ROYAL FAMILY,idl.global,0:20:43,@vyanzee6,AYEE DISS,Positive
Seoul,1,1,ROYAL FAMILY,idl.global,0:20:44,@ジェイソン0,eating,Neutral
Seoul,1,1,ROYAL FAMILY,idl.global,0:20:45,@Sparklebutterfly14,calling out grvvvv,Positive
Seoul,1,1,ROYAL FAMILY,idl.global,0:20:45,@xeiyano,GRV CALLOUT???,Neutral
Seoul,1,1,ROYAL FAMILY,idl.global,0:20:46,@ClydeLacambra,GRAHHHHHHHHH,Positive
Seoul,1,1,ROYAL FAMILY,idl.global,0:20:46,@kizuumi0420,AYEEEEEEEEEEEEEE,Positive
Seoul,1,1,ROYAL FAMILY,idl.global,0:20:46,@abigksukaadureenn,DAWGGGG IM HAVING GOOSEBUMPS,Positive
Seoul,1,1,ROYAL FAMILY,idl.global,0:20:47,@JeCzar,WOAHH,Positive
Seoul,1,1,ROYAL FAMILY,idl.global,0:20:47,@bpinkbit,OHHH,Positive
Seoul,1,1,ROYAL FAMILY,idl.global,0:20:49,@vyanzee6,WOW22,Positive
Seoul,1,1,ROYAL FAMILY,idl.global,0:20:49,@thee_soleichanel,Oh my,Positive
Seoul,1,1,ROYAL FAMILY,idl.global,0:20:49,@arh1d3a,YOOOOOOO,Positive
Seoul,1,1,ROYAL FAMILY,idl.global,0:20:50,@eve4560,Lowk fireeee,Positive
Seoul,1,1,ROYAL FAMILY,idl.global,0:20:50,@kevinbriang.garcia6398,WOWWWW\,Positive
Seoul,1,1,ROYAL FAMILY,idl.global,0:20:50,@yowzzz05,THE JUMPPPP,Positive
Seoul,1,1,ROYAL FAMILY,idl.global,0:20:50,@enashinoo,RF NOT AS CLEAN AS GRV BUT BETTER CHOREOGRAPHY,Neutral
Seoul,1,1,ROYAL FAMILY,idl.global,0:20:50,@derin8953,WWWW,Neutral
Seoul,1,1,ROYAL FAMILY,idl.global,0:20:51,@bigalbalbrandon8731,Ayyoooo,Positive
Seoul,1,1,ROYAL FAMILY,idl.global,0:20:51,@tookakuidude1121,@quintcarlgamer8552 you dumb this was a callout to grv,Neutral
Seoul,1,1,ROYAL FAMILY,idl.global,0:20:51,@kizuumi0420,THE DISSINGGG,Positive
Seoul,1,1,ROYAL FAMILY,idl.global,0:20:53,@Sean_S_00,REFERENCE,Neutral
Seoul,1,1,ROYAL FAMILY,idl.global,0:20:53,@niczzparwk6136,Rf takes this one,Neutral
Seoul,1,1,ROYAL FAMILY,idl.global,0:20:53,@beabapookiee,Crazy,Negative
Seoul,1,1,ROYAL FAMILY,idl.global,0:20:53,@aniishahahaha,dayummm,Positive
Seoul,1,1,ROYAL FAMILY,idl.global,0:20:53,@kizuumi0420,THE SHADEEEE,Positive
Seoul,1,1,ROYAL FAMILY,idl.global,0:20:54,@vyanzee6,DAMNN,Positive
Seoul,1,1,ROYAL FAMILY,idl.global,0:20:54,@winnieauyeung09,lmaoo,Neutral
Seoul,1,1,ROYAL FAMILY,idl.global,0:20:54,@PRINCEJACOBOPACO,SPACING IS TOP TIERRRR,Positive
Seoul,1,1,ROYAL FAMILY,idl.global,0:20:54,@ateezinmydirection,ohhhh,Positive
Seoul,1,1,ROYAL FAMILY,idl.global,0:20:54,@Jude-td4hf,WOHAAAAAA,Positive
Seoul,1,1,ROYAL FAMILY,idl.global,0:20:55,@abigksukaadureenn,YOOOO,Positive
Seoul,1,1,ROYAL FAMILY,idl.global,0:20:55,@ayakasimp6217,THE SHADEEE,Positive
Seoul,1,1,ROYAL FAMILY,idl.global,0:20:55,@stooopeeed,RF WON!!!!,Positive
Seoul,1,1,ROYAL FAMILY,idl.global,0:20:55,@cailin11,A,Neutral
Seoul,1,2,BROTHERHOOD,idl.global,0:35:47,@guuuu7j7654,OMGGGG,Positive
Seoul,1,2,BROTHERHOOD,idl.global,0:35:47,@hyunjinswife2248,naks ng POVEDA vs XAVIER hahaha,Positive
Seoul,1,2,BROTHERHOOD,idl.global,0:35:47,@karlmarx1st,UP VS ATENEO,Neutral
Seoul,1,2,BROTHERHOOD,idl.global,0:35:47,@mokipop3069,RAGHHDHDHD IM SO SCARED,Negative
Seoul,1,2,BROTHERHOOD,idl.global,0:35:47,@UwU-on8kq,SECOND IS INSANE,Positive
Seoul,1,2,BROTHERHOOD,idl.global,0:35:47,@ririsgonewild,hey so the competition is in Korea + the audience is mainly Korean:double_exclamation_mark:,Neutral
Seoul,1,2,BROTHERHOOD,idl.global,0:35:48,@justagalwholovesdance,GEE QUICKSTYLE IS COOOKKKKEDDD,Positive
Seoul,1,2,BROTHERHOOD,idl.global,0:35:48,@yowzzz05,ELDON CENTERRRR,Positive
Seoul,1,2,BROTHERHOOD,idl.global,0:35:48,@kunsyaman,YUPI VS ARENEYOW AHY,Neutral
Seoul,1,2,BROTHERHOOD,idl.global,0:35:48,@whlskey,pooakyyyy,Positive
Seoul,1,2,BROTHERHOOD,idl.global,0:35:48,@Katrisha-n8f,Omg,Positive
Seoul,1,2,BROTHERHOOD,idl.global,0:35:48,@ifskate420,LETS GO BROTHERHOOD,Positive
Seoul,1,2,BROTHERHOOD,idl.global,0:35:48,@SiyamiKI,LETS GOO,Positive
Seoul,1,2,BROTHERHOOD,idl.global,0:35:49,@takeyyshi,KETZGOOO,Positive
Seoul,1,2,BROTHERHOOD,idl.global,0:35:49,@meow_meowieee,GOOOOOO,Positive
Seoul,1,2,BROTHERHOOD,idl.global,0:35:49,@terrencegustilo9591,Lets goo Brotherhood,Positive
Seoul,1,2,BROTHERHOOD,idl.global,0:35:49,@LEEKAH8,Perrriiiooddd!!!,Positive
Seoul,1,2,BROTHERHOOD,idl.global,0:35:49,@whlskey,okkkkk,Neutral
Seoul,1,2,BROTHERHOOD,idl.global,0:35:50,@takeyyshi,SHI,Positive
Seoul,1,2,BROTHERHOOD,idl.global,0:35:50,@kenjifd,LET'S GOOOO BROOHOOODDD,Positive
Seoul,1,2,BROTHERHOOD,idl.global,0:35:51,@Michaelpeleg67,Let’s goooooo,Positive
Seoul,1,2,BROTHERHOOD,idl.global,0:35:51,@bernice-8923,BRHDDDDDDD LETS GOOOOOOOO,Positive
Seoul,1,2,BROTHERHOOD,idl.global,0:35:51,@Katrisha-n8f,B,Neutral
Seoul,1,2,BROTHERHOOD,idl.global,0:35:51,@hectorthesheep,sooooo excitedddd,Positive
Seoul,1,2,BROTHERHOOD,idl.global,0:35:51,@academicsfirst,iskos vs ateneans eyyy,Neutral
Seoul,1,2,BROTHERHOOD,idl.global,0:35:51,@whlskey,okkkayyyy,Positive
Seoul,1,2,BROTHERHOOD,idl.global,0:35:52,@mutyayumang872,BTOTHERRRHOOOODDDDDD,Positive
Seoul,1,2,BROTHERHOOD,idl.global,0:35:52,@lawrence5718,LET’S GOOOO BROTHERHOOD,Positive
Seoul,1,2,BROTHERHOOD,idl.global,0:35:52,@Its_ur_bunnyny,:red_heart::red_heart::red_heart::red_heart::red_heart:,Positive
Seoul,1,2,BROTHERHOOD,idl.global,0:35:52,@frannymalzar,LETS GOOOOOOO,Positive
Seoul,1,2,BROTHERHOOD,idl.global,0:35:52,@heinzfel,LETS GOOOO,Positive
Seoul,1,2,BROTHERHOOD,idl.global,0:35:52,@invisible2130,brotherrhoooood,Positive
Seoul,1,2,BROTHERHOOD,idl.global,0:35:52,@takeyyshi,BROTHERHOOD,Neutral
Seoul,1,2,BROTHERHOOD,idl.global,0:35:52,@fankino7295,UP vs Ateneo. Battle of Katipunan,Neutral
Seoul,1,2,BROTHERHOOD,idl.global,0:35:52,@joOhners,LESSS GOO!,Positive
Seoul,1,2,BROTHERHOOD,idl.global,0:35:52,@pieceofdoe,:maple_leaf::maple_leaf::maple_leaf::maple_leaf::maple_leaf::maple_leaf::maple_leaf::maple_leaf:,Neutral
Seoul,1,2,BROTHERHOOD,idl.global,0:35:53,@cdn.igrisss,lesgooooo,Positive
Seoul,1,2,BROTHERHOOD,idl.global,0:35:53,@karlmarx1st,up vs ateneo,Neutral
Seoul,1,2,BROTHERHOOD,idl.global,0:35:53,@aireenjuncardaño-n9b,GOOOO,Positive
Seoul,1,2,BROTHERHOOD,idl.global,0:35:53,@rubysayer3025,LETS GO BRHD,Positive
Seoul,1,2,BROTHERHOOD,idl.global,0:35:53,@patriciadesquitado871,BRHD goalie? HAHAHA,Neutral
Seoul,1,2,BROTHERHOOD,idl.global,0:35:53,@lovie7347,IM SO SCAREDDDD,Positive
Seoul,1,2,BROTHERHOOD,idl.global,0:35:53,@angelotzy2518,brotherhood vs sisterhood,Negative
Seoul,1,2,BROTHERHOOD,idl.global,0:35:53,@jaiden1001,OMG,Positive
Seoul,1,2,BROTHERHOOD,idl.global,0:35:54,@lolly_chachaerrieme,LESGOOO QUICKSTYLEE & BROTHERHOOD,Neutral
Seoul,1,2,BROTHERHOOD,idl.global,0:35:54,@cenamoncenamobuns,LETSGO,Positive
Seoul,1,2,BROTHERHOOD,idl.global,0:35:54,@broski7902,GOALKEEPERS VS STRIKERS HOLYYYYYYY,Positive
Seoul,1,2,BROTHERHOOD,idl.global,0:35:54,@jeido_zzz,ELDON IN FRON,Neutral
Seoul,1,2,BROTHERHOOD,idl.global,0:35:55,@nishimurr0,LETS GO BRHD,Positive
Seoul,1,2,BROTHERHOOD,idl.global,0:35:56,@takeyyshi,BROTHERHOOD,Neutral
Seoul,1,2,BROTHERHOOD,idl.global,0:35:56,@choiimarc2002,WHATTTTT,Neutral
Seoul,1,2,BROTHERHOOD,idl.global,0:35:56,@Its_ur_bunnyny,:red_heart::red_heart::red_heart::red_heart::red_heart::red_heart::red_heart:,Positive
Seoul,1,2,BROTHERHOOD,idl.global,0:35:56,@UwU-on8kq,HONESTLY THINK THEY GONNA COOK,Negative
Seoul,1,2,BROTHERHOOD,idl.global,0:35:57,@cenamoncenamobuns,LETSGOOOO,Positive
Seoul,1,2,BROTHERHOOD,idl.global,0:35:57,@johnemigguelvinavilez9447,BROTHERHOOOODDDDD,Neutral
Seoul,1,2,BROTHERHOOD,idl.global,0:35:58,@takeyyshi,LETZGOO,Positive
Seoul,1,2,BROTHERHOOD,idl.global,0:35:58,@bladibab1214,LETS GOOOOO BROTHERHOOD,Positive
Seoul,1,2,BROTHERHOOD,idl.global,0:35:58,@fionassdiary,LETS GOO,Positive
Seoul,1,2,BROTHERHOOD,idl.global,0:35:59,@eclipse.official1014,Brotherhoooooood,Positive
Seoul,1,2,BROTHERHOOD,idl.global,0:35:59,@aireenjuncardaño-n9b,OOOOOO,Positive
Seoul,1,2,BROTHERHOOD,idl.global,0:36:00,@bonkersz0,LETS GOOOO BRHD,Positive
Seoul,1,2,BROTHERHOOD,idl.global,0:36:00,@sanriookinawa2701,GOO BROTHERHOOD!!!,Positive
Seoul,1,2,BROTHERHOOD,idl.global,0:36:00,@UwU-on8kq,BROTHER HOOD,Neutral
Seoul,1,2,BROTHERHOOD,idl.global,0:36:00,@daniellam1257,LETS GO BROTHERHOOD,Positive
Seoul,1,2,BROTHERHOOD,idl.global,0:36:00,@aliahm.6726,FIFA??,Neutral
Seoul,1,2,BROTHERHOOD,idl.global,0:36:00,@Its_ur_bunnyny,:red_heart::red_heart::red_heart::red_heart::red_heart::red_heart::red_heart:,Positive
Seoul,1,2,BROTHERHOOD,idl.global,0:36:01,@Yondamotivs,MOVEIT VS ANGKAS,Neutral
Seoul,1,2,BROTHERHOOD,idl.global,0:36:01,@justagalwholovesdance,QUICKSTYLE IS COOKED,Positive
Seoul,1,2,BROTHERHOOD,idl.global,0:36:01,@ririsgonewild,CMON BROTHERHOOD,Positive
Seoul,1,2,BROTHERHOOD,idl.global,0:36:02,@rayn6152,oooohhh,Positive
Seoul,1,2,BROTHERHOOD,idl.global,0:36:02,@RubyCrystal-u1y,ohhhh!!!!!!!!!,Positive
Seoul,1,2,BROTHERHOOD,idl.global,0:36:03,@KarlaPatiag,LEZZGOOOO BROTHERHOOD,Positive
Seoul,1,2,BROTHERHOOD,idl.global,0:36:03,@frannymalzar,LETS WINNTHIS,Positive
Seoul,1,2,BROTHERHOOD,idl.global,0:36:03,@takeyyshi,SHETT,Positive
Seoul,1,2,BROTHERHOOD,idl.global,0:36:03,@Chen-ow5ey,let's goooooooooooooooo,Positive
Seoul,1,2,BROTHERHOOD,idl.global,0:36:04,@UwU-on8kq,WOAHH,Positive
Seoul,1,2,BROTHERHOOD,idl.global,0:36:04,@Yondamotivs,MOVEIT VS ANGKAS,Neutral
Seoul,1,2,BROTHERHOOD,idl.global,0:36:04,@ThereseViane,GOOOO BRHDDD BABYYY!! :revolving_hearts::revolving_hearts:,Positive
Seoul,1,2,BROTHERHOOD,idl.global,0:36:05,@takeyyshi,SHETT,Positive
Seoul,1,2,BROTHERHOOD,idl.global,0:36:05,@UwU-on8kq,HOLY,Positive
Seoul,1,2,BROTHERHOOD,idl.global,0:36:05,@Riza-r1v,BRHD DEVOUR THEM,Positive
Seoul,1,2,BROTHERHOOD,idl.global,0:36:06,@CarmelleDelarosa-j8m,PROUD SAINYO SI RENE,Positive
Seoul,1,2,BROTHERHOOD,idl.global,0:36:06,@Yondamotivs,MOVEIT VS ANGKAS,Neutral
Seoul,1,2,BROTHERHOOD,idl.global,0:36:07,@UwU-on8kq,HOLYY,Positive
Seoul,1,2,BROTHERHOOD,idl.global,0:36:07,@AKAGum00,NO WAY,Negative
Seoul,1,2,BROTHERHOOD,idl.global,0:36:08,@UwU-on8kq,Y,Neutral
Seoul,1,2,BROTHERHOOD,idl.global,0:36:09,@MJH977,OMGGGGGGGGG,Positive
Seoul,1,2,BROTHERHOOD,idl.global,0:36:09,@aerisgarces3008,GENDER REVEALLL,Neutral
Seoul,1,2,BROTHERHOOD,idl.global,0:36:09,@academicsfirst,ELDON,Neutral
Seoul,1,2,BROTHERHOOD,idl.global,0:36:09,@Yondamotivs,MOVEIT VS ANGKAS,Neutral
Seoul,1,2,BROTHERHOOD,idl.global,0:36:10,@JayThomAyco-xu3br,LEZZGOOOO QS,Positive
Seoul,1,2,BROTHERHOOD,idl.global,0:36:11,@bea-ok3pl,BRHD,Neutral
Seoul,1,2,BROTHERHOOD,idl.global,0:36:11,@thee_soleichanel,okayyy,Positive
Seoul,1,2,BROTHERHOOD,idl.global,0:36:11,@kunsyaman,POVEDA AT XAVIER ANG PEG,Positive
Seoul,1,2,BROTHERHOOD,idl.global,0:36:11,@rizalino808,Let's go BROTHERHOOD,Positive
Seoul,1,2,BROTHERHOOD,idl.global,0:36:12,@Yondamotivs,MOVEIT VS ANGKAS,Neutral
Seoul,1,2,BROTHERHOOD,idl.global,0:36:12,@cenamoncenamobuns,OHHH,Positive
Seoul,1,2,BROTHERHOOD,idl.global,0:36:13,@jamesbidam8887,SAME WITH RF,Neutral
Seoul,1,2,BROTHERHOOD,idl.global,0:36:13,@davemagar8418,same sonf?,Negative
Seoul,1,2,BROTHERHOOD,idl.global,0:36:14,@takeyyshi,IOSHUUI,Positive
Seoul,1,2,BROTHERHOOD,idl.global,0:36:14,@Yondamotivs,MOVEIT VS ANGKAS,Neutral
Seoul,1,2,BROTHERHOOD,idl.global,0:36:14,@x2elite906,fuh yes,Positive
Seoul,1,2,BROTHERHOOD,idl.global,0:36:16,@UwU-on8kq,WOAHHH,Positive
Seoul,1,2,BROTHERHOOD,idl.global,0:36:16,@takeyyshi,OHSHI,Positive
Seoul,1,2,BROTHERHOOD,idl.global,0:36:16,@joOhners,OKK!!,Positive
Seoul,1,2,BROTHERHOOD,idl.global,0:36:17,@Nostalgico225,i love this crowwwddd,Positive
Seoul,1,2,BROTHERHOOD,idl.global,0:36:17,@Yondamotivs,MOVEIT VS ANGKAS,Neutral
Seoul,1,2,BROTHERHOOD,idl.global,0:36:17,@beabapookiee,YOOO,Positive
Seoul,1,2,BROTHERHOOD,idl.global,0:36:17,@Riza-r1v,BROTHERHOOD DEVOUR THEM,Positive
Seoul,1,2,BROTHERHOOD,idl.global,0:36:18,@xsant2828,DAMNNNNN,Positive
Seoul,1,2,BROTHERHOOD,idl.global,0:36:19,@kizuumi0420,LETSGOOOOOOOOOOOO,Positive
Seoul,1,2,BROTHERHOOD,idl.global,0:36:20,@MJH977,OH HOLY,Positive
Seoul,1,2,BROTHERHOOD,idl.global,0:36:20,@takeyyshi,GAGI,Neutral
Seoul,1,2,BROTHERHOOD,idl.global,0:36:20,@Yondamotivs,MOVEIT VS ANGKAS,Neutral
Seoul,1,2,BROTHERHOOD,idl.global,0:36:21,@marlonruiz3486,OOOOOOOOOOH,Positive
Seoul,1,2,BROTHERHOOD,idl.global,0:36:22,@UwU-on8kq,ELDONNN,Positive
Seoul,1,2,BROTHERHOOD,idl.global,0:36:23,@Erikaiden,BR0THERHOOD,Neutral
Seoul,1,2,BROTHERHOOD,idl.global,0:36:24,@vahnyk,AYEEEE3E,Positive
Seoul,1,2,BROTHERHOOD,idl.global,0:36:25,@Yondamotivs,MOVEIT VS ANGKAS,Neutral
Seoul,1,2,BROTHERHOOD,idl.global,0:36:25,@hyunjinswife2248,hahaa ANGKAS at MOVE IT hayp kayo haha,Positive
Seoul,1,2,BROTHERHOOD,idl.global,0:36:25,@kizuumi0420,Ws IN THE CHATT,Neutral
Seoul,1,2,BROTHERHOOD,idl.global,0:36:27,@UwU-on8kq,DAMNNNN\,Positive
Seoul,1,2,BROTHERHOOD,idl.global,0:36:27,@takeyyshi,DAMNN,Positive
Seoul,1,2,BROTHERHOOD,idl.global,0:36:27,@shiiwhoareyou,OUHHH,Positive
Seoul,1,2,BROTHERHOOD,idl.global,0:36:27,@cenamoncenamobuns,New dance trend,Neutral
Seoul,1,2,BROTHERHOOD,idl.global,0:36:30,@asteriawho,OKAAAYYYY,Positive
Seoul,1,2,BROTHERHOOD,idl.global,0:36:30,@cenamoncenamobuns,new tiktok dance,Neutral
Seoul,1,2,BROTHERHOOD,idl.global,0:36:30,@CANAAN-x,Family Ties again :eyes:,Neutral
Seoul,1,2,BROTHERHOOD,idl.global,0:36:30,@emilykim5520,YUHHHHH,Positive
Seoul,1,2,BROTHERHOOD,idl.global,0:36:31,@jeio7737,hmm,Neutral
Seoul,1,2,BROTHERHOOD,idl.global,0:36:31,@Kyle-108,TYEAAAAHHH,Positive
Seoul,1,2,BROTHERHOOD,idl.global,0:36:31,@sinnombre2r345,the song,Neutral
Seoul,1,2,BROTHERHOOD,idl.global,0:36:32,@AKAGum00,EWWWWWWWWW,Positive
Seoul,1,2,BROTHERHOOD,idl.global,0:36:34,@UwU-on8kq,WOAHHHH\,Positive
Seoul,1,2,BROTHERHOOD,idl.global,0:36:34,@JFilmCreates,BROTHERHOODDD SHOW THEM WHAT ALL OF YOU CAND O,Neutral
Seoul,1,2,BROTHERHOOD,idl.global,0:36:35,@cenamoncenamobuns,OUU SHII,Positive
Seoul,1,2,BROTHERHOOD,idl.global,0:36:39,@rayn6152,a call out right at the start?,Negative
Seoul,1,2,BROTHERHOOD,idl.global,0:36:39,@justwavvv,gago may ads,Positive
Seoul,1,2,BROTHERHOOD,idl.global,0:36:40,@MarcGaffud,COC,Neutral
Seoul,1,2,BROTHERHOOD,idl.global,0:36:41,@UwU-on8kq,WOAH,Positive
Seoul,1,2,BROTHERHOOD,idl.global,0:36:44,@jairozkentbazarsoria2253,DAYTONNNNNN SARAPPPP,Positive
Seoul,1,2,BROTHERHOOD,idl.global,0:36:44,@luzz.._auwenn,harvesting eldon's aura bro,Neutral
Seoul,1,2,BROTHERHOOD,idl.global,0:36:44,@takeyyshi,ANGKAS MOVEIT ANLALA,Positive
Seoul,1,2,BROTHERHOOD,idl.global,0:36:44,@UwU-on8kq,TEAAAAAA,Positive
Seoul,1,2,BROTHERHOOD,idl.global,0:36:45,@academicsfirst,DAYTON,Neutral
Seoul,1,2,BROTHERHOOD,idl.global,0:36:45,@rubysayer3025,NASTY,Positive
Seoul,1,2,BROTHERHOOD,idl.global,0:36:47,@takeyyshi,:loudly_crying_face::loudly_crying_face::loudly_crying_face:,Negative
Seoul,1,2,BROTHERHOOD,idl.global,0:36:47,@Bilfat081,OH NOT FAMILY TIES,Negative
Seoul,1,2,BROTHERHOOD,idl.global,0:36:48,@Bitcxbed,QS IS SLIMEEEE,Negative
Seoul,1,2,BROTHERHOOD,idl.global,0:36:50,@ikeeee_0,FUCKING ADS,Positive
Seoul,1,2,BROTHERHOOD,idl.global,0:36:50,@vahnyk,DAMNNN,Positive
Seoul,1,2,BROTHERHOOD,idl.global,0:36:51,@frannymalzar,SLAYTON,Neutral
Seoul,1,2,BROTHERHOOD,idl.global,0:36:51,@b__2710,KENDRICKKK,Neutral
Seoul,1,2,BROTHERHOOD,idl.global,0:36:51,@karlmarx1st,UP VS ATENEO,Neutral
Seoul,1,2,BROTHERHOOD,idl.global,0:36:53,@UwU-on8kq,FACIALSSSS,Positive
Seoul,1,2,BROTHERHOOD,idl.global,0:36:53,@shiryu1094,angasss,Negative
Seoul,1,2,BROTHERHOOD,idl.global,0:36:55,@PookieMoosie,they're so fun I love it,Positive
Seoul,1,2,BROTHERHOOD,idl.global,0:36:57,@shiryu1094,shhessh,Neutral
Seoul,1,2,BROTHERHOOD,idl.global,0:36:57,@ririsgonewild,HUMUZAA,Positive
Seoul,1,2,BROTHERHOOD,idl.global,0:36:57,@Lee2oo3o-v8p,Quickstyle eat them up,Neutral
Seoul,1,2,BROTHERHOOD,idl.global,0:36:59,@Madieieieie,Whaetttt,Positive
Seoul,1,2,BROTHERHOOD,idl.global,0:37:00,@mutyayumang872,DANGGGGGGG GOOO HUMUZZAAA,Positive
Seoul,1,2,BROTHERHOOD,idl.global,0:37:00,@jemsbiii,matalo naman kayo,Positive
Seoul,1,2,BROTHERHOOD,idl.global,0:37:01,@UwU-on8kq,WOAHHH,Positive
Seoul,1,2,BROTHERHOOD,idl.global,0:37:01,@rionvert,wooooo,Positive
Seoul,1,2,BROTHERHOOD,idl.global,0:37:01,@melissalin1713,ELDOOOOOON,Positive
Seoul,1,2,BROTHERHOOD,idl.global,0:37:02,@TongkanKawayan,yey,Positive
Seoul,1,2,BROTHERHOOD,idl.global,0:37:02,@AKAGum00,OKAY THE REVERSE,Neutral
Seoul,1,2,BROTHERHOOD,idl.global,0:37:03,@kunsyaman,moveit vs angkas yow,Neutral
Seoul,1,2,BROTHERHOOD,idl.global,0:37:03,@nopabyam,ELDON WHAT THE FAWK,Neutral
Seoul,1,2,BROTHERHOOD,idl.global,0:37:04,@shiryu1094,eyyyy!!1,Positive
Seoul,1,2,BROTHERHOOD,idl.global,0:37:05,@frannymalzar,HUDIVAAAAA,Positive
Seoul,1,2,BROTHERHOOD,idl.global,0:37:05,@hyunjinswife2248,SAN BEDA vs CEU,Neutral
Seoul,1,2,BROTHERHOOD,idl.global,0:37:05,@SapphireOjiaku,ahhhhhhh slaytonnnnnnn 177777,Positive
Seoul,1,2,BROTHERHOOD,idl.global,0:37:08,@Kyle-108,BEAT EM UP,Positive
Seoul,1,2,BROTHERHOOD,idl.global,0:37:09,@kunsyaman,GENDER REVEAL,Neutral
Seoul,1,2,BROTHERHOOD,idl.global,0:37:09,@cenamoncenamobuns,OUUUUUUUUUUU SHIIII,Positive
Seoul,1,2,BROTHERHOOD,idl.global,0:37:10,@taynguyener,BEAT EM IP,Neutral
Seoul,1,2,BROTHERHOOD,idl.global,0:37:12,@loraileys,OUUUU,Positive
Seoul,1,2,BROTHERHOOD,idl.global,0:37:12,@takeyyshi,ANGKAS MOVEIT LETCHEEE,Positive
Seoul,1,2,BROTHERHOOD,idl.global,0:37:12,@UwU-on8kq,OUHHHHH,Positive
Seoul,1,2,BROTHERHOOD,idl.global,0:37:13,@shiryu1094,lets goo!1,Positive
Seoul,1,2,BROTHERHOOD,idl.global,0:37:15,@meowskiing,CRAZY SMOOTH,Positive
Seoul,1,2,BROTHERHOOD,idl.global,0:37:17,@mylanasyasaragih8740,HELLLL YEAHHHH,Positive
Seoul,1,2,BROTHERHOOD,idl.global,0:37:17,@Baylif_au,EWWWWW so clean,Positive
Seoul,1,2,BROTHERHOOD,idl.global,0:37:18,@kunsyaman,beat em uppp,Positive
Seoul,1,2,BROTHERHOOD,idl.global,0:37:18,@melissalin1713,DAYTOOOOOOOON,Positive
Seoul,1,2,BROTHERHOOD,idl.global,0:37:18,@UwU-on8kq,LIGHTSSSSS,Neutral
Seoul,1,2,BROTHERHOOD,idl.global,0:37:22,@AKAGum00,GET THE ANGLES RIGHT,Positive
Seoul,1,2,BROTHERHOOD,idl.global,0:37:22,@claveriapauliversono.494,THE CAMERA ANGLESS AYYEEEE,Positive
Seoul,1,2,BROTHERHOOD,idl.global,0:37:23,@firespear2557,I expected more outta brotherhood...,Negative
Seoul,1,2,BROTHERHOOD,idl.global,0:37:26,@TongkanKawayan,brotherhood:fire::fire:,Positive
Seoul,1,2,BROTHERHOOD,idl.global,0:37:28,@eve4560,AYYYYYYY,Positive
Seoul,1,2,BROTHERHOOD,idl.global,0:37:28,@UwU-on8kq,W,Neutral
Seoul,1,2,BROTHERHOOD,idl.global,0:37:28,@cenamoncenamobuns,OUUU THEY STOLE THEIR SONG,Positive
Seoul,1,2,BROTHERHOOD,idl.global,0:37:28,@hyunjinswife2248,SAN BEDA VS PERPETUAL,Neutral
Seoul,1,2,BROTHERHOOD,idl.global,0:37:28,@SerenDing,Let’s go brotherhood,Positive
Seoul,1,2,BROTHERHOOD,idl.global,0:37:29,@UwU-on8kq,HA,Neutral
Seoul,1,2,BROTHERHOOD,idl.global,0:37:29,@TongkanKawayan,brotherhood:fire::fire:,Positive
Seoul,1,2,BROTHERHOOD,idl.global,0:37:29,@MeltonLagrimas,Guys kahit 2nd na yung rf ok na :crown:,Neutral
Seoul,1,2,BROTHERHOOD,idl.global,0:37:30,@claveriapauliversono.494,PROPS TO THE CAMERA TEAM,Positive
Seoul,1,2,BROTHERHOOD,idl.global,0:37:31,@jeio7737,oooo,Positive
Seoul,1,2,BROTHERHOOD,idl.global,0:37:32,@winnieauyeung09,eat them uppp,Positive
Seoul,1,2,BROTHERHOOD,idl.global,0:37:32,@UwU-on8kq,WOAHHH,Positive
Seoul,1,2,BROTHERHOOD,idl.global,0:37:32,@slayonika,eww,Positive
Seoul,1,2,BROTHERHOOD,idl.global,0:37:36,@TongkanKawayan,brotherhood:fire::fire:,Positive
Seoul,1,2,BROTHERHOOD,idl.global,0:37:38,@UwU-on8kq,THE HYPE ISNT ENOUGH,Negative
Seoul,1,2,BROTHERHOOD,idl.global,0:37:38,@kunsyaman,LABAN SINO MAS ANGAT SINO MANGANGANAK,Neutral
Seoul,1,2,BROTHERHOOD,idl.global,0:37:40,@MJH977,bruh i fell on my ass being too hype LOL,Negative
Seoul,1,2,BROTHERHOOD,idl.global,0:37:40,@Kaiisntavailable,JON RAYYYY,Positive
Seoul,1,2,BROTHERHOOD,idl.global,0:37:40,@swiftie_33,OMGG,Positive
Seoul,1,2,BROTHERHOOD,idl.global,0:37:40,@ririsgonewild,YEA JON RAY,Neutral
Seoul,1,2,BROTHERHOOD,idl.global,0:37:40,@cenamoncenamobuns,THEIR SONG CHOICE WAS SIMILAR TO QUICKSTYLE,Neutral
Seoul,1,2,BROTHERHOOD,idl.global,0:37:40,@takeyyshi,AYEEE,Positive
Seoul,1,2,BROTHERHOOD,idl.global,0:37:40,@loraileys,GIRL WHY DOES EVERYONES SONG CHOICE SUCK,Negative
Seoul,1,2,BROTHERHOOD,idl.global,0:37:41,@trusolievatruther,same impact lang sa grv but yall glazing bru,Negative
Seoul,1,2,BROTHERHOOD,idl.global,0:37:41,@EmilyThomas-l1u,why is this like not as good as their other sets,Negative
Seoul,1,2,BROTHERHOOD,idl.global,0:37:42,@ahmadfadhil7431,their move is sooo TIKTOK,Positive
Seoul,1,2,BROTHERHOOD,idl.global,0:37:42,@takeyyshi,SHIII,Positive
Seoul,1,2,BROTHERHOOD,idl.global,0:37:44,@PookieMoosie,ahhhh the backflip,Positive
Seoul,1,2,BROTHERHOOD,idl.global,0:37:44,@claveriapauliversono.494,SMOOTH CAMERA VISUALLSSSS,Neutral
Seoul,1,2,BROTHERHOOD,idl.global,0:37:45,@luzz.._auwenn,kinda boring sofar when its brotherhood,Negative
Seoul,1,2,BROTHERHOOD,idl.global,0:37:45,@Lee2oo3o-v8p,Quickstyle eat them uppp,Positive
Seoul,1,2,BROTHERHOOD,idl.global,0:37:45,@claveriapauliversono.494,SMOOTH CAMERA VISUALLSSSS,Neutral
Seoul,1,2,BROTHERHOOD,idl.global,0:37:46,@swiftie_33,COOKINGGG,Positive
Seoul,1,2,BROTHERHOOD,idl.global,0:37:46,@melissalin1713,WHACKING,Positive
Seoul,1,2,BROTHERHOOD,idl.global,0:37:48,@Kyle-108,YOOOOOOOOOO,Positive
Seoul,1,2,BROTHERHOOD,idl.global,0:37:49,@hyunjinswife2248,ITS A GIRL!!!!,Positive
Seoul,1,2,BROTHERHOOD,idl.global,0:37:49,@DNCharLeys,NEED MROE OOMPH COME ON BROTHERHOOD,Neutral
Seoul,1,2,BROTHERHOOD,idl.global,0:37:49,@ahmadfadhil7431,TIKTOKKK,Neutral
Seoul,1,2,BROTHERHOOD,idl.global,0:37:49,@cenamoncenamobuns,ANOTHER JERSYE SEGMENT LETSGOO,Positive
Seoul,1,2,BROTHERHOOD,idl.global,0:37:49,@melissalin1713,FRANCISSSSSSSSSS,Positive
Seoul,1,2,BROTHERHOOD,idl.global,0:37:49,@garfieldbreadlover09,JOHN RAYYYY,Positive
Seoul,1,2,BROTHERHOOD,idl.global,0:37:51,@jeio7737,tired?,Negative
Seoul,1,2,BROTHERHOOD,idl.global,0:37:51,@takeyyshi,AYEEE,Positive
Seoul,1,2,BROTHERHOOD,idl.global,0:37:51,@MJH977,"crowd making me mad, they so dead",Negative
Seoul,1,2,BROTHERHOOD,idl.global,0:37:56,@TongkanKawayan,brotherhood:fire::fire:,Positive
Seoul,1,2,BROTHERHOOD,idl.global,0:37:57,@cenamoncenamobuns,YESSIRRR,Positive
Seoul,1,2,BROTHERHOOD,idl.global,0:37:57,@takeyyshi,ANONG GENDER REVWAL AHHWHA,Neutral
Seoul,1,2,BROTHERHOOD,idl.global,0:37:59,@Its_ur_bunnyny,:red_heart::red_heart::red_heart::red_heart::red_heart::red_heart::red_heart:,Positive
Seoul,1,2,BROTHERHOOD,idl.global,0:37:59,@UwU-on8kq,WOAH,Positive
Seoul,1,2,BROTHERHOOD,idl.global,0:38:00,@AnaPopescu-x1y,THEY EAT THIS UP,Positive
Seoul,1,2,BROTHERHOOD,idl.global,0:38:00,@firespear2557,I EXPECTED MORE BROTHERHOOD................,Negative
Seoul,1,2,BROTHERHOOD,idl.global,0:38:01,@jairozkentbazarsoria2253,CAPTAINSSSSS,Positive
Seoul,1,2,BROTHERHOOD,idl.global,0:38:03,@BriannaHamilton-lr9zg,Whos gonna say it,Neutral
Seoul,1,2,BROTHERHOOD,idl.global,0:38:03,@thee_soleichanel,AYE CAPTAINS,Positive
Seoul,1,2,BROTHERHOOD,idl.global,0:38:03,@kunsyaman,LETS GO KELVINNNN,Positive
Seoul,1,2,BROTHERHOOD,idl.global,0:38:04,@RuthieTaufa-f2u,hamuza,Negative
Seoul,1,2,BROTHERHOOD,idl.global,0:38:04,@ahmadfadhil7431,is like TIKTOKERS THOO,Neutral
Seoul,1,2,BROTHERHOOD,idl.global,0:38:04,@hendrymiu,wth.this is weak,Negative
Seoul,1,2,BROTHERHOOD,idl.global,0:38:05,@takeyyshi,"crowd dead af, tas sa 1m mamaya ang ingay nan lala",Negative
Seoul,1,2,BROTHERHOOD,idl.global,0:38:05,@TheGrifhinx,It's... ok? It's not better than their last sets e,Negative
Seoul,1,2,BROTHERHOOD,idl.global,0:38:05,@christianjohn2257,RF NA TOH,Neutral
Seoul,1,2,BROTHERHOOD,idl.global,0:38:06,@frannymalzar,SYNCHRONIZATION BADDIES,Positive
Seoul,1,2,BROTHERHOOD,idl.global,0:38:06,@zoe.life16,NAME OF THE BROTHERHOOD ???,Neutral
Seoul,1,2,BROTHERHOOD,idl.global,0:38:06,@cakebatter012,CAPTAINSSS,Positive
Seoul,1,2,BROTHERHOOD,idl.global,0:38:07,@trusolievatruther,ts lowk their weakest dance,Negative
Seoul,1,2,BROTHERHOOD,idl.global,0:38:07,@jemsbiii,no new moves??,Negative
Seoul,1,2,BROTHERHOOD,idl.global,0:38:07,@AnaPopescu-x1y,LETS GOO,Positive
Seoul,1,2,BROTHERHOOD,idl.global,0:38:09,@AttillahAlog,more plsss :((,Negative
Seoul,1,2,BROTHERHOOD,idl.global,0:38:10,@johngabrielcadiz,I HAVE A FEELING GUYS HUHUHUHU,Positive
Seoul,1,2,BROTHERHOOD,idl.global,0:38:11,@vensleepy,ADRIAN AND SCOTTT WHAT THE HELLLL,Positive
Seoul,1,2,BROTHERHOOD,idl.global,0:38:11,@aguxtd,lets goooo,Positive
Seoul,1,2,BROTHERHOOD,idl.global,0:38:11,@hyunjinswife2248,"TAHIMIK KORYAN FANS, RESERVED SIGAW NILA SA 1M",Positive
Seoul,1,2,BROTHERHOOD,idl.global,0:38:13,@RuthieTaufa-f2u,:fire::fire::fire:,Positive
Seoul,1,2,BROTHERHOOD,idl.global,0:38:15,@d.s-i2d,not feeling this,Negative
Seoul,1,2,BROTHERHOOD,idl.global,0:38:16,@vensleepy,ARE THEY CRAZYYYY,Positive
Seoul,1,2,BROTHERHOOD,idl.global,0:38:16,@SapphireOjiaku,ahhhhhhhhhh,Positive
Seoul,1,2,BROTHERHOOD,idl.global,0:38:17,@luzz.._auwenn,brotherhood i need moreeeeee,Negative
Seoul,1,2,BROTHERHOOD,idl.global,0:38:17,@AttillahAlog,weak :((,Negative
Seoul,1,2,BROTHERHOOD,idl.global,0:38:17,@heinzfel,ADRIANNN,Positive
Seoul,1,2,BROTHERHOOD,idl.global,0:38:18,@taliabailey6015,:fire::fire::fire:,Positive
Seoul,1,2,BROTHERHOOD,idl.global,0:38:18,@heinzfel,SCOTTT,Positive
Seoul,1,2,BROTHERHOOD,idl.global,0:38:20,@HawaAlexis,AYEEEEE THEY CLLEANNNNN,Positive
Seoul,1,2,BROTHERHOOD,idl.global,0:38:20,@academicsfirst,ANGAS GAGO,Positive
Seoul,1,2,BROTHERHOOD,idl.global,0:38:21,@karlmarx1st,1M COULD NEVER BE THIS UNDERWHELMING,Negative
Seoul,1,2,BROTHERHOOD,idl.global,0:38:21,@jemsbiii,No new moves??,Negative
Seoul,1,2,BROTHERHOOD,idl.global,0:38:22,@AnaSalgado-n1l,I am kinda bored,Negative
Seoul,1,2,BROTHERHOOD,idl.global,0:38:24,@xshckwave,Oh this kinda weak,Negative
Seoul,1,2,BROTHERHOOD,idl.global,0:38:25,@christianjohn2257,RF 1st place,Neutral
Seoul,1,2,BROTHERHOOD,idl.global,0:38:25,@PookieMoosie,their musicality is so freeeeesh,Positive
Seoul,1,2,BROTHERHOOD,idl.global,0:38:25,@TongkanKawayan,brotherhood:fire::fire:brotherhood:fire::fire:,Neutral
Seoul,1,2,BROTHERHOOD,idl.global,0:38:26,@Bitcxbed,FIREEEEEEEEEEEEE,Positive
Seoul,1,2,BROTHERHOOD,idl.global,0:38:28,@aguxtd,wooo,Positive
Seoul,1,2,BROTHERHOOD,idl.global,0:38:31,@aguxtd,lets goooo,Positive
Seoul,1,2,QUICK STYLE,idl.global,0:39:21,@savage_general9740,BRHD's Weakest Set LOL,Negative
Seoul,1,2,QUICK STYLE,idl.global,0:39:21,@phoenixtafa.,ummmmmmmmm,Neutral
Seoul,1,2,QUICK STYLE,idl.global,0:39:21,@j.feelinright,SO CLEANNNN BUT NOT SO VIBEY,Negative
Seoul,1,2,QUICK STYLE,idl.global,0:39:21,@whlskey,they did quickstyle,Neutral
Seoul,1,2,QUICK STYLE,idl.global,0:39:21,@UwU-on8kq,QS,Neutral
Seoul,1,2,QUICK STYLE,idl.global,0:39:21,@neonc4ts,OK IM SCARED,Negative
Seoul,1,2,QUICK STYLE,idl.global,0:39:21,@baoncv,it’s their weakest performance i’m sorry,Negative
Seoul,1,2,QUICK STYLE,idl.global,0:39:21,@Rambo1x,IDEAS RAN OUT FR,Neutral
Seoul,1,2,QUICK STYLE,idl.global,0:39:22,@terrencegustilo9591,Idk why pero feel ko baka makuha to ng QS,Neutral
Seoul,1,2,QUICK STYLE,idl.global,0:39:22,@j.feelinright,SO CLEANNNN BUT NOT SO VIBEY,Negative
Seoul,1,2,QUICK STYLE,idl.global,0:39:22,@maryerenea8653,quickstyle have a chance,Positive
Seoul,1,2,QUICK STYLE,idl.global,0:39:22,@PowerTheCrew,i feel like they were holding back,Negative
Seoul,1,2,QUICK STYLE,idl.global,0:39:22,@nevieluvs,C;EAM ASFFFFFF,Positive
Seoul,1,2,QUICK STYLE,idl.global,0:39:22,@jeido_zzz,crowd so fucking boring,Negative
Seoul,1,2,QUICK STYLE,idl.global,0:39:22,@guuuu7j7654,Song choice was weak,Negative
Seoul,1,2,QUICK STYLE,idl.global,0:39:22,@Abbie_ss,audience is dead,Negative
Seoul,1,2,QUICK STYLE,idl.global,0:39:23,@rtyoen7270,Mid,Negative
Seoul,1,2,QUICK STYLE,idl.global,0:39:23,@j.feelinright,SO CLEANNNN BUT NOT SO VIBEY,Negative
Seoul,1,2,QUICK STYLE,idl.global,0:39:23,@1uvhrrs,Omgg,Positive
Seoul,1,2,QUICK STYLE,idl.global,0:39:23,@SiyamiKI,oh noo,Neutral
Seoul,1,2,QUICK STYLE,idl.global,0:39:23,@ahmadfadhil7431,THEIR LIKE EXSAUSTED,Positive
Seoul,1,2,QUICK STYLE,idl.global,0:39:25,@zoe.life16,NAME OF THE BROTHERHOOD SONGS ?,Neutral
Seoul,1,2,QUICK STYLE,idl.global,0:39:25,@Rankthisvids,LETSSSSGOOOO BROTHERHOODDDDD,Positive
Seoul,1,2,QUICK STYLE,idl.global,0:39:25,@7valeritha,yeah i dont know was a little bit boring,Negative
Seoul,1,2,QUICK STYLE,idl.global,0:39:25,@brileyt27,hmmmmm,Neutral
Seoul,1,2,QUICK STYLE,idl.global,0:39:26,@JorosTabugara,dare i say they seemed tired... but maybe that's just me,Negative
Seoul,1,2,QUICK STYLE,idl.global,0:39:26,@lettuce_sphere,ok hell good but somethings missing,Negative
Seoul,1,2,QUICK STYLE,idl.global,0:39:26,@frannymalzar,its so underwhelming compared to their other ones:pensive_face::pensive_face::pensive_face::pensive_face:,Negative
Seoul,1,2,QUICK STYLE,idl.global,0:39:26,@Thatonegirlyuna,WERRKKKKK,Positive
Seoul,1,2,QUICK STYLE,idl.global,0:39:27,@LuvmeYukii,"it was leaning more towards quick styles normal set, simple, but suuuperr cleannn",Positive
Seoul,1,2,QUICK STYLE,idl.global,0:39:27,@UwU-on8kq,QSQSQSQSQS,Positive
Seoul,1,2,QUICK STYLE,idl.global,0:39:27,@Anagnxstou,COME ON BRHD,Neutral
Seoul,1,2,QUICK STYLE,idl.global,0:39:28,@jettipie,STILL ATE IT THOUGHHHH,Positive
Seoul,1,2,QUICK STYLE,idl.global,0:39:28,@hotfudgesundae879,it felt repetitive,Negative
Seoul,1,2,QUICK STYLE,idl.global,0:39:28,@Hannah___,not the haters in the comments lmfaooo,Negative
Seoul,1,2,QUICK STYLE,idl.global,0:39:29,@christianjohn2257,i think this is on quickstyle,Neutral
Seoul,1,2,QUICK STYLE,idl.global,0:39:29,@harrybui1264,Sorry but not their best work :loudly_crying_face:,Negative
Seoul,1,2,QUICK STYLE,idl.global,0:39:29,@karrllrr,QUICK STYLEEEE,Positive
Seoul,1,2,QUICK STYLE,idl.global,0:39:30,@vensleepy,LETS GOOOOOOOOOOO,Positive
Seoul,1,2,QUICK STYLE,idl.global,0:39:30,@TongkanKawayan,brotherhood:fire::fire:brotherhood:fire::fire:brotherhood:fire::fire:,Neutral
Seoul,1,2,QUICK STYLE,idl.global,0:39:30,@muhammadrafaadnanisyaaf2668,"damnn what a hard attack on qs, its the style that i wouldve guess that qs use, good luck qs",Negative
Seoul,1,2,QUICK STYLE,idl.global,0:39:30,@ahmadfadhil7431,ithink guutts,Positive
Seoul,1,2,QUICK STYLE,idl.global,0:39:31,@JaredEarnshaw,Omggggg,Positive
Seoul,1,2,QUICK STYLE,idl.global,0:39:31,@slayonika,who dis,Neutral
Seoul,1,2,QUICK STYLE,idl.global,0:39:32,@Erikaiden,BROTHERHOOD FOR THE WIN,Positive
Seoul,1,2,QUICK STYLE,idl.global,0:39:32,@vensleepy,QUICKSTYLE,Positive
Seoul,1,2,QUICK STYLE,idl.global,0:39:33,@luclucille,50/50,Neutral
Seoul,1,2,QUICK STYLE,idl.global,0:39:33,@cdn.igrisss,for sure taking the fan votes tho HAHAHAHA,Neutral
Seoul,1,2,QUICK STYLE,idl.global,0:39:34,@MJH977,oOK LETS GOO QS,Positive
Seoul,1,2,QUICK STYLE,idl.global,0:39:34,@pandapower9959,clean,Positive
Seoul,1,2,QUICK STYLE,idl.global,0:39:34,@YlordjeamTolosa,rf still top 1,Positive
Seoul,1,2,QUICK STYLE,idl.global,0:39:35,@RocoNic,"y'all wdym boring, IT WAS CLEANNN",Negative
Seoul,1,2,QUICK STYLE,idl.global,0:39:35,@Rankthisvids,OKAY OKAY LETAGOOOO,Positive
Seoul,1,2,QUICK STYLE,idl.global,0:39:35,@TongkanKawayan,brotherhood:fire::fire:,Positive
Seoul,1,2,QUICK STYLE,idl.global,0:39:35,@diwilobhoy8980,SANA NAGBUDOTS NALANG BH,Neutral
Seoul,1,2,QUICK STYLE,idl.global,0:39:36,@Reiddddddddd,L crowd EWWW WTF KOREA,Neutral
Seoul,1,2,QUICK STYLE,idl.global,0:39:36,@Riza-r1v,something's missingggg,Negative
Seoul,1,2,QUICK STYLE,idl.global,0:39:37,@Anagnxstou,ATEEE BRHD,Positive
Seoul,1,2,QUICK STYLE,idl.global,0:39:37,@thisISyouish,BH be like okay lets chill and let us lose. Been winning for weeks and its tiring :face_with_tears_of_joy:,Negative
Seoul,1,2,QUICK STYLE,idl.global,0:39:37,@notkenma,GET IT GIRLLLSSS,Positive
Seoul,1,2,QUICK STYLE,idl.global,0:39:38,@princesimbulan5074,not bad but not good,Negative
Seoul,1,2,QUICK STYLE,idl.global,0:39:38,@bellejeanarpilleda4465,PLEASEE LANGG,Neutral
Seoul,1,2,QUICK STYLE,idl.global,0:39:38,@DaelRafaeljohn,pmutag pildi bay,Positive
Seoul,1,2,QUICK STYLE,idl.global,0:39:39,@rayn6152,QS pls do something,Neutral
Seoul,1,2,QUICK STYLE,idl.global,0:39:39,@cakebatter012,OUUUU,Positive
Seoul,1,2,QUICK STYLE,idl.global,0:39:39,@aguxtd,oh wowwww,Positive
Seoul,1,2,QUICK STYLE,idl.global,0:39:39,@Lehiteemo,Stage too big to feel energy,Negative
Seoul,1,2,QUICK STYLE,idl.global,0:39:40,@heinzfel,that was boring,Negative
Seoul,1,2,QUICK STYLE,idl.global,0:39:40,@hyunjinswife2248,"PRACTICE LANG DAW NG BRHD, RESERVED ENERGY VS 1M",Neutral
Seoul,1,2,QUICK STYLE,idl.global,0:39:40,@loraileys,quickstyle pull up.,Neutral
Seoul,1,2,QUICK STYLE,idl.global,0:39:40,@takeyyshi,kinakabahan ako parang ggao kaung lahat,Negative
Seoul,1,2,QUICK STYLE,idl.global,0:39:41,@Rankthisvids,BROTHERHOOD WIN,Neutral
Seoul,1,2,QUICK STYLE,idl.global,0:39:41,@jaminpascual5560,There was a fcking ad for bh performance,Negative
Seoul,1,2,QUICK STYLE,idl.global,0:39:41,@UwU-on8kq,WOAHHH,Positive
Seoul,1,2,QUICK STYLE,idl.global,0:39:42,@MJH977,OHHHH,Positive
Seoul,1,2,QUICK STYLE,idl.global,0:39:42,@zoe.life16,NAME OF THE BOTHEHOOD SONG ?,Neutral
Seoul,1,2,QUICK STYLE,idl.global,0:39:42,@Rahkiroad,oshi...........,Negative
Seoul,1,2,QUICK STYLE,idl.global,0:39:43,@renankylebartolata8828,cnu d2 mga nag upcat knina,Neutral
Seoul,1,2,QUICK STYLE,idl.global,0:39:44,@eve4560,Lets go girlsss,Positive
Seoul,1,2,QUICK STYLE,idl.global,0:39:44,@MJH977,SO COOL,Positive
Seoul,1,2,QUICK STYLE,idl.global,0:39:45,@Bitcxbed,QUICK STYLE IS SLIMEEEEEEE,Positive
Seoul,1,2,QUICK STYLE,idl.global,0:39:45,@bea-ok3pl,IT WAS SO CLEAN BUT A BIT BORING I HOPE THEY DO BETTER IN ROUND 2,Negative
Seoul,1,2,QUICK STYLE,idl.global,0:39:45,@ReVeLy-ez3qt,WAIT WAIT HOLD ONNNNN,Positive
Seoul,1,2,QUICK STYLE,idl.global,0:39:46,@Akio-w1o7l,i fear it’s their weakest one yet,Negative
Seoul,1,2,QUICK STYLE,idl.global,0:39:46,@Reiddddddddd,L crowd EWWW WTF KOREA,Neutral
Seoul,1,2,QUICK STYLE,idl.global,0:39:46,@cenamoncenamobuns,LETSGO,Positive
Seoul,1,2,QUICK STYLE,idl.global,0:39:46,@kevinbriang.garcia6398,WOW!,Positive
Seoul,1,2,QUICK STYLE,idl.global,0:39:47,@cenamoncenamobuns,LETSGO,Positive
Seoul,1,2,QUICK STYLE,idl.global,0:39:47,@jeduthunzang,i think it’s the jet lag damn,Negative
Seoul,1,2,QUICK STYLE,idl.global,0:39:48,@UwU-on8kq,KOREAN SONG IS KOREA,Neutral
Seoul,1,2,QUICK STYLE,idl.global,0:39:48,@harrybui1264,They’re running out of steam it has been going downhill since Sydney,Negative
Seoul,1,2,QUICK STYLE,idl.global,0:39:49,@ninojamessuson2553,hate to say this but i feel likeee,Negative
Seoul,1,2,QUICK STYLE,idl.global,0:39:49,@cenamoncenamobuns,OUUU,Positive
Seoul,1,2,QUICK STYLE,idl.global,0:39:50,@DJJD17,wowwwwwwwww,Positive
Seoul,1,2,QUICK STYLE,idl.global,0:39:50,@kunsyaman,OH,Neutral
Seoul,1,2,QUICK STYLE,idl.global,0:39:50,@craftyporky5584,Clean but the standard for brotherhood is so high now,Negative
Seoul,1,2,QUICK STYLE,idl.global,0:39:51,@UwU-on8kq,WOAHHH,Positive
Seoul,1,2,QUICK STYLE,idl.global,0:39:51,@Rahkiroad,ayo,Neutral
Seoul,1,2,QUICK STYLE,idl.global,0:39:51,@cenamoncenamobuns,OUUUUUUUUUUUUU,Positive
Seoul,1,2,QUICK STYLE,idl.global,0:39:52,@vahnyk,lmao,Neutral
Seoul,1,2,QUICK STYLE,idl.global,0:39:52,@Hannah___,just wait til round 2 y’alll :head_shaking_vertically:,Neutral
Seoul,1,2,QUICK STYLE,idl.global,0:39:53,@patriciadesquitado871,OKAAAAY,Positive
Seoul,1,2,QUICK STYLE,idl.global,0:39:54,@aguxtd,coollllll,Positive
Seoul,1,2,QUICK STYLE,idl.global,0:39:54,@gi_722,Oh,Neutral
Seoul,1,2,QUICK STYLE,idl.global,0:39:55,@UwU-on8kq,EATING,Neutral
Seoul,1,2,QUICK STYLE,idl.global,0:39:56,@loraileys,omgggg,Positive
Seoul,1,2,QUICK STYLE,idl.global,0:39:59,@toshikobiko,aye,Positive
Seoul,1,2,QUICK STYLE,idl.global,0:39:59,@eve4560,Okurrr,Positive
Seoul,1,2,QUICK STYLE,idl.global,0:39:59,@savage_general9740,OKAY UHMMMM...,Positive
Seoul,1,2,QUICK STYLE,idl.global,0:40:00,@aguxtd,quick style is lowkey starting off good,Positive
Seoul,1,2,QUICK STYLE,idl.global,0:40:00,@slayonika,woah,Positive
Seoul,1,2,QUICK STYLE,idl.global,0:40:00,@vahnyk,nah brother for the win,Positive
Seoul,1,2,QUICK STYLE,idl.global,0:40:01,@Reiddddddddd,L crowd Eww wtf korea,Negative
Seoul,1,2,QUICK STYLE,idl.global,0:40:01,@heinzfel,LETS GOOO,Positive
Seoul,1,2,QUICK STYLE,idl.global,0:40:01,@alvindharmasaputra4849,OH QUICKSTYLE GONNA EAT,Positive
Seoul,1,2,QUICK STYLE,idl.global,0:40:01,@jeio7737,AYE AYE AYE,Positive
Seoul,1,2,QUICK STYLE,idl.global,0:40:02,@swiftie_33,its mid,Negative
Seoul,1,2,QUICK STYLE,idl.global,0:40:02,@passdanoobie,messy asf,Negative
Seoul,1,2,QUICK STYLE,idl.global,0:40:03,@cenamoncenamobuns,OKAYY,Positive
Seoul,1,2,QUICK STYLE,idl.global,0:40:03,@dafi-quakc,BROTHERHOOD ATE,Positive
Seoul,1,2,QUICK STYLE,idl.global,0:40:04,@tobioweb5500,qs has a chance!!,Positive
Seoul,1,2,QUICK STYLE,idl.global,0:40:04,@lovie7347,IM SCAREDDD,Positive
Seoul,1,2,QUICK STYLE,idl.global,0:40:04,@RiyaManmode,ayyyy,Positive
Seoul,1,2,QUICK STYLE,idl.global,0:40:05,@DJJD17,:light_blue_heart::blue_heart::light_blue_heart::blue_heart:,Positive
Seoul,1,2,QUICK STYLE,idl.global,0:40:05,@Jddry,"Im thinking they definitely are saving the bigger performances for the later rounds, could that bite them in the butt?",Negative
Seoul,1,2,QUICK STYLE,idl.global,0:40:05,@loraileys,girl,Neutral
Seoul,1,2,QUICK STYLE,idl.global,0:40:05,@miyowww,y'all saying its boring bc the last ones became a trend loll,Negative
Seoul,1,2,QUICK STYLE,idl.global,0:40:06,@ahmadfadhil7431,they became borring,Negative
Seoul,1,2,QUICK STYLE,idl.global,0:40:06,@kaihua4576,WOAHHHH,Positive
Seoul,1,2,QUICK STYLE,idl.global,0:40:07,@savage_general9740,This is better...,Positive
Seoul,1,2,QUICK STYLE,idl.global,0:40:07,@takeyyshi,nah,Negative
Seoul,1,2,QUICK STYLE,idl.global,0:40:07,@rubysayer3025,Ooo this is gonna be tough,Negative
Seoul,1,2,QUICK STYLE,idl.global,0:40:08,@vahnyk,messy,Negative
Seoul,1,2,QUICK STYLE,idl.global,0:40:08,@bruhify786,if brotherhood was boring this is worse,Negative
Seoul,1,2,QUICK STYLE,idl.global,0:40:09,@takeyyshi,nag,Neutral
Seoul,1,2,QUICK STYLE,idl.global,0:40:09,@lexiewescott445,I LOVE BRHD BUT NOOO,Negative
Seoul,1,2,QUICK STYLE,idl.global,0:40:10,@takeyyshi,nah,Negative
Seoul,1,2,QUICK STYLE,idl.global,0:40:11,@hroyhn,this is eh too,Negative
Seoul,1,2,QUICK STYLE,idl.global,0:40:11,@gomdoes,hello din ang link,Neutral
Seoul,1,2,QUICK STYLE,idl.global,0:40:11,@RiyaManmode,ttok the fan vote alreadyy,Neutral
Seoul,1,2,QUICK STYLE,idl.global,0:40:12,@ahmadfadhil7431,QUIICCKKSSS,Positive
Seoul,1,2,QUICK STYLE,idl.global,0:40:12,@DNCharLeys,um....,Neutral
Seoul,1,2,QUICK STYLE,idl.global,0:40:13,@khushb00333K,:light_blue_heart::light_blue_heart::light_blue_heart: Quick style :light_blue_heart::light_blue_heart::light_blue_heart::light_blue_heart::light_blue_heart::light_blue_heart: Quick style :light_blue_heart::light_blue_heart::light_blue_heart::light_blue_heart::light_blue_heart::light_blue_heart: Quick style :light_blue_heart::light_blue_heart::light_blue_heart:,Neutral
Seoul,1,2,QUICK STYLE,idl.global,0:40:13,@UwU-on8kq,EATING,Neutral
Seoul,1,2,QUICK STYLE,idl.global,0:40:14,@ArgelJosephTamelin,MESSY,Positive
Seoul,1,2,QUICK STYLE,idl.global,0:40:14,@stupidlynene5633,NAH THEY SWITCHED STYLES,Neutral
Seoul,1,2,QUICK STYLE,idl.global,0:40:14,@hyunsuksicecream5227,Korea is such a boring crowd lmao,Negative
Seoul,1,2,QUICK STYLE,idl.global,0:40:15,@LaurenceOrcana,yessssss,Positive
Seoul,1,2,QUICK STYLE,idl.global,0:40:15,@aguxtd,song choice is defo strange,Negative
Seoul,1,2,QUICK STYLE,idl.global,0:40:16,@jairozkentbazarsoria2253,messy,Negative
Seoul,1,2,QUICK STYLE,idl.global,0:40:16,@deannavior,LEZG QUICKSTYLE,Positive
Seoul,1,2,QUICK STYLE,idl.global,0:40:17,@Sammy-uj1,OHH SHIII,Positive
Seoul,1,2,QUICK STYLE,idl.global,0:40:17,@melissalin1713,OH MY GOD,Positive
Seoul,1,2,QUICK STYLE,idl.global,0:40:17,@owenstuart1420,WOAAHHH,Positive
Seoul,1,2,QUICK STYLE,idl.global,0:40:18,@ahmadfadhil7431,QUIIICCCKKKKSSS,Positive
Seoul,1,2,QUICK STYLE,idl.global,0:40:18,@cenamoncenamobuns,OKAU,Neutral
Seoul,1,2,QUICK STYLE,idl.global,0:40:18,@vahnyk,messy lol,Negative
Seoul,1,2,QUICK STYLE,idl.global,0:40:19,@mikehawk8744,So far both Boeing,Neutral
Seoul,1,2,QUICK STYLE,idl.global,0:40:19,@kunsyaman,GAGOOOOOO,Positive
Seoul,1,2,QUICK STYLE,idl.global,0:40:19,@Banana-ph4vq,Gg brotherhood won,Neutral
Seoul,1,2,QUICK STYLE,idl.global,0:40:20,@fuwar1n_n,OH DAMN,Positive
Seoul,1,2,QUICK STYLE,idl.global,0:40:20,@takeyyshi,brotherhood isnt that bad wth,Negative
Seoul,1,2,QUICK STYLE,idl.global,0:40:22,@nevieluvs,messy,Negative
Seoul,1,2,QUICK STYLE,idl.global,0:40:22,@j.feelinright,ARE THEY USING KOREAN SONG?,Neutral
Seoul,1,2,QUICK STYLE,idl.global,0:40:22,@ahmadfadhil7431,QUUIICCCKKKSSSSSSS,Positive
Seoul,1,2,QUICK STYLE,idl.global,0:40:24,@u8dren,go angkas queens,Positive
Seoul,1,2,QUICK STYLE,idl.global,0:40:25,@aguxtd,woah this is pretty cool tho,Positive
Seoul,1,2,QUICK STYLE,idl.global,0:40:25,@Zszumi,DAMN,Positive
Seoul,1,2,QUICK STYLE,idl.global,0:40:25,@hyunjinswife2248,FOOTBALL vs BASEBALL,Neutral
Seoul,1,2,QUICK STYLE,idl.global,0:40:26,@Anagnxstou,it’s ok it’s very messy though,Negative
Seoul,1,2,QUICK STYLE,idl.global,0:40:26,@aguxtd,niceeee,Negative
Seoul,1,2,QUICK STYLE,idl.global,0:40:26,@khushb00333K,:light_blue_heart::light_blue_heart::light_blue_heart: Quick style :light_blue_heart::light_blue_heart::light_blue_heart::light_blue_heart::light_blue_heart::light_blue_heart: Quick style :light_blue_heart::light_blue_heart::light_blue_heart::light_blue_heart::light_blue_heart::light_blue_heart: Quick style :light_blue_heart::light_blue_heart::light_blue_heart:,Neutral
Seoul,1,2,QUICK STYLE,idl.global,0:40:27,@mathyunghyunsukieee3957,still Brotherhood,Negative
Seoul,1,2,QUICK STYLE,idl.global,0:40:27,@AKAGum00,wait the vibes are pretty good,Positive
Seoul,1,2,QUICK STYLE,idl.global,0:40:27,@loraileys,already more fun,Positive
Seoul,1,2,QUICK STYLE,idl.global,0:40:27,@arianborgonia7645,SHETTTTT,Positive
Seoul,1,2,QUICK STYLE,idl.global,0:40:27,@Reiddddddddd,L crowd Eww wtf korea,Negative
Seoul,1,2,QUICK STYLE,idl.global,0:40:28,@Sammy-uj1,THEY EATING,Positive
Seoul,1,2,QUICK STYLE,idl.global,0:40:28,@TongkanKawayan,brotherhood:fire::fire:brotherhood:fire::fire:,Neutral
Seoul,1,2,QUICK STYLE,idl.global,0:40:28,@ArnettaCherilynDarmoyo,DAS CRAZYYYY,Positive
Seoul,1,2,QUICK STYLE,idl.global,0:40:28,@Nicole_saplrn,OHH SHIII,Positive
Seoul,1,2,QUICK STYLE,idl.global,0:40:28,@Kyle-108,boring,Negative
Seoul,1,2,QUICK STYLE,idl.global,0:40:28,@asteriawho,:loudly_crying_face::loudly_crying_face::loudly_crying_face:,Negative
Seoul,1,2,QUICK STYLE,idl.global,0:40:29,@AnaSalgado-n1l,no I’m bored too,Negative
Seoul,1,2,QUICK STYLE,idl.global,0:40:29,@Rambo1x,BRHD WHAT DID YOU DOOOOO,Neutral
Seoul,1,2,QUICK STYLE,idl.global,0:40:30,@j.feelinright,IS THAT A KOREAN SONG?,Neutral
Seoul,1,2,QUICK STYLE,idl.global,0:40:30,@j.feelinright,IS THAT A KOREAN SONG?,Neutral
Seoul,1,2,QUICK STYLE,idl.global,0:40:31,@takeyyshi,"brhd still clean af, yall js hating",Negative
Seoul,1,2,QUICK STYLE,idl.global,0:40:31,@markwygol8725,boring,Negative
Seoul,1,2,QUICK STYLE,idl.global,0:40:32,@j.feelinright,IS THAT A KOREAN SONG?,Neutral
Seoul,1,2,QUICK STYLE,idl.global,0:40:33,@j.feelinright,IS THAT A KOREAN SONG?,Neutral
Seoul,1,2,QUICK STYLE,idl.global,0:40:33,@imonly0,wth,Neutral
Seoul,1,2,QUICK STYLE,idl.global,0:40:33,@j.feelinright,IS THAT A KOREAN SONG?,Neutral
Seoul,1,2,QUICK STYLE,idl.global,0:40:34,@hroyhn,brotherhoodddddd,Positive
Seoul,1,2,QUICK STYLE,idl.global,0:40:34,@jeido_zzz,OUT OF BEAT,Negative
Seoul,1,2,QUICK STYLE,idl.global,0:40:34,@ashsomejakebugarin7076,I think quick style will win,Neutral
Seoul,1,2,QUICK STYLE,idl.global,0:40:34,@xshckwave,Oh nvm bhd wasn’t that bad LMFAOO,Negative
Seoul,1,2,QUICK STYLE,idl.global,0:40:35,@Kyle-108,BOOOOORRIIINNNGNGGGGGGG,Positive
Seoul,1,2,QUICK STYLE,idl.global,0:40:35,@veronica-yw2vo,hina din,Negative
Seoul,1,2,QUICK STYLE,idl.global,0:40:35,@UwU-on8kq,WOAJ,Positive
Seoul,1,2,QUICK STYLE,idl.global,0:40:35,@Nicole_saplrn,BRHD FOR DA WINN,Positive
Seoul,1,2,QUICK STYLE,idl.global,0:40:36,@alexespaultancio6917,BAWI BROTHERHOOD R2,Neutral
Seoul,1,2,QUICK STYLE,idl.global,0:40:37,@Anagnxstou,Can’t wait to see brhd 2nd set!,Positive
Seoul,1,2,QUICK STYLE,idl.global,0:40:37,@jhayceejurada611,kelan Ang upeepz?,Neutral
Seoul,1,2,QUICK STYLE,idl.global,0:40:38,@oma1036,VisLaud,Neutral
Seoul,1,2,QUICK STYLE,idl.global,0:40:38,@Smithanonymous,Guys let’s be nicer,Neutral
Seoul,1,2,QUICK STYLE,idl.global,0:40:39,@sheillabuchana5772,GUYS THE SONG IS NORWEGIAN,Neutral
Seoul,1,2,QUICK STYLE,idl.global,0:40:39,@takeyyshi,BRHD STILL CLEAN AFFF,Neutral
Seoul,1,2,QUICK STYLE,idl.global,0:40:39,@tsukki5536,wth is that,Neutral
Seoul,1,2,QUICK STYLE,idl.global,0:40:39,@UwU-on8kq,CANONO,Neutral
Seoul,1,2,QUICK STYLE,idl.global,0:40:39,@Themushroomball,entrance was strong idk,Negative
Seoul,1,2,QUICK STYLE,idl.global,0:40:40,@luzz.._auwenn,VIBBEEEZZZ,Positive
Seoul,1,2,QUICK STYLE,idl.global,0:40:40,@passdanoobie,7-0,Negative
Seoul,1,2,QUICK STYLE,idl.global,0:40:40,@Nicole_saplrn,Brhdd,Neutral
Seoul,1,2,QUICK STYLE,idl.global,0:40:41,@DaveGarcia-n8z,"ROUND 1 PALANG YAN, WARM PALANG NG BRHD YAN:hand_with_index_finger_and_thumb_crossed::hand_with_index_finger_and_thumb_crossed::hand_with_index_finger_and_thumb_crossed:",Neutral
Seoul,1,2,QUICK STYLE,idl.global,0:40:42,@nevieluvs,kinda messy,Negative
Seoul,1,2,QUICK STYLE,idl.global,0:40:42,@justinjusto30,NOT SYNCCCC,Negative
Seoul,1,2,QUICK STYLE,idl.global,0:40:42,@lovie7347,ITS EUROEANNNN STYLE,Positive
Seoul,1,2,QUICK STYLE,idl.global,0:40:42,@cenamoncenamobuns,SO SHAPR,Positive
Seoul,1,2,QUICK STYLE,idl.global,0:40:43,@khushb00333K,:light_blue_heart::light_blue_heart::light_blue_heart: Quick style :light_blue_heart::light_blue_heart::light_blue_heart::light_blue_heart::light_blue_heart::light_blue_heart: Quick style :light_blue_heart::light_blue_heart::light_blue_heart::light_blue_heart::light_blue_heart::light_blue_heart: Quick style :light_blue_heart::light_blue_heart::light_blue_heart:,Neutral
Seoul,1,2,QUICK STYLE,idl.global,0:40:43,@rizalino808,OK Quickstyle I did not expect this but pop off,Negative
Seoul,1,2,QUICK STYLE,idl.global,0:40:44,@takeyyshi,YALL JS HATINN,Positive
Seoul,1,2,QUICK STYLE,idl.global,0:40:44,@jhanbro,WOAH,Positive
Seoul,1,2,QUICK STYLE,idl.global,0:40:44,@Rankthisvids,BISAYA NGA DAKO 6767,Negative
Seoul,1,2,QUICK STYLE,idl.global,0:40:44,@UwU-on8kq,SO PRETTY,Positive
Seoul,1,2,QUICK STYLE,idl.global,0:40:45,@notkenma,THE ADULT COMMUNITY DIVISION CAN WIN AGAINST THIS HONESTLY,Neutral
Seoul,1,2,QUICK STYLE,idl.global,0:40:45,@aguxtd,wowowow,Positive
Seoul,1,2,QUICK STYLE,idl.global,0:40:46,@frannymalzar,this is as underwhelming as brd ngl,Negative
Seoul,1,2,QUICK STYLE,idl.global,0:40:47,@arh1d3a,AYEEEEEE,Positive
Seoul,1,2,QUICK STYLE,idl.global,0:40:47,@nishimurr0,yall only saying bhrd was boring bc the other 2 turned into tt trends they did good,Negative
Seoul,1,2,QUICK STYLE,idl.global,0:40:47,@aguxtd,LOVE,Positive
Seoul,1,2,QUICK STYLE,idl.global,0:40:48,@yowzzz05,okay shade,Positive
Seoul,1,2,QUICK STYLE,idl.global,0:40:48,@cenamoncenamobuns,OHHHH,Positive
Seoul,1,2,QUICK STYLE,idl.global,0:40:49,@hyunjinswife2248,COLLEGE TEAM VS INTRAMS,Neutral
Seoul,1,2,QUICK STYLE,idl.global,0:40:49,@UwU-on8kq,WOAH,Positive
Seoul,1,2,QUICK STYLE,idl.global,0:40:49,@vensleepy,WOAHHH,Positive
Seoul,1,2,QUICK STYLE,idl.global,0:40:49,@swiftie_33,Im n9t a fan,Negative
Seoul,1,2,QUICK STYLE,idl.global,0:40:50,@loraileys,oooo,Positive
Seoul,1,2,QUICK STYLE,idl.global,0:40:50,@cenamoncenamobuns,OUUUUUUUUUUUUUUUU,Positive
Seoul,1,2,QUICK STYLE,idl.global,0:40:51,@imonly0,5-2 BRHF,Neutral
Seoul,1,2,QUICK STYLE,idl.global,0:40:51,@MJH977,Ohh,Neutral
Seoul,1,2,QUICK STYLE,idl.global,0:40:51,@vensleepy,SO SO,Positive
Seoul,1,2,QUICK STYLE,idl.global,0:40:51,@Rahkiroad,dissed,Neutral
Seoul,1,2,QUICK STYLE,idl.global,0:40:51,@aliahm.6726,ngl QS won already,Positive
Seoul,1,2,QUICK STYLE,idl.global,0:40:52,@ashleycaasi9027,boreng neto,Negative
Seoul,1,2,QUICK STYLE,idl.global,0:40:52,@TongkanKawayan,brotherhood:fire::fire:brotherhood:fire::fire:brotherhood:fire::fire:brotherhood:fire::fire:,Neutral
Seoul,1,2,QUICK STYLE,idl.global,0:40:52,@Sammy-uj1,YALL ARE SO BIASED LOL,Positive
Seoul,1,2,QUICK STYLE,idl.global,0:40:53,@luclucille,OKAY LOL BROTHERHOOD DEF HAVE THE CHANCE AGAIN,Positive
Seoul,1,2,QUICK STYLE,idl.global,0:40:53,@kevinbriang.garcia6398,THE DISSSSS,Positive
Seoul,1,2,QUICK STYLE,idl.global,0:40:53,@taliabailey6015,OOOOOOO,Positive
Seoul,1,2,QUICK STYLE,idl.global,0:40:53,@vensleepy,WOAH,Positive
Seoul,1,2,QUICK STYLE,idl.global,0:40:53,@arianborgonia7645,BRUHHH,Positive
Seoul,1,2,QUICK STYLE,idl.global,0:40:54,@czyrinetorres6887,not clean,Negative
Seoul,1,2,QUICK STYLE,idl.global,0:40:54,@reignlawrenceantonio9101,OHHH SHADEEEE,Positive
Seoul,1,2,QUICK STYLE,idl.global,0:40:54,@kylerom3992,OOOHH,Positive
Seoul,1,2,QUICK STYLE,idl.global,0:40:54,@CANAAN-x,lol,Neutral
Seoul,1,2,QUICK STYLE,idl.global,0:40:54,@tookakuidude1121,"oh no, they did not censored the cuss words, it might be an dedution",Negative
Seoul,1,2,QUICK STYLE,idl.global,0:40:54,@UwU-on8kq,AYYYYYY,Positive
Seoul,1,2,QUICK STYLE,idl.global,0:40:54,@jemsbiii,WHAT IS THAT LOL,Neutral
Seoul,1,2,QUICK STYLE,idl.global,0:40:55,@okp1763,the call outttt,Positive
Seoul,1,2,QUICK STYLE,idl.global,0:40:55,@oma1036,damnn,Positive
Seoul,1,2,QUICK STYLE,idl.global,0:40:55,@misteritalian1009,im suprised the weakest matchup so far rn has brotherhood in it lol,Negative
Seoul,1,2,QUICK STYLE,idl.global,0:40:56,@vahnyk,lolll,Positive
Seoul,1,2,QUICK STYLE,idl.global,0:40:56,@SerenDing,So boring,Negative
Seoul,1,2,QUICK STYLE,idl.global,0:40:57,@Nicole_saplrn,yoo this fireee,Positive
Seoul,1,2,QUICK STYLE,idl.global,0:40:57,@heinzfel,OOOHHH,Positive
Seoul,1,2,QUICK STYLE,idl.global,0:40:57,@mikehawk8744,?,Neutral
Seoul,1,2,QUICK STYLE,idl.global,0:40:57,@xshckwave,WAIT THAT DISS LMAOOO,Positive
Seoul,1,2,QUICK STYLE,idl.global,0:40:58,@hroyhn,ehhh,Neutral
Seoul,1,2,QUICK STYLE,idl.global,0:40:58,@cenamoncenamobuns,OHHH,Positive
Seoul,1,2,QUICK STYLE,idl.global,0:40:58,@cakebatter012,not cleannnn,Negative
Seoul,1,2,QUICK STYLE,idl.global,0:40:58,@Gam3Bo1KD,bro quickstyles NO.18 is making Mistakes again,Negative
Seoul,1,2,QUICK STYLE,idl.global,0:40:58,@emilykim5520,the diss,Neutral
Seoul,1,2,QUICK STYLE,idl.global,0:40:58,@mokipop3069,THE CALLOUT,Neutral
Seoul,1,2,QUICK STYLE,idl.global,0:40:58,@bellejeanarpilleda4465,eyyy that step on toxic by brotherhood,Positive
Seoul,1,2,QUICK STYLE,idl.global,0:40:59,@SBH-25,For know brotherhood has it,Neutral
Seoul,1,2,QUICK STYLE,idl.global,0:40:59,@ReVeLy-ez3qt,SHADE OKAY,Positive
Seoul,1,2,QUICK STYLE,idl.global,0:41:00,@cenamoncenamobuns,AYEEEE,Positive
Seoul,1,2,QUICK STYLE,idl.global,0:41:00,@neilcodm6201,7-0,Negative
Seoul,1,2,QUICK STYLE,idl.global,0:41:00,@vahnyk,dissss,Positive
Seoul,1,2,QUICK STYLE,idl.global,0:41:00,@jjjjjjjoshu,just copying atp,Neutral
Seoul,1,2,QUICK STYLE,idl.global,0:41:01,@kunsyaman,THE JON RAY REF LMAOOOOO,Neutral
Seoul,1,2,QUICK STYLE,idl.global,0:41:01,@rubysayer3025,AHHH THE CALLOUT,Positive
Seoul,1,2,QUICK STYLE,idl.global,0:41:01,@toshq_q,wtf,Negative
Seoul,1,2,QUICK STYLE,idl.global,0:41:01,@TongkanKawayan,boring,Negative
Seoul,1,2,QUICK STYLE,idl.global,0:41:02,@DNCharLeys,7-0,Negative
Seoul,1,2,QUICK STYLE,idl.global,0:41:03,@garfieldbreadlover09,JOHN RAY LMAO,Neutral
Seoul,1,2,QUICK STYLE,idl.global,0:41:03,@MeltonLagrimas,pangit :grinning_squinting_face:hahahaha joke,Negative
Seoul,1,2,QUICK STYLE,idl.global,0:41:03,@frannymalzar,THE DISSAA,Positive
Seoul,1,2,QUICK STYLE,idl.global,0:41:03,@Kyle-108,soooooo boring,Negative
Seoul,1,2,QUICK STYLE,idl.global,0:41:05,@ririsgonewild,ok call out??,Neutral
Seoul,1,2,QUICK STYLE,idl.global,0:41:05,@rheanadalucan,bh goatttt,Positive
Seoul,1,2,QUICK STYLE,idl.global,0:41:05,@takeyyshi,what r we doing,Neutral
Seoul,1,2,QUICK STYLE,idl.global,0:41:06,@vahnyk,boring,Negative
Seoul,1,2,QUICK STYLE,idl.global,0:41:06,@Akio-w1o7l,THE SHADEEEEE LMAO,Positive
Seoul,1,2,QUICK STYLE,idl.global,0:41:06,@gi_722,Mock,Negative
Seoul,1,2,QUICK STYLE,idl.global,0:41:06,@khushb00333K,:light_blue_heart::light_blue_heart::light_blue_heart: Quick style :light_blue_heart::light_blue_heart::light_blue_heart::light_blue_heart::light_blue_heart::light_blue_heart: Quick style :light_blue_heart::light_blue_heart::light_blue_heart::light_blue_heart::light_blue_heart::light_blue_heart: Quick style :light_blue_heart::light_blue_heart::light_blue_heart:,Neutral
Seoul,1,2,QUICK STYLE,idl.global,0:41:06,@UwU-on8kq,WOAHHHHHH,Positive
Seoul,1,2,QUICK STYLE,idl.global,0:41:07,@neilcodm6201,7-0,Negative
Seoul,1,2,QUICK STYLE,idl.global,0:41:07,@malennamae,Idk they kinda remind me of highschool dance team,Negative
Seoul,1,2,QUICK STYLE,idl.global,0:41:08,@rizalino808,the call out of Jon Ray,Neutral
Seoul,1,2,QUICK STYLE,idl.global,0:41:09,@guuuu7j7654,Boring,Negative
Seoul,1,2,QUICK STYLE,idl.global,0:41:09,@jeio7737,dang,Positive
Seoul,1,2,QUICK STYLE,idl.global,0:41:09,@_bub0.bub0,UH OHHHHHH,Positive
Seoul,1,2,QUICK STYLE,idl.global,0:41:10,@bea-ok3pl,JON RAY CALL OUTT,Neutral
Seoul,1,2,QUICK STYLE,idl.global,0:41:10,@beamendoza2148,what's happening??? can't feel the vibe of every group tonight :weary_face:,Negative
Seoul,1,2,QUICK STYLE,idl.global,0:41:10,@valerakkaktotakk3304,7-0,Negative
Seoul,1,2,QUICK STYLE,idl.global,0:41:11,@takeyyshi,what r we doing,Neutral
Seoul,1,2,QUICK STYLE,idl.global,0:41:11,@xshckwave,4-3,Negative
Seoul,1,2,QUICK STYLE,idl.global,0:41:13,@zoer.xo03,THE SHADE,Positive
Seoul,1,2,QUICK STYLE,idl.global,0:41:13,@hyunjinswife2248,EASY 7-0,Negative
Seoul,1,2,QUICK STYLE,idl.global,0:41:13,@jhanbro,not that clean :loudly_crying_face:,Negative
Seoul,1,2,QUICK STYLE,idl.global,0:41:14,@harrybui1264,They’re lucky they’re going against quickstyle cause :loudly_crying_face:,Negative
Seoul,1,2,QUICK STYLE,idl.global,0:41:14,@Fenryst,"what is quickstyle's ""style"" btw?",Neutral
Seoul,1,2,QUICK STYLE,idl.global,0:41:14,@jjjjjjjoshu,what dat mean,Neutral
Seoul,1,2,QUICK STYLE,idl.global,0:41:14,@icecreamlover-soup,messy but good,Negative
Seoul,1,2,QUICK STYLE,idl.global,0:41:15,@BazzaM8,hella mid,Negative
Seoul,1,2,QUICK STYLE,idl.global,0:41:15,@Helyum3,brhd wins,Neutral
Seoul,1,2,QUICK STYLE,idl.global,0:41:15,@MeltonLagrimas,pangit hahahaha jokeeee,Negative
Seoul,1,2,QUICK STYLE,idl.global,0:41:15,@aniishahahaha,AAAAAAYYY,Positive
Seoul,1,2,QUICK STYLE,idl.global,0:41:15,@enashinoo,QUICKSTYLE HAS TO PRACTICE CLEANLINESS BROOO SO MESSY,Positive
Seoul,1,2,QUICK STYLE,idl.global,0:41:16,@mikouxei,both weak lol,Negative
Seoul,1,2,QUICK STYLE,idl.global,0:41:18,@UwU-on8kq,WOAH\,Positive
Seoul,1,2,QUICK STYLE,idl.global,0:41:18,@tealcushion,this kinda iffy idk,Negative
Seoul,1,2,QUICK STYLE,idl.global,0:41:18,@lexiewescott445,sorry but theyre winning this,Positive
Seoul,1,2,QUICK STYLE,idl.global,0:41:18,@leighdinaya,the shade lol,Positive
Seoul,1,2,QUICK STYLE,idl.global,0:41:18,@Kyle-108,boring,Negative
Seoul,1,2,QUICK STYLE,idl.global,0:41:18,@loraileys,syncro ain't there,Negative
Seoul,1,2,QUICK STYLE,idl.global,0:41:18,@RafaelWFH,honestly quick style should have been in community division lol,Negative
Seoul,1,2,QUICK STYLE,idl.global,0:41:19,@arh1d3a,gg’s gang,Neutral
Seoul,1,2,QUICK STYLE,idl.global,0:41:19,@angelodelmundoesleigue9338,messy,Negative
Seoul,1,2,QUICK STYLE,idl.global,0:41:19,@aguxtd,quick style be doing good,Positive
Seoul,1,2,QUICK STYLE,idl.global,0:41:20,@vahnyk,boring,Negative
Seoul,1,2,QUICK STYLE,idl.global,0:41:20,@kizuumi0420,THE SHADE??????,Positive
Seoul,1,2,QUICK STYLE,idl.global,0:41:21,@markwygol8725,not synchronised,Negative
Seoul,1,2,QUICK STYLE,idl.global,0:41:21,@ichikakun1705,Boring vs More Boring ig....,Negative
Seoul,1,2,QUICK STYLE,idl.global,0:41:21,@dafi-quakc,no way brhd was too good,Negative
Seoul,1,2,QUICK STYLE,idl.global,0:41:21,@kunsyaman,OHHHHHHHH,Positive
Seoul,1,2,QUICK STYLE,idl.global,0:41:21,@AnaSalgado-n1l,Boring,Negative
Seoul,1,2,QUICK STYLE,idl.global,0:41:21,@RYO-6767,BRUH,Neutral
Seoul,1,2,QUICK STYLE,idl.global,0:41:21,@maya92748,SHADEEEEEEE,Positive
Seoul,1,2,QUICK STYLE,idl.global,0:41:21,@Anagnxstou,Brhd did better lowkey,Negative
Seoul,1,2,QUICK STYLE,idl.global,0:41:22,@toshq_q,wth is this,Neutral
Seoul,1,2,QUICK STYLE,idl.global,0:41:23,@choiimarc2002,THE START IS ALREADY GOOD WHAT HAPPENED????,Neutral
Seoul,1,2,QUICK STYLE,idl.global,0:41:24,@kenramping,brotherhood just matched their energy for the 1v1 guys,Negative
Seoul,1,2,QUICK STYLE,idl.global,0:41:24,@melissalin1713,YOOOO,Positive
Seoul,1,2,QUICK STYLE,idl.global,0:41:25,@takeyyshi,uhmm,Neutral
Seoul,1,2,QUICK STYLE,idl.global,0:41:26,@SarahRada-e3p,i feel like quickstyle is gonna wim bcz what happened to brhd :broken_heart:,Negative
Seoul,1,2,QUICK STYLE,idl.global,0:41:26,@Rhinnoeee,moveee,Positive
Seoul,1,2,QUICK STYLE,idl.global,0:41:26,@stooopeeed,UPEEPZ BETTER THAN THIS TEEAM,Positive
Seoul,1,2,QUICK STYLE,idl.global,0:41:26,@AttillahAlog,weak also,Negative
Seoul,1,2,QUICK STYLE,idl.global,0:41:27,@stooopeeed,UPEEPZ BETTER THAN THIS TEEAM,Positive
Seoul,1,2,QUICK STYLE,idl.global,0:41:27,@passdanoobie,went 2nd for what,Negative
Seoul,1,2,QUICK STYLE,idl.global,0:41:27,@Akio-w1o7l,LMAOOO THEY R NASTY,Negative
Seoul,1,2,QUICK STYLE,idl.global,0:41:27,@terrencegustilo9591,"Ok i take back what i said, Brotherhood got this",Negative
Seoul,1,2,QUICK STYLE,idl.global,0:41:27,@stooopeeed,UPEEPZ BETTER THAN THIS TEEAM,Positive
Seoul,1,2,QUICK STYLE,idl.global,0:41:27,@baoncv,brotherhood wws weak today but quickstyle is not very clean and synchronized,Negative
Seoul,1,2,QUICK STYLE,idl.global,0:41:27,@stooopeeed,UPEEPZ BETTER THAN THIS TEEAM,Positive
Seoul,1,2,QUICK STYLE,idl.global,0:41:27,@maya92748,SHADEEEEEEE,Positive
Seoul,1,2,QUICK STYLE,idl.global,0:41:27,@chloeramos4606,BROTHERHOOD ATEEEE,Positive
Seoul,1,2,QUICK STYLE,idl.global,0:41:28,@RYO-6767,BRHD TAKES THIS LOL,Positive
Seoul,1,2,QUICK STYLE,idl.global,0:41:29,@UwU-on8kq,EHH,Neutral
Seoul,1,2,QUICK STYLE,idl.global,0:41:29,@taynguyener,Bro this entire series is so mid LOLLL,Positive
Seoul,1,2,QUICK STYLE,idl.global,0:41:30,@fryllecarosus1263,Oh nah,Negative
Seoul,1,2,QUICK STYLE,idl.global,0:41:30,@malennamae,"Dog, everyone jet lagged and tired",Negative
Seoul,1,2,QUICK STYLE,idl.global,0:41:31,@toshq_q,nahhh,Negative
Seoul,1,2,QUICK STYLE,idl.global,0:41:31,@Kyle-108,boring,Negative
Seoul,1,2,QUICK STYLE,idl.global,0:41:31,@hroyhn,not really feeling this,Negative
Seoul,1,2,QUICK STYLE,idl.global,0:41:32,@Helyum3,ıts not that clean tho,Negative
Seoul,1,2,QUICK STYLE,idl.global,0:41:32,@kaihua4576,4-3 BHD,Neutral
Seoul,1,2,QUICK STYLE,idl.global,0:41:32,@Rhinnoeee,don't just stand there,Negative
Seoul,1,2,QUICK STYLE,idl.global,0:41:32,@veronica-yw2vo,BOTH BADDDD,Positive
Seoul,1,2,QUICK STYLE,idl.global,0:41:32,@babyinbabyblue.,Stop shading,Negative
Seoul,1,2,QUICK STYLE,idl.global,0:41:33,@nazzylove_bunny1,Brotherhood won,Neutral
Seoul,1,2,QUICK STYLE,idl.global,0:41:33,@vahnyk,clean vs boring,Negative
Seoul,1,2,QUICK STYLE,idl.global,0:41:33,@khushb00333K,:light_blue_heart::light_blue_heart::light_blue_heart: Quick style :light_blue_heart::light_blue_heart::light_blue_heart::light_blue_heart::light_blue_heart::light_blue_heart: Quick style :light_blue_heart::light_blue_heart::light_blue_heart::light_blue_heart::light_blue_heart::light_blue_heart: Quick style :light_blue_heart::light_blue_heart::light_blue_heart:,Neutral
Seoul,1,2,QUICK STYLE,idl.global,0:41:33,@okp1763,WHY THEY BOTH WEAK WGAT,Negative
Seoul,1,2,QUICK STYLE,idl.global,0:41:33,@WhyAmIHereYT,HAHAHAHAHAH STILL BH DAWG,Negative
Seoul,1,2,QUICK STYLE,idl.global,0:41:33,@ReVeLy-ez3qt,bh was way cleaner though,Negative
Seoul,1,2,QUICK STYLE,idl.global,0:41:33,@_bub0.bub0,UHH OHH:white_exclamation_mark::white_exclamation_mark::white_exclamation_mark::white_exclamation_mark:,Neutral
Seoul,1,2,QUICK STYLE,idl.global,0:41:34,@vensleepy,THERE NO SUCH THING AS WEAKEST CREW,Negative
Seoul,1,2,QUICK STYLE,idl.global,0:41:34,@channe156,Ngl I think bhd gave lots of energetic moves,Positive
Seoul,1,2,QUICK STYLE,idl.global,0:41:34,@bruhify786,dawg wth is this boring ahh set,Negative
Seoul,1,2,QUICK STYLE,idl.global,0:41:34,@takeyyshi,ion know,Negative
Seoul,1,2,QUICK STYLE,idl.global,0:41:34,@jjjjjjjoshu,brotherhood is saving the energy for 2nd round for sure,Positive
Seoul,1,2,QUICK STYLE,idl.global,0:41:34,@melissalin1713,MALI PAULSEN,Neutral
Seoul,1,2,QUICK STYLE,idl.global,0:41:34,@CH3RRYAF,galing,Positive
Seoul,1,2,QUICK STYLE,idl.global,0:41:34,@38pepe,whheres bh,Neutral
Seoul,1,2,QUICK STYLE,idl.global,0:41:34,@kunsyaman,this is adrian shade lmao,Neutral
Seoul,1,2,QUICK STYLE,idl.global,0:41:34,@misteritalian1009,weakest matchup yet RF and GRV tore them up easily,Negative
Seoul,1,2,QUICK STYLE,idl.global,0:41:35,@Oyasumi1234,BLAND,Neutral
Seoul,1,2,QUICK STYLE,idl.global,0:41:35,@craftyporky5584,"QS slow, doesn’t really match the song",Negative
Seoul,1,2,QUICK STYLE,idl.global,0:41:35,@fryllecarosus1263,LET'S GO RENE,Positive
Seoul,1,2,QUICK STYLE,idl.global,0:41:36,@aliahm.6726,OH DAMNNN,Positive
Seoul,1,2,QUICK STYLE,idl.global,0:41:36,@takeyyshi,boring,Negative
Seoul,1,2,QUICK STYLE,idl.global,0:41:37,@shiryu1094,bh prin,Neutral
Seoul,1,2,QUICK STYLE,idl.global,0:41:37,@TongkanKawayan,brotherhood:fire::fire:brotherhood:fire::fire:brotherhood:fire::fire:,Neutral
Seoul,1,2,QUICK STYLE,idl.global,0:41:37,@cenamoncenamobuns,Noooooo they shouldve switched up the song,Negative
Seoul,1,2,QUICK STYLE,idl.global,0:41:37,@estergulinao3282,"wow, the tutting is crazy good",Positive
Seoul,1,2,QUICK STYLE,idl.global,0:41:37,@jangwonyoung1570,weak as callout,Negative
Seoul,1,2,QUICK STYLE,idl.global,0:41:37,@bea-ok3pl,theyre so creative but theyre not clean,Negative
Seoul,1,2,QUICK STYLE,idl.global,0:41:37,@sheillabuchana5772,GUYS YOU NEED TO UNDERSTAND THE SONG,Neutral
Seoul,1,2,QUICK STYLE,idl.global,0:41:38,@enashinoo,THIS IS SO BAD LOL,Positive
Seoul,1,2,QUICK STYLE,idl.global,0:41:38,@jhanbro,SCUBAAAA,Positive
Seoul,1,2,QUICK STYLE,idl.global,0:41:38,@Sammy-uj1,YALL ARE SO BIASE,Positive
Seoul,1,2,QUICK STYLE,idl.global,0:41:38,@tunnelmannen,Norwegian song,Neutral
Seoul,1,2,QUICK STYLE,idl.global,0:41:39,@UwU-on8kq,EHHH,Neutral
Seoul,1,2,QUICK STYLE,idl.global,0:41:39,@polrotsenpaez6324,brotherhood shade,Negative
Seoul,1,2,QUICK STYLE,idl.global,0:41:39,@Oyasumi1234,Bland,Negative
Seoul,1,2,QUICK STYLE,idl.global,0:41:39,@Bitcxbed,qs = slimed,Negative
Seoul,1,2,QUICK STYLE,idl.global,0:41:41,@khushb00333K,:light_blue_heart::light_blue_heart::light_blue_heart: Quick style :light_blue_heart::light_blue_heart::light_blue_heart::light_blue_heart::light_blue_heart::light_blue_heart: Quick style :light_blue_heart::light_blue_heart::light_blue_heart::light_blue_heart::light_blue_heart::light_blue_heart: Quick style :light_blue_heart::light_blue_heart::light_blue_heart:,Neutral
Seoul,1,2,QUICK STYLE,idl.global,0:41:42,@ArnettaCherilynDarmoyo,brhd never failssss,Positive
Seoul,1,2,QUICK STYLE,idl.global,0:41:42,@vensleepy,STOP SPAMMING,Negative
Seoul,1,2,QUICK STYLE,idl.global,0:41:42,@kevinbriang.garcia6398,AHHHHH,Positive
Seoul,1,2,QUICK STYLE,idl.global,0:41:43,@WhyAmIHereYT,messy,Negative
Seoul,1,2,QUICK STYLE,idl.global,0:41:43,@mylanasyasaragih8740,4-3,Negative
Seoul,1,2,QUICK STYLE,idl.global,0:41:44,@st.tsa.09,wtf is this....,Negative
Seoul,1,2,QUICK STYLE,idl.global,0:41:44,@icecreamlover-soup,not bad but not good,Negative
Seoul,1,2,QUICK STYLE,idl.global,0:41:44,@sheillabuchana5772,ITS KARPE,Neutral
Seoul,1,2,QUICK STYLE,idl.global,0:41:44,@xaroulaspanou,bro stop hating fr,Negative
Seoul,1,2,QUICK STYLE,idl.global,0:41:44,@Sean_S_00,TOXIC MGA NON DANCERS DITO FEELING MAGALING,Neutral
Seoul,1,2,QUICK STYLE,idl.global,0:41:44,@szoapp,both mid LMAOOOOO,Neutral
Seoul,1,2,QUICK STYLE,idl.global,0:41:44,@pieceofdoe,WHATS UP WITH THE SETSSS TONYT???? ITSSS WEAKKKK,Positive
Seoul,1,2,QUICK STYLE,idl.global,0:41:44,@Bitcxbed,Slime,Neutral
Seoul,1,2,QUICK STYLE,idl.global,0:41:44,@crispy5104,boring,Negative
Seoul,1,2,QUICK STYLE,idl.global,0:41:45,@encrts,NOT CLEANNN,Negative
Seoul,1,2,QUICK STYLE,idl.global,0:41:45,@passdanoobie,messy af,Negative
Seoul,1,2,QUICK STYLE,idl.global,0:41:45,@shelleybutler-tx5hn,Boring,Negative
Seoul,1,2,QUICK STYLE,idl.global,0:41:46,@hyunjinswife2248,YAH UPEEPZ and VPEEPZ better than this fr fr,Positive
Seoul,1,2,QUICK STYLE,idl.global,0:41:46,@Oyasumi1234,They need to do better,Negative
Seoul,1,2,QUICK STYLE,idl.global,0:41:46,@isabellafinn3650,This def worse than brotherhood,Negative
Seoul,1,2,QUICK STYLE,idl.global,0:41:46,@mikehawk8744,Lol,Neutral
Seoul,1,2,QUICK STYLE,idl.global,0:41:47,@victxriah,so far RF has the best set,Positive
Seoul,1,2,QUICK STYLE,idl.global,0:41:47,@joOhners,NO COMMMENTO!,Positive
Seoul,1,2,QUICK STYLE,idl.global,0:41:47,@vensleepy,YEAH ATEEEEE,Positive
Seoul,1,2,QUICK STYLE,idl.global,0:41:47,@UwU-on8kq,SCUBAAAA,Positive
Seoul,1,2,QUICK STYLE,idl.global,0:41:47,@channe156,QS moves are too weak,Negative
Seoul,1,2,QUICK STYLE,idl.global,0:41:47,@g.u.2597,BRHD,Neutral
Seoul,1,2,QUICK STYLE,idl.global,0:41:48,@cenamoncenamobuns,4-3,Negative
Seoul,1,2,QUICK STYLE,idl.global,0:41:48,@lexiewescott445,BRHD WEAKERRR PLS,Neutral
Seoul,1,2,QUICK STYLE,idl.global,0:41:48,@frannymalzar,i fear this will be a close call later,Negative
Seoul,1,2,QUICK STYLE,idl.global,0:41:48,@DJJD17,nice!,Positive
Seoul,1,2,QUICK STYLE,idl.global,0:41:48,@YoashTorreon,eyyy,Positive
Seoul,1,2,QUICK STYLE,idl.global,0:41:49,@ellaa_aaa,LET'S GO BROTHERHOOD :red_heart::red_heart::red_heart::red_heart::red_heart::red_heart::red_heart::red_heart::red_heart::red_heart::red_heart:,Positive
Seoul,1,2,QUICK STYLE,idl.global,0:41:49,@ReVeLy-ez3qt,that was a little weak,Negative
Seoul,1,2,QUICK STYLE,idl.global,0:41:49,@CANAAN-x,LMAOOO,Neutral
Seoul,1,2,QUICK STYLE,idl.global,0:41:49,@fryllecarosus1263,LET'S GO VITALITY,Positive
Seoul,1,2,QUICK STYLE,idl.global,0:41:49,@nishimurr0,not the scuba,Negative
Seoul,1,2,QUICK STYLE,idl.global,0:41:49,@tealcushion,eh kinda boring,Negative
Seoul,1,2,QUICK STYLE,idl.global,0:41:49,@isabella-rc7ks,BROTHERHOODD,Neutral
Seoul,1,2,QUICK STYLE,idl.global,0:41:49,@OnceNgBayan,lol the music had potential but the choreo is on and off,Negative
Seoul,1,2,QUICK STYLE,idl.global,0:41:50,@MaryamCeesay-tr1cu,UUHHHMMM,Positive
Seoul,1,2,QUICK STYLE,idl.global,0:41:50,@pandapower9959,oh this is nice,Positive
Seoul,1,2,QUICK STYLE,idl.global,0:41:51,@CDSBang,the vibe isn't there bro,Negative
Seoul,1,2,QUICK STYLE,idl.global,0:41:51,@MeltonLagrimas,?????,Neutral
Seoul,1,2,QUICK STYLE,idl.global,0:41:52,@vensleepy,QS ATEEEEE,Positive
Seoul,1,2,QUICK STYLE,idl.global,0:41:52,@rubysayer3025,CALLOUUUUTTT,Positive
Seoul,1,2,QUICK STYLE,idl.global,0:41:52,@isabella-rc7ks,BROTHERHOODD,Neutral
Seoul,1,2,QUICK STYLE,idl.global,0:41:53,@DaveGarcia-n8z,ROUN,Neutral
Seoul,1,2,QUICK STYLE,idl.global,0:41:54,@jeido_zzz,TF is that shit,Negative
Seoul,1,2,QUICK STYLE,idl.global,0:41:54,@shelleybutler-tx5hn,Brotherhood is just better,Positive
Seoul,1,2,QUICK STYLE,idl.global,0:41:54,@linker7260,5-2,Negative
Seoul,1,2,QUICK STYLE,idl.global,0:41:55,@stupidlynene5633,HIGH FIVE,Neutral
Seoul,1,2,QUICK STYLE,idl.global,0:41:55,@Anagnxstou,so messy lol,Negative
Seoul,1,2,QUICK STYLE,idl.global,0:41:55,@isabella-rc7ks,BROTHERHOODD,Neutral
Seoul,1,2,QUICK STYLE,idl.global,0:41:55,@HeelationWishes,MGA FEELING DANCERS AMPOTEK,Positive
Seoul,1,2,QUICK STYLE,idl.global,0:41:55,@misteritalian1009,both brotherhood and quickstyle are so boring omggg..,Negative
Seoul,1,2,QUICK STYLE,idl.global,0:41:55,@babyinbabyblue.,I’m srry but honestly brotherhood is taking it,Negative
Seoul,1,2,QUICK STYLE,idl.global,0:41:56,@kianzaiYT,maybe they want to win wuickstyle,Neutral
Seoul,1,2,QUICK STYLE,idl.global,0:41:56,@aguxtd,:face-red-heart-shape::face-red-heart-shape:,Neutral
Seoul,1,2,QUICK STYLE,idl.global,0:41:57,@ArnettaCherilynDarmoyo,brhd 4 the winnn,Positive
Seoul,1,2,QUICK STYLE,idl.global,0:41:57,@ellaa_aaa,they're missing cleanliness,Negative
Seoul,1,2,QUICK STYLE,idl.global,0:41:57,@olenbunyi2441,i don't get it,Negative
Seoul,1,2,QUICK STYLE,idl.global,0:41:58,@AKAGum00,WAITT,Neutral
Seoul,1,2,QUICK STYLE,idl.global,0:41:58,@LivingInElysium,Really not feeling this one.,Negative
Seoul,1,2,QUICK STYLE,idl.global,0:41:58,@takeyyshi,uhhhhh,Positive
Seoul,1,2,QUICK STYLE,idl.global,0:41:58,@lovie7347,KINDA SCARED FOR BROTHERHOOD,Negative
Seoul,1,2,QUICK STYLE,idl.global,0:41:59,@Oyasumi1234,As bland as Norwegian food,Negative
Seoul,1,2,QUICK STYLE,idl.global,0:41:59,@joeballs42,aiyo quick style shit sia,Negative
Seoul,1,2,QUICK STYLE,idl.global,0:42:00,@MeltonLagrimas,???,Neutral
Seoul,1,2,QUICK STYLE,idl.global,0:42:00,@mathyunghyunsukieee3957,i think Brotherhood just match the vibe of quickstyle :rolling_on_the_floor_laughing: that's why it looks like a warm up,Negative
Seoul,1,2,QUICK STYLE,idl.global,0:42:01,@twstwodaily,THEY DID THE I WANT YOU BACK SET,Neutral
Seoul,1,2,QUICK STYLE,idl.global,0:42:01,@meow_meowieee,kinda messy,Negative
Seoul,1,2,QUICK STYLE,idl.global,0:42:01,@khushb00333K,:light_blue_heart::light_blue_heart::light_blue_heart: Quick style :light_blue_heart::light_blue_heart::light_blue_heart::light_blue_heart::light_blue_heart::light_blue_heart: Quick style :light_blue_heart::light_blue_heart::light_blue_heart::light_blue_heart::light_blue_heart::light_blue_heart: Quick style :light_blue_heart::light_blue_heart::light_blue_heart:,Neutral
Seoul,1,2,QUICK STYLE,idl.global,0:42:01,@Kyle-108,still boring,Negative
Seoul,1,2,QUICK STYLE,idl.global,0:42:01,@vahnyk,brhd sweeps,Negative
Seoul,1,2,QUICK STYLE,idl.global,0:42:02,@Thatonegirlyuna,BROTHERHOOD:saluting_face:,Neutral
Seoul,1,2,QUICK STYLE,idl.global,0:42:02,@reyva2504,geniunley its sm btr from yhr last one,Negative
Seoul,1,2,QUICK STYLE,idl.global,0:42:02,@kikay849,BROTHERHOOD,Neutral
Seoul,1,2,QUICK STYLE,idl.global,0:42:03,@aguxtd,:smiling_face_with_heart_eyes::smiling_face_with_heart_eyes::smiling_face_with_heart_eyes::smiling_face_with_heart_eyes::smiling_face_with_heart_eyes:,Neutral
Seoul,1,2,QUICK STYLE,idl.global,0:42:04,@EllaThink,uh,Neutral
Seoul,1,2,QUICK STYLE,idl.global,0:42:04,@harrybui1264,Agreed RF has been the only one with energy this series,Positive
Seoul,1,2,QUICK STYLE,idl.global,0:42:04,@alvindharmasaputra4849,hmm idk man,Negative
Seoul,1,2,QUICK STYLE,idl.global,0:42:05,@nazzylove_bunny1,Na definitely brotherhood for the win,Positive
Seoul,1,2,QUICK STYLE,idl.global,0:42:05,@tobioweb5500,they’re not as clean tbh,Negative
Seoul,1,2,QUICK STYLE,idl.global,0:42:05,@jjjjjjjoshu,brhd is kinda weak but qs is weaker tbh,Negative
Seoul,1,2,QUICK STYLE,idl.global,0:42:06,@zinfandellani,7 - 0,Negative
Seoul,1,2,QUICK STYLE,idl.global,0:42:06,@rheanadalucan,LAHHH LSLA BROTHERHOOD NA DTEPSS,Neutral
Seoul,1,2,QUICK STYLE,idl.global,0:42:06,@ifskate420,BROTHERHOOOODD,Neutral
Seoul,1,2,QUICK STYLE,idl.global,0:42:07,@loraileys,LETS HOPE ROUBD 2 IS BETTER BRUH,Positive
Seoul,1,2,QUICK STYLE,idl.global,0:42:07,@xaroulaspanou,thats...not it,Negative
Seoul,1,2,QUICK STYLE,idl.global,0:42:07,@zinfandellani,sorry,Negative
Seoul,1,2,QUICK STYLE,idl.global,0:42:07,@neilcodm6201,nah this is not it,Negative
Seoul,1,2,QUICK STYLE,idl.global,0:42:07,@isabella-rc7ks,BROTHERHOODD,Neutral
Seoul,1,2,QUICK STYLE,idl.global,0:42:08,@twstwodaily,NOT CLEAN,Negative
Seoul,1,2,QUICK STYLE,idl.global,0:42:08,@Oyasumi1234,This a No,Negative
Seoul,1,2,QUICK STYLE,idl.global,0:42:08,@TongkanKawayan,brotherhood:fire::fire:brotherhood:fire::fire:brotherhood:fire::fire:,Neutral
Seoul,1,2,QUICK STYLE,idl.global,0:42:08,@MJH977,"What is with this division round, really a miss more than a hit....is it the korean air or something??",Negative
Seoul,1,2,QUICK STYLE,idl.global,0:42:08,@leighdinaya,THE WAY THEY SWITCH STYLES???,Neutral
Seoul,1,2,QUICK STYLE,idl.global,0:42:09,@cenamoncenamobuns,oh,Neutral
Seoul,1,2,QUICK STYLE,idl.global,0:42:10,@vahnyk,messy,Negative
Seoul,1,2,QUICK STYLE,idl.global,0:42:10,@joshuatacorda1624,gulo,Negative
Seoul,1,2,QUICK STYLE,idl.global,0:42:10,@isabella-rc7ks,BROTHERHOODD,Neutral
Seoul,1,2,QUICK STYLE,idl.global,0:42:10,@cenamoncenamobuns,OHH,Positive
Seoul,1,2,QUICK STYLE,idl.global,0:42:10,@hyunjinswife2248,"tapos ito nanalo para sure first place 1M , plot twist HAHAHAHA",Neutral
Seoul,1,2,QUICK STYLE,idl.global,0:42:11,@takeyyshi,mas clean brhd aminin niyo nalang,Neutral
Seoul,1,2,QUICK STYLE,idl.global,0:42:11,@jaminpascual5560,The idea is there but ngl it’s not clean and you can tell they are trying something new :grimacing_face: BRHD was def going easy on them,Negative
Seoul,1,2,QUICK STYLE,idl.global,0:42:12,@choiimarc2002,"THE START IS ALREADY GOOD I WISH THEY MAINTAIN THE ENERGY TILL THE END, SEE YOU BH NEXT ROUND",Positive
Seoul,1,2,QUICK STYLE,idl.global,0:42:12,@Felix21xv,Still brotherhood better,Negative
Seoul,1,2,QUICK STYLE,idl.global,0:42:12,@kizuumi0420,THE TAUNTINGGG,Positive
Seoul,1,2,QUICK STYLE,idl.global,0:42:12,@kenjifd,YEAAHHH GIRL POWER,Positive
Seoul,1,2,QUICK STYLE,idl.global,0:42:12,@audreybaculando683,went very hiphop,Negative
Seoul,1,2,QUICK STYLE,idl.global,0:42:13,@peewwiii,LAME,Neutral
Seoul,1,2,QUICK STYLE,idl.global,0:42:13,@isabella-rc7ks,BROTHERHOODD,Neutral
Seoul,1,2,QUICK STYLE,idl.global,0:42:13,@titodsenyoonyt,You all wait for round 2,Negative
Seoul,1,2,QUICK STYLE,idl.global,0:42:14,@ThereseViane,disorganized,Negative
Seoul,1,2,QUICK STYLE,idl.global,0:42:15,@aguxtd,:light_blue_heart::light_blue_heart::light_blue_heart::light_blue_heart::light_blue_heart::light_blue_heart::light_blue_heart::light_blue_heart::light_blue_heart::light_blue_heart:,Neutral
Seoul,1,2,QUICK STYLE,idl.global,0:42:15,@hyehani,Have brhd performmmm,Positive
Seoul,1,2,QUICK STYLE,idl.global,0:42:15,@garfieldbreadlover09,NAHH THEY ATE,Positive
Seoul,1,2,QUICK STYLE,idl.global,0:42:16,@OnceNgBayan,this is probably a 5-2 at worst,Negative
Seoul,1,2,QUICK STYLE,idl.global,0:42:16,@patriciadesquitado871,I love the callouts though. HAHAHA,Positive
Seoul,1,2,QUICK STYLE,idl.global,0:42:17,@cdn.igrisss,the music choice kind ehh yk,Negative
Seoul,1,2,QUICK STYLE,idl.global,0:42:17,@valerakkaktotakk3304,Cool part,Positive
Seoul,1,2,QUICK STYLE,idl.global,0:42:17,@Sammy-uj1,BRHD FANS ARE SO TOXIC LOL,Positive
Seoul,1,2,QUICK STYLE,idl.global,0:42:18,@tookakuidude1121,it is not as clean tho,Negative
Seoul,1,2,QUICK STYLE,idl.global,0:42:18,@DaveGarcia-n8z,BRHD AT ROUND 2 : :skull::skull::skull::skull:,Neutral
Seoul,1,2,QUICK STYLE,idl.global,0:42:18,@isabella-rc7ks,BROTHERHOODD,Neutral
Seoul,1,2,QUICK STYLE,idl.global,0:42:18,@Helyum3,brhd clearly win,Positive
Seoul,1,2,QUICK STYLE,idl.global,0:42:19,@Anagnxstou,Brhd were wayyyy cleaner,Negative
Seoul,1,2,QUICK STYLE,idl.global,0:42:20,@ken-l1p8u,LOL Y'ALL ARE JUST BEING HATERS AND BIASED AT THIS POINT,Negative
Seoul,1,2,QUICK STYLE,idl.global,0:42:20,@isabella-rc7ks,BROTHERHOODD,Neutral
Seoul,1,2,QUICK STYLE,idl.global,0:42:21,@UwU-on8kq,RF ATE the other three a bit lacking,Negative
Seoul,1,2,QUICK STYLE,idl.global,0:42:21,@wicked.c7212,lezzgoo Quickstyle :blue_heart:,Neutral
Seoul,1,2,QUICK STYLE,idl.global,0:42:21,@KurtczackToledo,AYYYYU,Positive
Seoul,1,2,QUICK STYLE,idl.global,0:42:21,@kunsyaman,walang nagkamali altho brhd still cleaner,Positive
Seoul,1,2,QUICK STYLE,idl.global,0:42:21,@takeyyshi,MAS CLEAN TLAGA BRHD AYAW NIYO AMININ WHSHSHW,Positive
Seoul,1,2,QUICK STYLE,idl.global,0:42:22,@dafi-quakc,okay ima start casting my vote,Neutral
Seoul,1,2,QUICK STYLE,idl.global,0:42:22,@hroyhn,i think brhd's tryna match qs theyll probably do better r2,Neutral
Seoul,1,2,QUICK STYLE,idl.global,0:42:22,@enashinoo,this is so messy bro,Negative
Seoul,1,2,QUICK STYLE,idl.global,0:42:23,@isabella-rc7ks,BROTHERHOODD,Neutral
Seoul,1,2,QUICK STYLE,idl.global,0:42:23,@JadenAngelo-f7n,nah this round is not it,Negative
Seoul,1,2,QUICK STYLE,idl.global,0:42:23,@adrianpaulyadao6190,choreo weak,Negative
Seoul,1,2,QUICK STYLE,idl.global,0:42:23,@aldrinvibar3215,not even clean?,Negative
Seoul,1,2,QUICK STYLE,idl.global,0:42:25,@_rxby_jen,Messy asf,Positive
Seoul,1,2,QUICK STYLE,idl.global,0:42:25,@kizuumi0420,both tuff braur,Negative
Seoul,1,2,QUICK STYLE,idl.global,0:42:25,@hyunjinswife2248,ito iboboto ng fans para manalo 1M sa round 2 HAHA,Neutral
Seoul,1,2,QUICK STYLE,idl.global,0:42:25,@patriciadesquitado871,HHHAHAHAHAHAAHA,Neutral
Seoul,1,3,1MILLION,idl.global,0:55:55,@ReVeLy-ez3qt,LETS GO 1 MILLION,Positive
Seoul,1,3,1MILLION,idl.global,0:55:56,@왕혜영-r1j,Goooooooooooo,Positive
Seoul,1,3,1MILLION,idl.global,0:55:57,@kunsyaman,SHOPEE VS SHEIN LESGO,Neutral
Seoul,1,3,1MILLION,idl.global,0:55:57,@æ-ditt,go grv track_ito:fire::fire::fire:,Neutral
Seoul,1,3,1MILLION,idl.global,0:55:58,@mikmikn4tion,"WAG NA KAYO MAG EXPECT GUYS 1 MILLION NA YAN, ASA KOREA SILA EE",Negative
Seoul,1,3,1MILLION,idl.global,0:55:58,@ikeeee_0,HAHAHAHHAHA AND ACCENT,Neutral
Seoul,1,3,1MILLION,idl.global,0:55:58,@Reiddddddddd,"L venue, L host, L shoutcaster, L crowd. wow Korea we all waited for a month goddamn",Negative
Seoul,1,3,1MILLION,idl.global,0:55:58,@joOhners,yoo philipine ppl doesnt that guy look like jhong lmao,Negative
Seoul,1,3,1MILLION,idl.global,0:55:59,@LucasPasig,SIKAND,Neutral
Seoul,1,3,1MILLION,idl.global,0:55:59,@jeanie5711,LFGGG,Positive
Seoul,1,3,1MILLION,idl.global,0:55:59,@penguuuuu21,UYYYY SECANDDD,Positive
Seoul,1,3,1MILLION,idl.global,0:55:59,@Oyasumi1234,1MIL LEGGO,Neutral
Seoul,1,3,1MILLION,idl.global,0:55:59,@UwU-on8kq,YOOO,Positive
Seoul,1,3,1MILLION,idl.global,0:56:00,@TongkanKawayan,brotherhood:fire::fire:brotherhood,Neutral
Seoul,1,3,1MILLION,idl.global,0:56:01,@lovie7347,KOREANSSS LOOKS DOWN ON SEA,Negative
Seoul,1,3,1MILLION,idl.global,0:56:01,@meowskiing,CMON IM,Positive
Seoul,1,3,1MILLION,idl.global,0:56:03,@meowskiing,1M,Neutral
Seoul,1,3,1MILLION,idl.global,0:56:03,@wicked.c7212,lexxxgo 1Million :white_heart::white_heart:,Neutral
Seoul,1,3,1MILLION,idl.global,0:56:03,@ninojamessuson2553,mgaa biased yan sila,Negative
Seoul,1,3,1MILLION,idl.global,0:56:04,@Oyasumi1234,1 MIL LEGGOOOOO,Positive
Seoul,1,3,1MILLION,idl.global,0:56:04,@DearAnnicka,SHOPEEEEE,Neutral
Seoul,1,3,1MILLION,idl.global,0:56:05,@UwU-on8kq,PREP LOOKIN GOOD,Positive
Seoul,1,3,1MILLION,idl.global,0:56:05,@daffiarvyn9680,reid ur unemployed,Negative
Seoul,1,3,1MILLION,idl.global,0:56:06,@Bombardier-n4c,LETS GOOOO,Positive
Seoul,1,3,1MILLION,idl.global,0:56:07,@anyazamora9614,KAHIT ISANG POINT LANG MAKUHA NG JR SEA MASAYA NA AKO:orange_heart::orange_heart::orange_heart::orange_heart::orange_heart::orange_heart::orange_heart::orange_heart::orange_heart::orange_heart::orange_heart:,Positive
Seoul,1,3,1MILLION,idl.global,0:56:07,@takeyyshi,hoy anong brotherhood tapos na yan HWHWHWHWHWHWHWHW,Neutral
Seoul,1,3,1MILLION,idl.global,0:56:08,@jjjjjjjoshu,YEAH THEY WINNINGGG,Positive
Seoul,1,3,1MILLION,idl.global,0:56:09,@juliahageler3837,WHERE IS HARIMU,Neutral
Seoul,1,3,1MILLION,idl.global,0:56:09,@cinnamonhope1,ONE MILLION FIGHTING,Positive
Seoul,1,3,1MILLION,idl.global,0:56:09,@ninojamessuson2553,hhahhaahahahaha,Neutral
Seoul,1,3,1MILLION,idl.global,0:56:10,@DJJD17,:red_heart:1MILLION:red_heart:,Neutral
Seoul,1,3,1MILLION,idl.global,0:56:10,@MATTHIUERICOMOLINA,pinoy na pinoy sekend,Neutral
Seoul,1,3,1MILLION,idl.global,0:56:10,@anyazamora9614,KAHIT ISANG POINT LANG MAKUHA NG JR SEA MASAYA NA AKO:orange_heart::orange_heart::orange_heart::orange_heart::orange_heart::orange_heart::orange_heart::orange_heart::orange_heart::orange_heart::orange_heart:,Positive
Seoul,1,3,1MILLION,idl.global,0:56:11,@jjjjjjjoshu,PLS PLS PLS,Neutral
Seoul,1,3,1MILLION,idl.global,0:56:11,@ohhtris,JAM REPUBLIC,Neutral
Seoul,1,3,1MILLION,idl.global,0:56:11,@GawonLee0427,백구영임???,Neutral
Seoul,1,3,1MILLION,idl.global,0:56:11,@neorrii,JUSKO LALAKAS LANG CROWD PAG SA 1M NUYAN,Positive
Seoul,1,3,1MILLION,idl.global,0:56:12,@parkjihou,HOY MGA TAGA PILIPINS VOTE WISELY GUYS BAKA PATI BA NAMAN DITO IVOVOTE NIYO YUNG ANO HA,Neutral
Seoul,1,3,1MILLION,idl.global,0:56:12,@Reiddddddddd,"L venue, L host, L shoutcaster, L crowd. wow Korea we all waited for a month goddamn",Negative
Seoul,1,3,1MILLION,idl.global,0:56:14,@dafi-quakc,YES TO JRSEA NO TO PAX SILICA,Negative
Seoul,1,3,1MILLION,idl.global,0:56:14,@DearAnnicka,TEAAMM SHOPEEEE,Positive
Seoul,1,3,1MILLION,idl.global,0:56:14,@UwU-on8kq,WOAH,Positive
Seoul,1,3,1MILLION,idl.global,0:56:15,@mikmikn4tion,JUNGKOOK VS VICE GANDA,Positive
Seoul,1,3,1MILLION,idl.global,0:56:15,@rayn6152,another good start from 1MIL,Positive
Seoul,1,3,1MILLION,idl.global,0:56:18,@UwU-on8kq,WHATTT,Neutral
Seoul,1,3,1MILLION,idl.global,0:56:19,@parkjihou,HOY MGA TAGA PILIPINS VOTE WISELY GUYS BAKA PATI BA NAMAN DITO IVOVOTE NIYO YUNG ANO HA,Neutral
Seoul,1,3,1MILLION,idl.global,0:56:20,@DJJD17,:red_heart:1MILLION:red_heart:,Neutral
Seoul,1,3,1MILLION,idl.global,0:56:22,@ohhtris,JAM REPUBLIC,Neutral
Seoul,1,3,1MILLION,idl.global,0:56:22,@UwU-on8kq,WOAHHH,Positive
Seoul,1,3,1MILLION,idl.global,0:56:22,@takeyyshi,eksena sila,Positive
Seoul,1,3,1MILLION,idl.global,0:56:22,@TongkanKawayan,brotherhood:fire::fire:brotherhood,Neutral
Seoul,1,3,1MILLION,idl.global,0:56:23,@xshckwave,LETS GO 1MILLIONNNNNNNNNNNN :white_heart::white_heart::white_heart::white_heart:,Positive
Seoul,1,3,1MILLION,idl.global,0:56:23,@mikehawk8744,Pfft,Negative
Seoul,1,3,1MILLION,idl.global,0:56:23,@parkjihou,HOY MGA TAGA PILIPINS VOTE WISELY GUYS BAKA PATI BA NAMAN DITO IVOVOTE NIYO YUNG ANO HA,Neutral
Seoul,1,3,1MILLION,idl.global,0:56:26,@kunsyaman,UNA RAW ANG SHEIN #NOTOFASTFASHION,Positive
Seoul,1,3,1MILLION,idl.global,0:56:28,@parkjihou,HOY MGA TAGA PILIPINS VOTE WISELY GUYS BAKA PATI BA NAMAN DITO IVOVOTE NIYO YUNG ANO HA,Neutral
Seoul,1,3,1MILLION,idl.global,0:56:30,@Gam3Bo1KD,GRABE,Positive
Seoul,1,3,1MILLION,idl.global,0:56:30,@TongkanKawayan,brotherhood:fire::fire:brotherhood,Neutral
Seoul,1,3,1MILLION,idl.global,0:56:31,@takeyyshi,eksena yarne,Positive
Seoul,1,3,1MILLION,idl.global,0:56:33,@vahnyk,damn,Positive
Seoul,1,3,1MILLION,idl.global,0:56:34,@---wy8zq,YES,Positive
Seoul,1,3,1MILLION,idl.global,0:56:34,@loraileys,ooooo,Positive
Seoul,1,3,1MILLION,idl.global,0:56:35,@markilaset09,ANGALING NG CONCEPT,Neutral
Seoul,1,3,1MILLION,idl.global,0:56:36,@parkjihou,HOY MGA TAGA PILIPINS VOTE WISELY GUYS BAKA PATI BA NAMAN DITO IVOVOTE NIYO YUNG ANO HA,Neutral
Seoul,1,3,1MILLION,idl.global,0:56:36,@---wy8zq,GAGAGAGAGA,Positive
Seoul,1,3,1MILLION,idl.global,0:56:36,@nishimurr0,DANGGG,Positive
Seoul,1,3,1MILLION,idl.global,0:56:37,@DJJD17,liakim!!!!!,Positive
Seoul,1,3,1MILLION,idl.global,0:56:37,@tobioweb5500,OMG LOVE THE MUSICCCC,Positive
Seoul,1,3,1MILLION,idl.global,0:56:37,@mariselasutton957,LETS GOOOOO MIHAWKKKK,Positive
Seoul,1,3,1MILLION,idl.global,0:56:37,@okp1763,DAMMNNNNNN,Positive
Seoul,1,3,1MILLION,idl.global,0:56:37,@luclucille,OKAYUYYY????,Positive
Seoul,1,3,1MILLION,idl.global,0:56:38,@kunsyaman,UNA RAW ANG SHEIN #NOTOFASTFASHION,Positive
Seoul,1,3,1MILLION,idl.global,0:56:38,@markilaset09,HOLY,Positive
Seoul,1,3,1MILLION,idl.global,0:56:38,@Banana-ph4vq,JUDASS,Positive
Seoul,1,3,1MILLION,idl.global,0:56:38,@DNCharLeys,lady gaga again?,Negative
Seoul,1,3,1MILLION,idl.global,0:56:38,@harrybui1264,So the crowd is not dead u just decided to only support the SK team?,Negative
Seoul,1,3,1MILLION,idl.global,0:56:38,@nishimurr0,LADY GAGA,Positive
Seoul,1,3,1MILLION,idl.global,0:56:39,@UwU-on8kq,LADY GAGA,Positive
Seoul,1,3,1MILLION,idl.global,0:56:39,@mikehawk8744,Ok,Neutral
Seoul,1,3,1MILLION,idl.global,0:56:39,@patriciadesquitado871,OH SHOOOOT,Positive
Seoul,1,3,1MILLION,idl.global,0:56:40,@trusolievatruther,DANG,Positive
Seoul,1,3,1MILLION,idl.global,0:56:40,@parkjihou,HOY MGA TAGA PILIPINS VOTE WISELY GUYS BAKA PATI BA NAMAN DITO IVOVOTE NIYO YUNG ANO HA,Neutral
Seoul,1,3,1MILLION,idl.global,0:56:41,@markilaset09,HALA,Neutral
Seoul,1,3,1MILLION,idl.global,0:56:41,@day958,AAAAAAAA,Positive
Seoul,1,3,1MILLION,idl.global,0:56:41,@DJJD17,judas!!!!,Positive
Seoul,1,3,1MILLION,idl.global,0:56:41,@anyazamora9614,KAHIT ISANG POINT LANG MAKUHA NG JR SEA MASAYA NA AKO:orange_heart::orange_heart::orange_heart::orange_heart::orange_heart::orange_heart::orange_heart::orange_heart::orange_heart::orange_heart::orange_heart:,Positive
Seoul,1,3,1MILLION,idl.global,0:56:42,@UwU-on8kq,IMSAME PULL,Positive
Seoul,1,3,1MILLION,idl.global,0:56:42,@kunsyaman,WAIT I LIKE THIS,Positive
Seoul,1,3,1MILLION,idl.global,0:56:43,@MJH977,Damn now the crowd is alive lol,Positive
Seoul,1,3,1MILLION,idl.global,0:56:43,@CallMeTpain,HOLYYYYYYYY CONCEPTTTTTTTT,Positive
Seoul,1,3,1MILLION,idl.global,0:56:43,@æ-ditt,1m Pala kala ko grv:face_with_tears_of_joy:,Negative
Seoul,1,3,1MILLION,idl.global,0:56:44,@ThanhNguyenXuan-fp9sd,omg,Positive
Seoul,1,3,1MILLION,idl.global,0:56:44,@maddymilano,OKAYYY,Positive
Seoul,1,3,1MILLION,idl.global,0:56:44,@leviaiki9168,OKAY,Positive
Seoul,1,3,1MILLION,idl.global,0:56:44,@JhonPaulFlores-y9q,lagowt,Positive
Seoul,1,3,1MILLION,idl.global,0:56:44,@rubysayer3025,Judas NO WAY,Negative
Seoul,1,3,1MILLION,idl.global,0:56:45,@markilaset09,GAGSTI,Positive
Seoul,1,3,1MILLION,idl.global,0:56:45,@parkjihou,HOY MGA TAGA PILIPINS VOTE WISELY GUYS BAKA PATI BA NAMAN DITO IVOVOTE NIYO YUNG ANO HA,Neutral
Seoul,1,3,1MILLION,idl.global,0:56:45,@CDSBang,LEZGOOOOO,Positive
Seoul,1,3,1MILLION,idl.global,0:56:45,@pieceofdoe,WOOOWWWWWWWW,Positive
Seoul,1,3,1MILLION,idl.global,0:56:46,@Themushroomball,YAAAAAAS,Positive
Seoul,1,3,1MILLION,idl.global,0:56:46,@UwU-on8kq,WHATTTT,Neutral
Seoul,1,3,1MILLION,idl.global,0:56:47,@heinzfel,OMGGG,Positive
Seoul,1,3,1MILLION,idl.global,0:56:47,@SarahMartinez-s2m,oh shoot song choice,Positive
Seoul,1,3,1MILLION,idl.global,0:56:47,@leviaiki9168,OKYYYYYYY,Positive
Seoul,1,3,1MILLION,idl.global,0:56:47,@lawrence5718,LADY GAGA AGAIN,Positive
Seoul,1,3,1MILLION,idl.global,0:56:47,@kunsyaman,LEGIT BA JUDAS,Negative
Seoul,1,3,1MILLION,idl.global,0:56:48,@pandapower9959,OH MY GOD,Positive
Seoul,1,3,1MILLION,idl.global,0:56:48,@jeanie5711,GAGO,Positive
Seoul,1,3,1MILLION,idl.global,0:56:48,@TongkanKawayan,brotherhood:fire::fire:brotherhood,Neutral
Seoul,1,3,1MILLION,idl.global,0:56:48,@hendrymiu,this song again?,Negative
Seoul,1,3,1MILLION,idl.global,0:56:48,@heinzfel,LADY GAGAAA,Positive
Seoul,1,3,1MILLION,idl.global,0:56:48,@takeyyshi,"me lamba umoorder ng squishy sa shein, labyugais",Positive
Seoul,1,3,1MILLION,idl.global,0:56:48,@Rahkiroad,:orange_heart:JAM REPUBLIC SEA:orange_heart:,Neutral
Seoul,1,3,1MILLION,idl.global,0:56:49,@joOhners,OKKKAY 1m chiilll lol,Positive
Seoul,1,3,1MILLION,idl.global,0:56:50,@taynguyener,Another gaga LOL,Positive
Seoul,1,3,1MILLION,idl.global,0:56:50,@iyelll_r,OHSHET,Positive
Seoul,1,3,1MILLION,idl.global,0:56:51,@PookieMoosie,okay Loooove this,Positive
Seoul,1,3,1MILLION,idl.global,0:56:51,@CDSBang,PEAK,Neutral
Seoul,1,3,1MILLION,idl.global,0:56:51,@nishimurr0,THEY'RE GETTING THE WIN,Positive
Seoul,1,3,1MILLION,idl.global,0:56:51,@luvvlea,ouu shii,Positive
Seoul,1,3,1MILLION,idl.global,0:56:51,@JhonPaulFlores-y9q,binuhay ang jusas ni lady gaga,Positive
Seoul,1,3,1MILLION,idl.global,0:56:52,@Jwhops,GG GUYSAA,Positive
Seoul,1,3,1MILLION,idl.global,0:56:52,@heinzfel,JUDASSS,Positive
Seoul,1,3,1MILLION,idl.global,0:56:52,@bpinkbit,PMGGG,Positive
Seoul,1,3,1MILLION,idl.global,0:56:53,@heinzfel,OMGGG,Positive
Seoul,1,3,1MILLION,idl.global,0:56:53,@Not_kassu,JUDAS,Neutral
Seoul,1,3,1MILLION,idl.global,0:56:53,@Lucian7377,JR SEA TAYO GUYSSS,Positive
Seoul,1,3,1MILLION,idl.global,0:56:53,@leviaiki9168,IM SOLD,Neutral
Seoul,1,3,1MILLION,idl.global,0:56:53,@whotfsbob,SUKUNAAA GOJOOO?,Positive
Seoul,1,3,1MILLION,idl.global,0:56:53,@samgyupsal2x833,OMG LADY GAGA,Positive
Seoul,1,3,1MILLION,idl.global,0:56:53,@vahnyk,DAMNNN,Positive
Seoul,1,3,1MILLION,idl.global,0:56:54,@xshckwave,OMG JAM REPUBLIC UR ENDERS ARE HERE,Positive
Seoul,1,3,1MILLION,idl.global,0:56:55,@ririsgonewild,WHOAA WHAT,Neutral
Seoul,1,3,1MILLION,idl.global,0:56:55,@joshuapilapil9805,love the song choice. lets gooooo!!!!,Positive
Seoul,1,3,1MILLION,idl.global,0:56:55,@loraileys,SHITTTT,Positive
Seoul,1,3,1MILLION,idl.global,0:56:55,@heinzfel,OMG OMG OMG,Positive
Seoul,1,3,1MILLION,idl.global,0:56:57,@justinequibod8,LECHE PANO PA SUSUNDAN YAN,Positive
Seoul,1,3,1MILLION,idl.global,0:56:57,@nevieluvs,ay wow holy song choice,Positive
Seoul,1,3,1MILLION,idl.global,0:56:57,@TongkanKawayan,brotherhood:fire::fire:brotherhoodbrotherhood:fire::fire:,Neutral
Seoul,1,3,1MILLION,idl.global,0:56:57,@kunsyaman,FUCKKKK I LOVE U JESUS,Positive
Seoul,1,3,1MILLION,idl.global,0:56:58,@tealcushion,DAMNNNN,Positive
Seoul,1,3,1MILLION,idl.global,0:56:58,@Jwhops,GG GUYSSS,Positive
Seoul,1,3,1MILLION,idl.global,0:56:58,@ahmadfadhil7431,LETSSSGOOOO,Positive
Seoul,1,3,1MILLION,idl.global,0:56:59,@RocoNic,luh umingay bigla,Negative
Seoul,1,3,1MILLION,idl.global,0:56:59,@MeltonLagrimas,LETS GOOOO :black_heart::black_heart::black_heart:,Positive
Seoul,1,3,1MILLION,idl.global,0:57:00,@kayceeb7199,FIRE CHOREO FIRE MUSIC,Neutral
Seoul,1,3,1MILLION,idl.global,0:57:00,@trusolievatruther,WAIT THEYRE SO GOOOODDDD,Positive
Seoul,1,3,1MILLION,idl.global,0:57:00,@luclucille,LETS GOOOOO???,Positive
Seoul,1,3,1MILLION,idl.global,0:57:00,@wrierdan1021,this is sick,Negative
Seoul,1,3,1MILLION,idl.global,0:57:01,@nishimurr0,BIG REDEMPTION,Positive
Seoul,1,3,1MILLION,idl.global,0:57:01,@heinzfel,YOU HAVE MY VOTE SA LADY GAGA SONG PA LANG,Neutral
Seoul,1,3,1MILLION,idl.global,0:57:02,@jjjjjjjoshu,OMG,Positive
Seoul,1,3,1MILLION,idl.global,0:57:02,@kenjifd,BROOO NGL THEY'RE GOOODD,Positive
Seoul,1,3,1MILLION,idl.global,0:57:03,@RobloxZazaza,so basically they are calling sout east asians slaves,Negative
Seoul,1,3,1MILLION,idl.global,0:57:03,@jeanie5711,SLAYY???!,Positive
Seoul,1,3,1MILLION,idl.global,0:57:03,@parkjihou,SHOPPEE TAYO SHOPPEE GUYS TEAM PILIPINS :orange_heart::orange_heart::orange_heart::orange_heart::orange_heart::orange_heart::orange_heart::orange_heart::orange_heart::orange_heart::orange_heart::orange_heart::orange_heart::orange_heart::orange_heart::orange_heart::orange_heart::orange_heart::orange_heart:,Neutral
Seoul,1,3,1MILLION,idl.global,0:57:04,@TongkanKawayan,brotherhood:fire::fire:brotherhoodbrotherhood:fire::fire:,Neutral
Seoul,1,3,1MILLION,idl.global,0:57:04,@leviaiki9168,NOW THIS IS THE SONG CHOICE,Positive
Seoul,1,3,1MILLION,idl.global,0:57:05,@loraileys,SOLDDDD,Neutral
Seoul,1,3,1MILLION,idl.global,0:57:05,@eve4560,THE SONG CHOICEE GOSHH,Positive
Seoul,1,3,1MILLION,idl.global,0:57:06,@patriciadesquitado871,Basin naa's Sukuna dira.,Negative
Seoul,1,3,1MILLION,idl.global,0:57:06,@UwU-on8kq,SO CLEAN,Positive
Seoul,1,3,1MILLION,idl.global,0:57:06,@DJJD17,:red_heart:1MILLION:red_heart:,Neutral
Seoul,1,3,1MILLION,idl.global,0:57:07,@SeanEzra-zv2vf,OMG SORRYYY THEY ATEEEEE,Negative
Seoul,1,3,1MILLION,idl.global,0:57:07,@PookieMoosie,holy jjk pull,Positive
Seoul,1,3,1MILLION,idl.global,0:57:08,@melanimkc7841,Dammmmmm,Positive
Seoul,1,3,1MILLION,idl.global,0:57:08,@melissalin1713,oh my god,Positive
Seoul,1,3,1MILLION,idl.global,0:57:08,@nevieluvs,HOLY SONG CHOICEEE,Positive
Seoul,1,3,1MILLION,idl.global,0:57:08,@neorrii,SUPPORT PHILIPPINES HA WAG KAYONG ANO,Neutral
Seoul,1,3,1MILLION,idl.global,0:57:09,@Johnvzsa,SHETSHARON,Neutral
Seoul,1,3,1MILLION,idl.global,0:57:10,@veronica-yw2vo,may. error,Negative
Seoul,1,3,1MILLION,idl.global,0:57:10,@Seijiiiii_0,FIREE,Positive
Seoul,1,3,1MILLION,idl.global,0:57:10,@JAYTHOMAYCO,OKAYYYY,Positive
Seoul,1,3,1MILLION,idl.global,0:57:10,@Themushroomball,ENERGYYYY,Positive
Seoul,1,3,1MILLION,idl.global,0:57:10,@swiftie_33,THIS IS SO GOODDDD,Positive
Seoul,1,3,1MILLION,idl.global,0:57:10,@Maggie_Yang,firreeeeeee,Positive
Seoul,1,3,1MILLION,idl.global,0:57:11,@mattmatt1015,𝐇𝐀𝐑𝐈𝐌𝐔,Positive
Seoul,1,3,1MILLION,idl.global,0:57:11,@chsk_rie,ateeeeeeeeee,Positive
Seoul,1,3,1MILLION,idl.global,0:57:11,@rayn6152,They sure love Gaga's songs,Positive
Seoul,1,3,1MILLION,idl.global,0:57:11,@TongkanKawayan,brotherhood:fire::fire:brotherhoodbrotherhood:fire::fire:,Neutral
Seoul,1,3,1MILLION,idl.global,0:57:12,@bzinthacut,LSTS GO 1M I LOVE U,Positive
Seoul,1,3,1MILLION,idl.global,0:57:12,@mikehawk8744,Ok,Neutral
Seoul,1,3,1MILLION,idl.global,0:57:12,@rubysayer3025,BRINGING THE ENERGY BACK COME ON 1M,Positive
Seoul,1,3,1MILLION,idl.global,0:57:12,@vahnyk,SWEEEP,Positive
Seoul,1,3,1MILLION,idl.global,0:57:13,@melissalin1713,OH MY FUCKING GOD,Positive
Seoul,1,3,1MILLION,idl.global,0:57:13,@joelfgallarde,1M is sooo average lol,Negative
Seoul,1,3,1MILLION,idl.global,0:57:13,@justinejarcia4353,sukuna vs gojo,Neutral
Seoul,1,3,1MILLION,idl.global,0:57:14,@ifskate420,GAGGAA,Positive
Seoul,1,3,1MILLION,idl.global,0:57:14,@johnvanabad5237,cleanliness talaga sila madaot,Positive
Seoul,1,3,1MILLION,idl.global,0:57:15,@heinzfel,YESSS,Positive
Seoul,1,3,1MILLION,idl.global,0:57:17,@DJJD17,debby!!!!!,Positive
Seoul,1,3,1MILLION,idl.global,0:57:17,@UwU-on8kq,WOAH,Positive
Seoul,1,3,1MILLION,idl.global,0:57:18,@takeyyshi,"joke ang galing nila, pero shopee parin ako haha #anona",Positive
Seoul,1,3,1MILLION,idl.global,0:57:18,@double_roses,See what the crowd is capable of????????????,Positive
Seoul,1,3,1MILLION,idl.global,0:57:19,@Uknown_creature,Oooo miyaabbiiiii,Positive
Seoul,1,3,1MILLION,idl.global,0:57:19,@heinzfel,SO GOOD,Positive
Seoul,1,3,1MILLION,idl.global,0:57:20,@imonly0,WTFFF,Neutral
Seoul,1,3,1MILLION,idl.global,0:57:20,@eljhanzu,BROTHERHOOD ON TOP,Neutral
Seoul,1,3,1MILLION,idl.global,0:57:20,@ifskate420,OH YESD,Positive
Seoul,1,3,1MILLION,idl.global,0:57:20,@whlskey,hell nah,Negative
Seoul,1,3,1MILLION,idl.global,0:57:20,@JceeB,Galingan nyo JR lakas ng 1M,Positive
Seoul,1,3,1MILLION,idl.global,0:57:21,@TongkanKawayan,brotherhood:fire::fire:brotherhoodbrotherhood:fire::fire:,Neutral
Seoul,1,3,1MILLION,idl.global,0:57:21,@parkjihou,HOY MGA TAGA PILIPINS VOTE WISELY GUYS BAKA PATI BA NAMAN DITO IVOVOTE NIYO YUNG ANO HA,Neutral
Seoul,1,3,1MILLION,idl.global,0:57:21,@lykosine,OMG,Positive
Seoul,1,3,1MILLION,idl.global,0:57:22,@patriciadesquitado871,Asa si Gojo,Neutral
Seoul,1,3,1MILLION,idl.global,0:57:22,@eljhanzu,BROTHERHOOD ON TOP,Neutral
Seoul,1,3,1MILLION,idl.global,0:57:23,@juchi3730,Debbbyyy,Positive
Seoul,1,3,1MILLION,idl.global,0:57:23,@kunsyaman,LINIS AH,Positive
Seoul,1,3,1MILLION,idl.global,0:57:23,@vahnyk,PILIPINS PARIN,Neutral
Seoul,1,3,1MILLION,idl.global,0:57:23,@melissalin1713,SWEEP,Positive
Seoul,1,3,1MILLION,idl.global,0:57:24,@PRINCEJACOBOPACO,JAMMMMMMMMMM :orange_heart::orange_heart::orange_heart::orange_heart::orange_heart::orange_heart::orange_heart::orange_heart::orange_heart::orange_heart::orange_heart::orange_heart::orange_heart::orange_heart::orange_heart::orange_heart::orange_heart::orange_heart::orange_heart::orange_heart::orange_heart:,Positive
Seoul,1,3,1MILLION,idl.global,0:57:24,@alyster8520,JAM REPUBLIC LET'S GOOO JHONG HILARIOUS LET'S GOOO,Positive
Seoul,1,3,1MILLION,idl.global,0:57:25,@AgathaClare,THE HECK!!! 1M IS REALLY BRINGING US EVERYTHING HERE,Negative
Seoul,1,3,1MILLION,idl.global,0:57:25,@parkjihou,SHOPPEE TAYO SHOPPEE GUYS TEAM PILIPINS,Neutral
Seoul,1,3,1MILLION,idl.global,0:57:25,@ninojamessuson2553,im satttt!!!,Positive
Seoul,1,3,1MILLION,idl.global,0:57:25,@Yuxinsrj,GAGGGGGG,Positive
Seoul,1,3,1MILLION,idl.global,0:57:25,@zathrd2084,gojo type music,Neutral
Seoul,1,3,1MILLION,idl.global,0:57:25,@melissalin1713,CLEAN SWEEP,Positive
Seoul,1,3,1MILLION,idl.global,0:57:26,@stupidlynene5633,THEYRE SO CLEAN,Positive
Seoul,1,3,1MILLION,idl.global,0:57:27,@fruitsaeladxx,DAYUMMM,Positive
Seoul,1,3,1MILLION,idl.global,0:57:27,@cliffartoque526,let's gooo jammmmm,Positive
Seoul,1,3,1MILLION,idl.global,0:57:27,@eve4560,I LOVEEE IT,Positive
Seoul,1,3,1MILLION,idl.global,0:57:28,@UwU-on8kq,WOAHHH,Positive
Seoul,1,3,1MILLION,idl.global,0:57:28,@DJJD17,omg!!!!!,Positive
Seoul,1,3,1MILLION,idl.global,0:57:29,@realorencatayoc2728,Wow,Positive
Seoul,1,3,1MILLION,idl.global,0:57:29,@TongkanKawayan,brotherhood:fire::fire:brotherhoodbrotherhood:fire::fire:brotherhoodbrotherhood:fire::fire:brotherhood,Neutral
Seoul,1,3,1MILLION,idl.global,0:57:29,@alvindharmasaputra4849,LoOL OKAY BUT SK IS VERY RELIGIOUS ALRIGHT 1M,Positive
Seoul,1,3,1MILLION,idl.global,0:57:30,@Themushroomball,DAMN,Positive
Seoul,1,3,1MILLION,idl.global,0:57:30,@luclucille,CLEANNNN,Positive
Seoul,1,3,1MILLION,idl.global,0:57:30,@nishimurr0,1MILLION,Neutral
Seoul,1,3,1MILLION,idl.global,0:57:30,@leviaiki9168,STAWP IM SOLD,Neutral
Seoul,1,3,1MILLION,idl.global,0:57:31,@shanna9821,Ohhhh,Positive
Seoul,1,3,1MILLION,idl.global,0:57:31,@mikehawk8744,This the best one so far,Positive
Seoul,1,3,1MILLION,idl.global,0:57:31,@jeanie5711,GRABEEE,Positive
Seoul,1,3,1MILLION,idl.global,0:57:31,@MidnightAstro,holy shi,Positive
Seoul,1,3,1MILLION,idl.global,0:57:32,@UwU-on8kq,STAGINGGGG,Positive
Seoul,1,3,1MILLION,idl.global,0:57:32,@DJJD17,wowwwwwwwwww,Positive
Seoul,1,3,1MILLION,idl.global,0:57:32,@pieceofdoe,Best set so FARRR DAMNNN,Positive
Seoul,1,3,1MILLION,idl.global,0:57:33,@whlskey,hell nah,Negative
Seoul,1,3,1MILLION,idl.global,0:57:33,@vahnyk,galingan nyo jrsea,Positive
Seoul,1,3,1MILLION,idl.global,0:57:34,@taliabailey6015,:fire::fire::fire:,Positive
Seoul,1,3,1MILLION,idl.global,0:57:34,@SachilabsASMR,ANG LOPIT,Negative
Seoul,1,3,1MILLION,idl.global,0:57:35,@TongkanKawayan,brotherhood:fire::fire:brotherhood,Neutral
Seoul,1,3,1MILLION,idl.global,0:57:35,@kunsyaman,#NOTOFASTFASHION,Neutral
Seoul,1,3,1MILLION,idl.global,0:57:35,@eljhanzu,BROTHERHOOD ON TOPBROTHERHOOD ON TOPBROTHERHOOD ON TOPBROTHERHOOD ON TOPBROTHERHOOD ON TOPBROTHERHOOD ON TOPBROTHERHOOD ON TOPBROTHERHOOD ON TOPBROTHERHOOD ON TOPBROTHERHOOD ON TOPBROTHERHOOD ON TOP,Neutral
Seoul,1,3,1MILLION,idl.global,0:57:35,@kttryx,WOWWWWA,Positive
Seoul,1,3,1MILLION,idl.global,0:57:36,@meow_meowieee,CLEANNNNN,Positive
Seoul,1,3,1MILLION,idl.global,0:57:36,@BalabaRoldan,woaah,Positive
Seoul,1,3,1MILLION,idl.global,0:57:36,@trusolievatruther,SO GOOOOODDDDD,Positive
Seoul,1,3,1MILLION,idl.global,0:57:36,@DJJD17,:red_heart:1MILLION:red_heart:,Neutral
Seoul,1,3,1MILLION,idl.global,0:57:37,@eljhanzu,BROTHERHOOD ON TOPBROTHERHOOD ON TOPBROTHERHOOD ON TOPBROTHERHOOD ON TOPBROTHERHOOD ON TOPBROTHERHOOD ON TOPBROTHERHOOD ON TOPBROTHERHOOD ON TOPBROTHERHOOD ON TOPBROTHERHOOD ON TOPBROTHERHOOD ON TOP,Neutral
Seoul,1,3,1MILLION,idl.global,0:57:37,@eljhanzu,BROTHERHOOD ON TOPBROTHERHOOD ON TOPBROTHERHOOD ON TOPBROTHERHOOD ON TOPBROTHERHOOD ON TOPBROTHERHOOD ON TOPBROTHERHOOD ON TOPBROTHERHOOD ON TOPBROTHERHOOD ON TOPBROTHERHOOD ON TOPBROTHERHOOD ON TOP,Neutral
Seoul,1,3,1MILLION,idl.global,0:57:37,@ahmadfadhil7431,CLEAAANNNSSS,Positive
Seoul,1,3,1MILLION,idl.global,0:57:38,@joelfgallarde,BASIC!!,Neutral
Seoul,1,3,1MILLION,idl.global,0:57:38,@heinzfel,YESSSS,Positive
Seoul,1,3,1MILLION,idl.global,0:57:38,@lexiewescott445,CLEAN ASF,Positive
Seoul,1,3,1MILLION,idl.global,0:57:38,@eljhanzu,BROTHERHOOD ON TOPBROTHERHOOD ON TOPBROTHERHOOD ON TOPBROTHERHOOD ON TOPBROTHERHOOD ON TOPBROTHERHOOD ON TOPBROTHERHOOD ON TOPBROTHERHOOD ON TOPBROTHERHOOD ON TOPBROTHERHOOD ON TOPBROTHERHOOD ON TOP,Neutral
Seoul,1,3,1MILLION,idl.global,0:57:38,@bea-ok3pl,OH THIS IS SO GOOD,Positive
Seoul,1,3,1MILLION,idl.global,0:57:39,@UwU-on8kq,CLEANNN,Positive
Seoul,1,3,1MILLION,idl.global,0:57:39,@eljhanzu,BROTHERHOOD ON TOPBROTHERHOOD ON TOPBROTHERHOOD ON TOPBROTHERHOOD ON TOPBROTHERHOOD ON TOPBROTHERHOOD ON TOPBROTHERHOOD ON TOPBROTHERHOOD ON TOPBROTHERHOOD ON TOPBROTHERHOOD ON TOPBROTHERHOOD ON TOP,Neutral
Seoul,1,3,1MILLION,idl.global,0:57:39,@PRINCEJACOBOPACO,JAMMMMMMMMMM :orange_heart::orange_heart::orange_heart::orange_heart::orange_heart::orange_heart::orange_heart::orange_heart::orange_heart::orange_heart::orange_heart::orange_heart::orange_heart::orange_heart::orange_heart::orange_heart::orange_heart::orange_heart::orange_heart::orange_heart::orange_heart:,Positive
Seoul,1,3,1MILLION,idl.global,0:57:39,@dafi-quakc,BIAS KO SI JHONG,Positive
Seoul,1,3,1MILLION,idl.global,0:57:39,@eljhanzu,BROTHERHOOD ON TOPBROTHERHOOD ON TOPBROTHERHOOD ON TOPBROTHERHOOD ON TOPBROTHERHOOD ON TOPBROTHERHOOD ON TOPBROTHERHOOD ON TOPBROTHERHOOD ON TOPBROTHERHOOD ON TOPBROTHERHOOD ON TOPBROTHERHOOD ON TOP,Neutral
Seoul,1,3,1MILLION,idl.global,0:57:40,@ohhtris,FKKKKKKKK,Neutral
Seoul,1,3,1MILLION,idl.global,0:57:40,@eljhanzu,BROTHERHOOD ON TOPBROTHERHOOD ON TOPBROTHERHOOD ON TOPBROTHERHOOD ON TOPBROTHERHOOD ON TOPBROTHERHOOD ON TOPBROTHERHOOD ON TOPBROTHERHOOD ON TOPBROTHERHOOD ON TOPBROTHERHOOD ON TOPBROTHERHOOD ON TOP,Neutral
Seoul,1,3,1MILLION,idl.global,0:57:40,@Nyx_ze67,OO NA PANALO NA KAYO,Neutral
Seoul,1,3,1MILLION,idl.global,0:57:40,@ReVeLy-ez3qt,DAMMMMNNNN WHAT THE HELLLL,Positive
Seoul,1,3,1MILLION,idl.global,0:57:40,@heinzfel,YESSS,Positive
Seoul,1,3,1MILLION,idl.global,0:57:40,@kylebandiola,galingg,Positive
Seoul,1,3,1MILLION,idl.global,0:57:40,@eljhanzu,BROTHERHOOD ON TOPBROTHERHOOD ON TOPBROTHERHOOD ON TOPBROTHERHOOD ON TOPBROTHERHOOD ON TOPBROTHERHOOD ON TOPBROTHERHOOD ON TOPBROTHERHOOD ON TOPBROTHERHOOD ON TOPBROTHERHOOD ON TOPBROTHERHOOD ON TOP,Neutral
Seoul,1,3,1MILLION,idl.global,0:57:41,@thee_soleichanel,OKAY TRAVEL,Positive
Seoul,1,3,1MILLION,idl.global,0:57:41,@eljhanzu,BROTHERHOOD ON TOPBROTHERHOOD ON TOPBROTHERHOOD ON TOPBROTHERHOOD ON TOPBROTHERHOOD ON TOPBROTHERHOOD ON TOPBROTHERHOOD ON TOPBROTHERHOOD ON TOPBROTHERHOOD ON TOPBROTHERHOOD ON TOPBROTHERHOOD ON TOP,Neutral
Seoul,1,3,1MILLION,idl.global,0:57:42,@TongkanKawayan,brotherhood:fire::fire:brotherhoodbrotherhood:fire::fire:brotherhood:fire::fire:brotherhood,Neutral
Seoul,1,3,1MILLION,idl.global,0:57:42,@PookieMoosie,this fr might be my fav,Positive
Seoul,1,3,1MILLION,idl.global,0:57:42,@miguelpondevida9238,immaculate song choice,Positive
Seoul,1,3,1MILLION,idl.global,0:57:42,@kenjifd,BROOOO SO CLEAANNN :fire::fire::fire::loudly_crying_face::loudly_crying_face::loudly_crying_face:,Positive
Seoul,1,3,1MILLION,idl.global,0:57:42,@valerakkaktotakk3304,Hype,Positive
Seoul,1,3,1MILLION,idl.global,0:57:42,@UwU-on8kq,WOAHHH,Positive
Seoul,1,3,1MILLION,idl.global,0:57:42,@whois_kenz,1m is eating this one,Negative
Seoul,1,3,1MILLION,idl.global,0:57:42,@rubysayer3025,YUUUCKKK,Positive
Seoul,1,3,1MILLION,idl.global,0:57:44,@lovie7347,SEA PRIDEEEEE,Positive
Seoul,1,3,1MILLION,idl.global,0:57:45,@kttryx,SO GOOD,Positive
Seoul,1,3,1MILLION,idl.global,0:57:45,@luclucille,NAHHHH THEY TOO CLEAN,Negative
Seoul,1,3,1MILLION,idl.global,0:57:46,@ndave1198,OHHHH THEYYY CLEAAN,Positive
Seoul,1,3,1MILLION,idl.global,0:57:46,@trusolievatruther,BEST SET TIES W RF,Positive
Seoul,1,3,1MILLION,idl.global,0:57:46,@arabelabryallenr,TARONG MO DHA JRSEA,Positive
Seoul,1,3,1MILLION,idl.global,0:57:47,@TongkanKawayan,brotherhood:fire::fire:brotherhoodbrotherhood:fire::fire:,Neutral
Seoul,1,3,1MILLION,idl.global,0:57:47,@polrotsenpaez6324,oh they are winning this set,Positive
Seoul,1,3,1MILLION,idl.global,0:57:47,@whois_kenz,holyy,Positive
Seoul,1,3,1MILLION,idl.global,0:57:47,@kunsyaman,#NOTOFASTFASHION,Neutral
Seoul,1,3,1MILLION,idl.global,0:57:48,@takeyyshi,HOY ANO WAG KA MAG SPAM NAN,Negative
Seoul,1,3,1MILLION,idl.global,0:57:48,@parkjihou,SHOPPEE TAYO SHOPPEE GUYS TEAM PILIPINS,Neutral
Seoul,1,3,1MILLION,idl.global,0:57:48,@kayceeb7199,CLEAN AF CHORUS,Positive
Seoul,1,3,1MILLION,idl.global,0:57:48,@joshuapilapil9805,aaaa lets go jaaam!!!,Positive
Seoul,1,3,1MILLION,idl.global,0:57:49,@JudryRuz-j7f,yeahhhhh,Positive
Seoul,1,3,1MILLION,idl.global,0:57:50,@kunsyaman,ANLINIS,Neutral
Seoul,1,3,1MILLION,idl.global,0:57:52,@parkjihou,HOY MGA TAGA PILIPINS VOTE WISELY GUYS BAKA PATI BA NAMAN DITO IVOVOTE NIYO YUNG ANO HA,Neutral
Seoul,1,3,1MILLION,idl.global,0:57:52,@tezonne.official,galingan niyu jam lakas ng 1million,Positive
Seoul,1,3,1MILLION,idl.global,0:57:53,@UwU-on8kq,FOOTWORK?????!!!,Neutral
Seoul,1,3,1MILLION,idl.global,0:57:53,@TongkanKawayan,brotherhood:fire::fire:brotherhoodbrotherhood:fire::fire:brotherhoodbrotherhood:fire::fire:,Neutral
Seoul,1,3,1MILLION,idl.global,0:57:53,@CallMeNath-2,Sheeeeeesh thats fire!,Positive
Seoul,1,3,1MILLION,idl.global,0:57:54,@valerakkaktotakk3304,That’s hot,Positive
Seoul,1,3,1MILLION,idl.global,0:57:54,@ifskate420,OH YES,Positive
Seoul,1,3,1MILLION,idl.global,0:57:55,@kunsyaman,#NOTOFASTFASHION,Neutral
Seoul,1,3,1MILLION,idl.global,0:57:55,@wavetoearth.02,THEY GOT MY VOTE NGL,Positive
Seoul,1,3,1MILLION,idl.global,0:57:55,@ReVeLy-ez3qt,SO CLEAN,Positive
Seoul,1,3,1MILLION,idl.global,0:57:55,@parkjihou,SHOPPEE TAYO SHOPPEE GUYS TEAM PILIPINS,Neutral
Seoul,1,3,1MILLION,idl.global,0:57:56,@nevieluvs,PANALO NA BOI HAHAHAHA,Neutral
Seoul,1,3,1MILLION,idl.global,0:57:57,@UwU-on8kq,SO CLEAN\,Positive
Seoul,1,3,1MILLION,idl.global,0:57:58,@l0ve.f4iry,WTFFF,Neutral
Seoul,1,3,1MILLION,idl.global,0:57:58,@trusolievatruther,GANDA OMG,Positive
Seoul,1,3,1MILLION,idl.global,0:57:59,@ArgelJosephTamelin,clean but lack in blocking,Negative
Seoul,1,3,1MILLION,idl.global,0:57:59,@ninojamessuson2553,ATEEEEEEEE,Positive
Seoul,1,3,1MILLION,idl.global,0:57:59,@JFilmCreates,1M NICE SONG CHOICE,Positive
Seoul,1,3,1MILLION,idl.global,0:57:59,@markilaset09,FLOOR PERFORMANCE PA,Neutral
Seoul,1,3,1MILLION,idl.global,0:58:00,@parkjihou,HOY MGA TAGA PILIPINS VOTE WISELY GUYS BAKA PATI BA NAMAN DITO IVOVOTE NIYO YUNG ANO HA,Neutral
Seoul,1,3,1MILLION,idl.global,0:58:00,@TongkanKawayan,brotherhood:fire::fire:brotherhoodbrotherhood:fire::fire:brotherhood:fire::fire:brotherhood,Neutral
Seoul,1,3,1MILLION,idl.global,0:58:02,@kzeeexc_3575,linis,Positive
Seoul,1,3,1MILLION,idl.global,0:58:02,@Rhinnoeee,yeahghhhh!!!!1,Positive
Seoul,1,3,1MILLION,idl.global,0:58:02,@arabelabryallenr,LFGGGG JAAAAAM,Positive
Seoul,1,3,1MILLION,idl.global,0:58:02,@UwU-on8kq,WOAHHHH,Positive
Seoul,1,3,1MILLION,idl.global,0:58:02,@Banana-ph4vq,GONO VS SUKUNA,Neutral
Seoul,1,3,1MILLION,idl.global,0:58:02,@heinzfel,SO GOOD,Positive
Seoul,1,3,1MILLION,idl.global,0:58:03,@---wy8zq,BRO,Neutral
Seoul,1,3,1MILLION,idl.global,0:58:03,@l0ve.f4iry,WOAHG,Positive
Seoul,1,3,1MILLION,idl.global,0:58:03,@takeyyshi,tayo lamba loyal sa shopee,Neutral
Seoul,1,3,1MILLION,idl.global,0:58:04,@eljhanzu,BROTHERHOOD ON TOPBROTHERHOOD ON TOPBROTHERHOOD ON TOPBROTHERHOOD ON TOPBROTHERHOOD ON TOPBROTHERHOOD ON TOPBROTHERHOOD ON TOPBROTHERHOOD ON TOPBROTHERHOOD ON TOPBROTHERHOOD ON TOPBROTHERHOOD ON TOPBR,Neutral
Seoul,1,3,1MILLION,idl.global,0:58:04,@brookemp4,So fricken clean,Positive
Seoul,1,3,1MILLION,idl.global,0:58:04,@ayen_cat04,LOVE ITTT,Positive
Seoul,1,3,1MILLION,idl.global,0:58:04,@---wy8zq,/YESSS,Positive
Seoul,1,3,1MILLION,idl.global,0:58:04,@applenewyorkg,개깔끔하노..,Positive
Seoul,1,3,1MILLION,idl.global,0:58:07,@TongkanKawayan,wbrotherhood:fire::fire:brotherhoodbrotherhood:fire::fire:,Neutral
Seoul,1,3,1MILLION,idl.global,0:58:08,@alvindharmasaputra4849,techniques gettint better tbh,Negative
Seoul,1,3,1MILLION,idl.global,0:58:08,@jam_bornel,Domain expansion,Neutral
Seoul,1,3,1MILLION,idl.global,0:58:08,@DJJD17,let'sgooooo!!!!!!!,Positive
Seoul,1,3,1MILLION,idl.global,0:58:08,@jainnasereneo7597,1MIL DEF WINNIN THIS OML:loudly_crying_face::loudly_crying_face::loudly_crying_face:,Positive
Seoul,1,3,1MILLION,idl.global,0:58:10,@PRINCEJACOBOPACO,JAMMMMMMMMMM :orange_heart::orange_heart::orange_heart::orange_heart::orange_heart::orange_heart::orange_heart::orange_heart::orange_heart::orange_heart::orange_heart::orange_heart::orange_heart::orange_heart::orange_heart::orange_heart::orange_heart::orange_heart::orange_heart::orange_heart::orange_heart:,Positive
Seoul,1,3,1MILLION,idl.global,0:58:12,@takeyyshi,"TAYO lamba loyal sa shopee, diwag letche",Negative
Seoul,1,3,1MILLION,idl.global,0:58:12,@TongkanKawayan,brotherhood:fire::fire:brotherhoodbrotherhood:fire::fire:,Neutral
Seoul,1,3,1MILLION,idl.global,0:58:13,@JonelBuenaventura-q9v,homecourt anvantage,Negative
Seoul,1,3,1MILLION,idl.global,0:58:13,@UwU-on8kq,JUDASSSS,Positive
Seoul,1,3,1MILLION,idl.global,0:58:14,@JFilmCreates,1M FOR THE WINNN?,Neutral
Seoul,1,3,1MILLION,idl.global,0:58:14,@YexelOmbajen,Grabeeee 1m,Positive
Seoul,1,3,1MILLION,idl.global,0:58:14,@jeio7737,if this was against bh 1m would win lol,Neutral
Seoul,1,3,1MILLION,idl.global,0:58:15,@jam_bornel,Domain expansion,Neutral
Seoul,1,3,1MILLION,idl.global,0:58:15,@ahmadfadhil7431,I THINK THEYR HAVE BESST SCORE TONIGHT ROUND 11,Neutral
Seoul,1,3,1MILLION,idl.global,0:58:15,@j.c0b-t7u,JAMM,Positive
Seoul,1,3,1MILLION,idl.global,0:58:16,@Smithanonymous,Go 1M!!,Positive
Seoul,1,3,1MILLION,idl.global,0:58:16,@TongkanKawayan,brotherhood:fire::fire:brotherhoodbrotherhood:fire::fire:,Neutral
Seoul,1,3,1MILLION,idl.global,0:58:17,@josephswain6887,PERIODT.,Positive
Seoul,1,3,1MILLION,idl.global,0:58:17,@jeanie5711,cleam,Neutral
Seoul,1,3,1MILLION,idl.global,0:58:18,@ryanjayconcepcion2882,ANG GANDAA,Positive
Seoul,1,3,1MILLION,idl.global,0:58:20,@kunsyaman,AGOY GRABE KA SHEIN,Positive
Seoul,1,3,1MILLION,idl.global,0:58:20,@UwU-on8kq,WOAHHH,Positive
Seoul,1,3,1MILLION,idl.global,0:58:22,@TongkanKawayan,brotherhood:fire::fire:brotherhoodbrotherhood:fire::fire:,Neutral
Seoul,1,3,1MILLION,idl.global,0:58:23,@UwU-on8kq,SO CUTE,Positive
Seoul,1,3,1MILLION,idl.global,0:58:24,@christiankyleescoto2160,SHOPPEE SHOPPEE SHOPPEE,Neutral
Seoul,1,3,1MILLION,idl.global,0:58:24,@whotfsbob,HOLY FUCKNG JJK HAHAHAHA,Positive
Seoul,1,3,1MILLION,idl.global,0:58:24,@HoshiOkiro,1M FOR A CLEAN SWEEP,Neutral
Seoul,1,3,1MILLION,idl.global,0:58:26,@Alina_stgt0711,Omgg,Positive
Seoul,1,3,1MILLION,idl.global,0:58:27,@juliahageler3837,SHERE IS MY GIRL HARIMU,Positive
Seoul,1,3,1MILLION,idl.global,0:58:28,@TongkanKawayan,brotherhood:fire::fire:brotherhoodbrotherhood:fire::fire:,Neutral
Seoul,1,3,1MILLION,idl.global,0:58:29,@wavetoearth.02,WAIT I ACTUALLY LOVEEEE,Positive
Seoul,1,3,1MILLION,idl.global,0:58:29,@takeyyshi,guys they're so giving its giving demire,Positive
Seoul,1,3,1MILLION,idl.global,0:58:29,@heinzfel,YESS,Positive
Seoul,1,3,1MILLION,idl.global,0:58:31,@francisjosephsola,GALING 1M!,Positive
Seoul,1,3,1MILLION,idl.global,0:58:31,@russellmagat3576,yeesss 1mil,Positive
Seoul,1,3,1MILLION,idl.global,0:58:31,@jam_bornel,DOMAIN EXPANSION,Neutral
Seoul,1,3,1MILLION,idl.global,0:58:32,@UwU-on8kq,CLEAN AF,Positive
Seoul,1,3,1MILLION,idl.global,0:58:33,@yoopsie,GG JR WON,Positive
Seoul,1,3,1MILLION,idl.global,0:58:33,@miguelpondevida9238,CLEAN AFFFFFF,Positive
Seoul,1,3,1MILLION,idl.global,0:58:34,@xshckwave,OMG CLEAN SWEEP NO NOTES,Positive
Seoul,1,3,1MILLION,idl.global,0:58:34,@applenewyorkg,힘이 쭉 빠지노..,Negative
Seoul,1,3,1MILLION,idl.global,0:58:34,@KeiSumiyoshi,JJKKKKKK,Neutral
Seoul,1,3,1MILLION,idl.global,0:58:34,@dracosession3893,1M easily cleared everyone in round 1,Positive
Seoul,1,3,1MILLION,idl.global,0:58:35,@HoshiOkiro,1M FOR A CLEAN SWEEEP,Neutral
Seoul,1,3,1MILLION,idl.global,0:58:35,@takeyyshi,demure kasi lala,Negative
Seoul,1,3,1MILLION,idl.global,0:58:35,@bpinkbit,IM OBSESSED,Positive
Seoul,1,3,1MILLION,idl.global,0:58:35,@l0ve.f4iry,YES,Positive
Seoul,1,3,1MILLION,idl.global,0:58:36,@hyunjinswife2248,easy win,Positive
Seoul,1,3,1MILLION,idl.global,0:58:36,@TongkanKawayan,brotherhood:fire::fire:brotherhoodbrotherhood:fire::fire:brotherhoodbrotherhood:fire::fire:,Neutral
Seoul,1,3,1MILLION,idl.global,0:58:36,@DJJD17,niceeee!,Negative
Seoul,1,3,1MILLION,idl.global,0:58:38,@heinzfel,SO GOOD,Positive
Seoul,1,3,1MILLION,idl.global,0:58:38,@kayceeb7199,THEY GOT THIS OMGGG,Positive
Seoul,1,3,JAM REPUBLIC,idl.global,0:59:42,@HoshiOkiro,BAWI JAMM,Positive
Seoul,1,3,JAM REPUBLIC,idl.global,0:59:42,@markilaset09,JR GALINGAN NYO KAHIT ISANG POINT,Positive
Seoul,1,3,JAM REPUBLIC,idl.global,0:59:42,@bpinkbit,lia kim is so motherrrr,Positive
Seoul,1,3,JAM REPUBLIC,idl.global,0:59:43,@takeyyshi,ayan na shopee na lala,Positive
Seoul,1,3,JAM REPUBLIC,idl.global,0:59:43,@wellviewstories,JUDASSS,Positive
Seoul,1,3,JAM REPUBLIC,idl.global,0:59:43,@hectorthesheep,let’s see if jam can match,Neutral
Seoul,1,3,JAM REPUBLIC,idl.global,0:59:43,@bzinthacut,jr go first next time,Neutral
Seoul,1,3,JAM REPUBLIC,idl.global,0:59:43,@random-person23,1m goes do well with lady gaga,Positive
Seoul,1,3,JAM REPUBLIC,idl.global,0:59:43,@double_roses,BIASED CROWED THOUGH,Neutral
Seoul,1,3,JAM REPUBLIC,idl.global,0:59:43,@BantsRey,BROTHERHOODDDDDD,Neutral
Seoul,1,3,JAM REPUBLIC,idl.global,0:59:43,@lolly_chachaerrieme,DELIKADO ANG JAMMMM,Positive
Seoul,1,3,JAM REPUBLIC,idl.global,0:59:44,@PowerTheCrew,AMAZING,Positive
Seoul,1,3,JAM REPUBLIC,idl.global,0:59:44,@russellmagat3576,let see jam,Neutral
Seoul,1,3,JAM REPUBLIC,idl.global,0:59:44,@mewomewow,JRSEA JRSEA JRSEA JRSEA :orange_heart::orange_heart::orange_heart:,Neutral
Seoul,1,3,JAM REPUBLIC,idl.global,0:59:44,@axelteftutul4147,agenda,Neutral
Seoul,1,3,JAM REPUBLIC,idl.global,0:59:44,@1애-h9i,1M:red_heart::red_heart::red_heart:,Positive
Seoul,1,3,JAM REPUBLIC,idl.global,0:59:45,@T818-s6d,JR LETS GOOOOOOOOOOO,Positive
Seoul,1,3,JAM REPUBLIC,idl.global,0:59:46,@alvindharmasaputra4849,JAM JAMMM,Neutral
Seoul,1,3,JAM REPUBLIC,idl.global,0:59:46,@ria8975,YURRRR LETSSS G :orange_heart::orange_heart:,Positive
Seoul,1,3,JAM REPUBLIC,idl.global,0:59:46,@carlodeguzman7027,Wipe,Neutral
Seoul,1,3,JAM REPUBLIC,idl.global,0:59:46,@baoncv,THAT WAS HOLY,Positive
Seoul,1,3,JAM REPUBLIC,idl.global,0:59:46,@mariselasutton957,1 MILLION HAD A GORGEOUS PERFORMANCE,Positive
Seoul,1,3,JAM REPUBLIC,idl.global,0:59:46,@paulogoedendorp6620,1m gonna win thisss,Positive
Seoul,1,3,JAM REPUBLIC,idl.global,0:59:46,@TongkanKawayan,brotherhood:fire::fire:brotherhoodbrotherhood:fire::fire:,Neutral
Seoul,1,3,JAM REPUBLIC,idl.global,0:59:47,@MJH977,Oh,Neutral
Seoul,1,3,JAM REPUBLIC,idl.global,0:59:47,@oma1036,KAHIT ISA LANG JR SEA,Positive
Seoul,1,3,JAM REPUBLIC,idl.global,0:59:47,@AmeryAlegado,"IF THEY DON'T WIN, THEN IDK WHAT THEY'RE THINKING",Negative
Seoul,1,3,JAM REPUBLIC,idl.global,0:59:48,@JFilmCreates,SURPRISE US JAMMM,Positive
Seoul,1,3,JAM REPUBLIC,idl.global,0:59:48,@jellyjeon1413,go mavyyyy,Positive
Seoul,1,3,JAM REPUBLIC,idl.global,0:59:48,@mewomewow,JRSEA JRSEA JRSEA JRSEA :orange_heart::orange_heart::orange_heart:,Neutral
Seoul,1,3,JAM REPUBLIC,idl.global,0:59:48,@seanzee-zc1pe,MOTHER IS MOTHERING LIA KIM,Positive
Seoul,1,3,JAM REPUBLIC,idl.global,0:59:48,@eljhanzu,BROTHERHOOD ON TOPBROTHERHOOD ON TOPBROTHERHOOD ON TOPBROTHERHOOD ON TOPBROTHERHOOD ON TOPBROTHERHOOD ON TOPBROTHERHOOD ON TOPBROTHERHOOD ON TOPBROTHERHOOD ON TOPBROTHERHOOD ON TOPBROTHERHOOD ON TOP,Neutral
Seoul,1,3,JAM REPUBLIC,idl.global,0:59:49,@anyazamora9614,KAHIT ISANG POINT LANG MAKUHA NG JR SEA MASAYA NA AKO:orange_heart::orange_heart::orange_heart::orange_heart::orange_heart::orange_heart::orange_heart::orange_heart::orange_heart::orange_heart::orange_heart:,Positive
Seoul,1,3,JAM REPUBLIC,idl.global,0:59:49,@luclucille,BEST OF ALL,Positive
Seoul,1,3,JAM REPUBLIC,idl.global,0:59:49,@abisnothere,1 MILLION ATEEE,Positive
Seoul,1,3,JAM REPUBLIC,idl.global,0:59:50,@ria8975,:orange_heart::orange_heart::orange_heart::orange_heart:,Positive
Seoul,1,3,JAM REPUBLIC,idl.global,0:59:50,@HoshiOkiro,BAWI JAM REPUBBB,Positive
Seoul,1,3,JAM REPUBLIC,idl.global,0:59:50,@axelteftutul4147,agenda,Neutral
Seoul,1,3,JAM REPUBLIC,idl.global,0:59:50,@kayceeb7199,Jr pls do better,Negative
Seoul,1,3,JAM REPUBLIC,idl.global,0:59:50,@Ckshwhsh,1m,Neutral
Seoul,1,3,JAM REPUBLIC,idl.global,0:59:51,@kunsyaman,the best set in seoul so far lol,Positive
Seoul,1,3,JAM REPUBLIC,idl.global,0:59:51,@akaili1088,CRAZYYYYYYYYYYYYYYYYYYYYYU,Positive
Seoul,1,3,JAM REPUBLIC,idl.global,0:59:51,@j.c0b-t7u,LETS GO,Positive
Seoul,1,3,JAM REPUBLIC,idl.global,0:59:52,@TheMonarchPirates,THEY COOKED WTHHH,Positive
Seoul,1,3,JAM REPUBLIC,idl.global,0:59:52,@ammszz5939,LIA KIM MY GOAT,Positive
Seoul,1,3,JAM REPUBLIC,idl.global,0:59:52,@czyrinetorres6887,they love gaga,Positive
Seoul,1,3,JAM REPUBLIC,idl.global,0:59:52,@double_roses,PROLLY WORST SERIES,Negative
Seoul,1,3,JAM REPUBLIC,idl.global,0:59:52,@takeyyshi,me lamba loyal sa shopee,Positive
Seoul,1,3,JAM REPUBLIC,idl.global,0:59:53,@ria8975,:orange_heart::orange_heart::orange_heart::orange_heart:,Positive
Seoul,1,3,JAM REPUBLIC,idl.global,0:59:54,@TongkanKawayan,brotherhood:fire::fire:brotherhoodbrotherhood:fire::fire:,Neutral
Seoul,1,3,JAM REPUBLIC,idl.global,0:59:54,@christiankyleescoto2160,SHOPEE LETS GO SHOPEE,Positive
Seoul,1,3,JAM REPUBLIC,idl.global,0:59:54,@eljhanzu,BROTHERHOOD ON TOPBROTHERHOOD ON TOPBROTHERHOOD ON TOPBROTHERHOOD ON TOPBROTHERHOOD ON TOPBROTHERHOOD ON TOPBROTHERHOOD ON TOPBROTHERHOOD ON TOPBROTHERHOOD ON TOPBROTHERHOOD ON TOPBROTHERHOOD ON TOP,Neutral
Seoul,1,3,JAM REPUBLIC,idl.global,0:59:55,@some_stupid_banana,LETS GO JAM REPUBLICCCCCC,Positive
Seoul,1,3,JAM REPUBLIC,idl.global,0:59:55,@christine_cordova,that was fire 1m!!!,Positive
Seoul,1,3,JAM REPUBLIC,idl.global,0:59:57,@ria8975,COMEEE ONNN :orange_heart::orange_heart::orange_heart:,Positive
Seoul,1,3,JAM REPUBLIC,idl.global,0:59:58,@anyazamora9614,LABASAN NA MGA PINOYYYY:orange_heart::orange_heart::orange_heart:,Positive
Seoul,1,3,JAM REPUBLIC,idl.global,0:59:58,@UwU-on8kq,1 MILLIONNN,Neutral
Seoul,1,3,JAM REPUBLIC,idl.global,0:59:58,@kunsyaman,OKAY TEAM SHOPEE LETS GO,Positive
Seoul,1,3,JAM REPUBLIC,idl.global,0:59:59,@harrybui1264,JR better picks a good song,Neutral
Seoul,1,3,JAM REPUBLIC,idl.global,0:59:59,@TongkanKawayan,brotherhood:fire::fire:brotherhoodbrotherhood:fire::fire:brotherhood,Neutral
Seoul,1,3,JAM REPUBLIC,idl.global,0:59:59,@christiankyleescoto2160,SHOPEE LETS GO SHOPEE,Positive
Seoul,1,3,JAM REPUBLIC,idl.global,0:59:59,@AiresRoxas,"no matter how much you guys will hate 1M, they're really killing it everytime.",Negative
Seoul,1,3,JAM REPUBLIC,idl.global,1:00:00,@Alina_stgt0711,1M easy win,Positive
Seoul,1,3,JAM REPUBLIC,idl.global,1:00:02,@noriiiibeeddoo,pls pls pls lets go jrsea,Positive
Seoul,1,3,JAM REPUBLIC,idl.global,1:00:02,@UwU-on8kq,WOAH,Positive
Seoul,1,3,JAM REPUBLIC,idl.global,1:00:03,@PriyobartaSorenshangbam,South Korea crowd is always so biased we can see that during World of street women fighter,Negative
Seoul,1,3,JAM REPUBLIC,idl.global,1:00:03,@christiankyleescoto2160,SHOPEE LETS GO SHOPEE,Positive
Seoul,1,3,JAM REPUBLIC,idl.global,1:00:04,@UwU-on8kq,HOLY,Positive
Seoul,1,3,JAM REPUBLIC,idl.global,1:00:04,@TongkanKawayan,brotherhood:fire::fire:brotherhoodbrotherhood:fire::fire:brotherhood,Neutral
Seoul,1,3,JAM REPUBLIC,idl.global,1:00:04,@okp1763,OKAAYYY,Positive
Seoul,1,3,JAM REPUBLIC,idl.global,1:00:04,@AKAGum00,ohh....,Neutral
Seoul,1,3,JAM REPUBLIC,idl.global,1:00:05,@heinzfel,lagot jam tangina gumamit sila ng lady gaga song oh,Negative
Seoul,1,3,JAM REPUBLIC,idl.global,1:00:06,@axelteftutul4147,they brought agenda,Neutral
Seoul,1,3,JAM REPUBLIC,idl.global,1:00:06,@takeyyshi,Shii,Positive
Seoul,1,3,JAM REPUBLIC,idl.global,1:00:06,@trusolievatruther,same song w brhd ooo,Neutral
Seoul,1,3,JAM REPUBLIC,idl.global,1:00:06,@double_roses,LOVED 1M,Positive
Seoul,1,3,JAM REPUBLIC,idl.global,1:00:07,@shanna9821,Nooooo,Negative
Seoul,1,3,JAM REPUBLIC,idl.global,1:00:07,@ReVeLy-ez3qt,AGAIN????,Neutral
Seoul,1,3,JAM REPUBLIC,idl.global,1:00:07,@kunsyaman,LETS GO TEAM SHOPEE,Positive
Seoul,1,3,JAM REPUBLIC,idl.global,1:00:07,@marlonruiz3486,um what,Neutral
Seoul,1,3,JAM REPUBLIC,idl.global,1:00:07,@JulianLadlad-q1h,WHAT,Neutral
Seoul,1,3,JAM REPUBLIC,idl.global,1:00:08,@TongkanKawayan,brotherhood:fire::fire:brotherhoodbrotherhood:fire::fire:brotherhoodbrotherhood:fire::fire:,Neutral
Seoul,1,3,JAM REPUBLIC,idl.global,1:00:08,@parkjihou,SHOPPEE TAYO SHOPPEE GUYS TEAM PILIPINS :orange_heart::orange_heart::orange_heart::orange_heart::orange_heart::orange_heart::orange_heart::orange_heart::orange_heart::orange_heart::orange_heart::orange_heart::orange_heart::orange_heart::orange_heart:,Neutral
Seoul,1,3,JAM REPUBLIC,idl.global,1:00:08,@tobioweb5500,omg same song choice as brhd,Positive
Seoul,1,3,JAM REPUBLIC,idl.global,1:00:08,@takeyyshi,HOLYY,Positive
Seoul,1,3,JAM REPUBLIC,idl.global,1:00:09,@jeanie5711,same somg,Neutral
Seoul,1,3,JAM REPUBLIC,idl.global,1:00:09,@jamesbidam8887,same,Negative
Seoul,1,3,JAM REPUBLIC,idl.global,1:00:09,@JulianLadlad-q1h,WHATTT,Neutral
Seoul,1,3,JAM REPUBLIC,idl.global,1:00:09,@JFilmCreates,SURPRISE ME JRSEA,Negative
Seoul,1,3,JAM REPUBLIC,idl.global,1:00:09,@maddymilano,DUDE THE SONG CHOICE LET THIS GO,Positive
Seoul,1,3,JAM REPUBLIC,idl.global,1:00:10,@kzeeexc_3575,shesssh,Positive
Seoul,1,3,JAM REPUBLIC,idl.global,1:00:10,@double_roses,JR SEAAAAAAAAA,Positive
Seoul,1,3,JAM REPUBLIC,idl.global,1:00:10,@loraileys,SHIT I AN SCATED,Negative
Seoul,1,3,JAM REPUBLIC,idl.global,1:00:12,@hemisexual,LOLLLLLL NO WAYYY,Positive
Seoul,1,3,JAM REPUBLIC,idl.global,1:00:12,@TongkanKawayan,brotherhood:fire::fire:brotherhoodbrotherhood:fire::fire:brotherhood,Neutral
Seoul,1,3,JAM REPUBLIC,idl.global,1:00:12,@Ckshwhsh,1mmm,Neutral
Seoul,1,3,JAM REPUBLIC,idl.global,1:00:13,@rubysayer3025,Ooooooofffff SHITTT,Positive
Seoul,1,3,JAM REPUBLIC,idl.global,1:00:13,@bpinkbit,??? same song?,Neutral
Seoul,1,3,JAM REPUBLIC,idl.global,1:00:13,@ReVeLy-ez3qt,SAME SONG WITH BHD AND RF,Neutral
Seoul,1,3,JAM REPUBLIC,idl.global,1:00:14,@pieceofdoe,Ohhhh,Positive
Seoul,1,3,JAM REPUBLIC,idl.global,1:00:14,@kevinbriang.garcia6398,OMGGGG,Positive
Seoul,1,3,JAM REPUBLIC,idl.global,1:00:15,@enashinoo,HELPPP SAME SONG,Neutral
Seoul,1,3,JAM REPUBLIC,idl.global,1:00:15,@jnaethan33,this song again?,Negative
Seoul,1,3,JAM REPUBLIC,idl.global,1:00:15,@kttryx,bruhh,Positive
Seoul,1,3,JAM REPUBLIC,idl.global,1:00:16,@parkjihou,SHOPPEE TAYO SHOPPEE GUYS TEAM PILIPINS,Neutral
Seoul,1,3,JAM REPUBLIC,idl.global,1:00:17,@nishimurr0,dang they're both gonna be good,Positive
Seoul,1,3,JAM REPUBLIC,idl.global,1:00:17,@vahnyk,eyyy,Positive
Seoul,1,3,JAM REPUBLIC,idl.global,1:00:17,@TongkanKawayan,brotherhood:fire::fire:brotherhoodbrotherhood:fire::fire:,Neutral
Seoul,1,3,JAM REPUBLIC,idl.global,1:00:17,@AdityaSagar-vm9ez,omg its so good,Positive
Seoul,1,3,JAM REPUBLIC,idl.global,1:00:17,@M._.akotokun,OMG,Positive
Seoul,1,3,JAM REPUBLIC,idl.global,1:00:18,@lare_berry,LETS GAURRRR JAMMM,Positive
Seoul,1,3,JAM REPUBLIC,idl.global,1:00:19,@lettuce_sphere,camera angle is so badd,Negative
Seoul,1,3,JAM REPUBLIC,idl.global,1:00:19,@crispy5104,again??????,Negative
Seoul,1,3,JAM REPUBLIC,idl.global,1:00:19,@leocosmos5444,wala 1m toh,Negative
Seoul,1,3,JAM REPUBLIC,idl.global,1:00:19,@alvindharmasaputra4849,OHHHHH JR ATE,Positive
Seoul,1,3,JAM REPUBLIC,idl.global,1:00:19,@kzeeexc_3575,jrseaa nato,Positive
Seoul,1,3,JAM REPUBLIC,idl.global,1:00:19,@enashinoo,LMFAOAOAO,Neutral
Seoul,1,3,JAM REPUBLIC,idl.global,1:00:20,@HoshiOkiro,STRONG START,Positive
Seoul,1,3,JAM REPUBLIC,idl.global,1:00:20,@mariselasutton957,WHERES THE ENERGEY,Neutral
Seoul,1,3,JAM REPUBLIC,idl.global,1:00:21,@anyazamora9614,KAHIT ISANG POINT LANG MAKUHA NG JR SEA MASAYA NA AKO:orange_heart::orange_heart::orange_heart::orange_heart::orange_heart::orange_heart::orange_heart::orange_heart::orange_heart::orange_heart::orange_heart:,Positive
Seoul,1,3,JAM REPUBLIC,idl.global,1:00:21,@adrianpaulyadao6190,three family ties??!,Negative
Seoul,1,3,JAM REPUBLIC,idl.global,1:00:21,@allisonkim8623,no wayy,Positive
Seoul,1,3,JAM REPUBLIC,idl.global,1:00:21,@christiankyleescoto2160,SHOPEE LETS GO SHOPEE,Positive
Seoul,1,3,JAM REPUBLIC,idl.global,1:00:21,@trusolievatruther,what song is this,Neutral
Seoul,1,3,JAM REPUBLIC,idl.global,1:00:21,@Helyum3,SAME SONG,Neutral
Seoul,1,3,JAM REPUBLIC,idl.global,1:00:22,@akaili1088,1MILLION WAS SO CRAZYYYYYYYYU,Positive
Seoul,1,3,JAM REPUBLIC,idl.global,1:00:22,@parkjihou,SHOPPEE TAYO SHOPPEE GUYS TEAM PILIPINS,Neutral
Seoul,1,3,JAM REPUBLIC,idl.global,1:00:22,@Baylif_au,SAME SONG??!??,Neutral
Seoul,1,3,JAM REPUBLIC,idl.global,1:00:22,@luclucille,CROWD??,Neutral
Seoul,1,3,JAM REPUBLIC,idl.global,1:00:23,@mariselasutton957,WHERES THE ENERGY JAM,Neutral
Seoul,1,3,JAM REPUBLIC,idl.global,1:00:24,@heinzfel,DI ON BEAT,Neutral
Seoul,1,3,JAM REPUBLIC,idl.global,1:00:25,@LEEKAH8,"Not gonna lie, im sick of this song!",Negative
Seoul,1,3,JAM REPUBLIC,idl.global,1:00:25,@hyunjinswife2248,kalat agad,Negative
Seoul,1,3,JAM REPUBLIC,idl.global,1:00:26,@ashwoned,AGAIN?,Negative
Seoul,1,3,JAM REPUBLIC,idl.global,1:00:28,@hroyhn,same song??,Neutral
Seoul,1,3,JAM REPUBLIC,idl.global,1:00:28,@sinnombre2r345,"boring, another hiphop dance",Negative
Seoul,1,3,JAM REPUBLIC,idl.global,1:00:29,@jeewonkim0111,3 yimrd on yhid,Neutral
Seoul,1,3,JAM REPUBLIC,idl.global,1:00:29,@trusolievatruther,ATEEEEE,Positive
Seoul,1,3,JAM REPUBLIC,idl.global,1:00:29,@kunsyaman,TATLONG KENDI,Neutral
Seoul,1,3,JAM REPUBLIC,idl.global,1:00:30,@yowzzz05,JR SEA LES GOOOO SHOW THEM HOW SEA GET DOWNNNN,Positive
Seoul,1,3,JAM REPUBLIC,idl.global,1:00:30,@---wy8zq,LOLL BIRD,Positive
Seoul,1,3,JAM REPUBLIC,idl.global,1:00:30,@okp1763,KINDA LAXKING,Positive
Seoul,1,3,JAM REPUBLIC,idl.global,1:00:30,@helmihisham9682,SMe song,Positive
Seoul,1,3,JAM REPUBLIC,idl.global,1:00:30,@l0ve.f4iry,OUU SHI,Positive
Seoul,1,3,JAM REPUBLIC,idl.global,1:00:30,@enashinoo,VOTE FOR JAMM,Neutral
Seoul,1,3,JAM REPUBLIC,idl.global,1:00:31,@parkjihou,SHOPPEE TAYO SHOPPEE GUYS TEAM PILIPINS,Neutral
Seoul,1,3,JAM REPUBLIC,idl.global,1:00:31,@lanzesperanza1073,jungwon pants,Neutral
Seoul,1,3,JAM REPUBLIC,idl.global,1:00:31,@harrybui1264,Nah JR lost,Negative
Seoul,1,3,JAM REPUBLIC,idl.global,1:00:31,@jjjjjjjoshu,AAAAYYYYYYYYYY,Positive
Seoul,1,3,JAM REPUBLIC,idl.global,1:00:31,@ifskate420,SONG,Neutral
Seoul,1,3,JAM REPUBLIC,idl.global,1:00:31,@LeonisHD,Come on Miyabi let's gooooo!!!,Positive
Seoul,1,3,JAM REPUBLIC,idl.global,1:00:31,@TongkanKawayan,brotherhood:fire::fire:brotherhoodbrotherhood:fire::fire:,Neutral
Seoul,1,3,JAM REPUBLIC,idl.global,1:00:31,@vhs_dreams_yt,same as brotherhood,Negative
Seoul,1,3,JAM REPUBLIC,idl.global,1:00:32,@blacksoller,not clean,Negative
Seoul,1,3,JAM REPUBLIC,idl.global,1:00:33,@itsjaypee13,copyright issued,Neutral
Seoul,1,3,JAM REPUBLIC,idl.global,1:00:34,@arabelabryallenr,HECK YEAAAA,Positive
Seoul,1,3,JAM REPUBLIC,idl.global,1:00:34,@baoncv,one million won i’m sorry,Negative
Seoul,1,3,JAM REPUBLIC,idl.global,1:00:35,@stooopeeed,again CLEAN BUT WEAK,Negative
Seoul,1,3,JAM REPUBLIC,idl.global,1:00:35,@parkjihou,HOY MGA TAGA PILIPINS VOTE WISELY GUYS BAKA PATI BA NAMAN DITO IVOVOTE NIYO YUNG ANO HA,Neutral
Seoul,1,3,JAM REPUBLIC,idl.global,1:00:36,@TongkanKawayan,brotherhood:fire::fire:brotherhoodbrotherhood:fire::fire:,Neutral
Seoul,1,3,JAM REPUBLIC,idl.global,1:00:36,@NoahEvangelista-123,WOAAAAAH,Positive
Seoul,1,3,JAM REPUBLIC,idl.global,1:00:36,@Akio-w1o7l,LETS GO JAM!!!!,Positive
Seoul,1,3,JAM REPUBLIC,idl.global,1:00:36,@kunsyaman,TAASAN NYO ENERGY YO,Positive
Seoul,1,3,JAM REPUBLIC,idl.global,1:00:36,@czyrinetorres6887,same sonh,Positive
Seoul,1,3,JAM REPUBLIC,idl.global,1:00:36,@AKAGum00,OKAY JR GET IT???,Positive
Seoul,1,3,JAM REPUBLIC,idl.global,1:00:37,@UwU-on8kq,LAG,Negative
Seoul,1,3,JAM REPUBLIC,idl.global,1:00:37,@iCUPD,Omg this damn song lmao,Positive
Seoul,1,3,JAM REPUBLIC,idl.global,1:00:37,@ohhtris,FIRE,Positive
Seoul,1,3,JAM REPUBLIC,idl.global,1:00:37,@miguelpondevida9238,1M >>>>>>,Neutral
Seoul,1,3,JAM REPUBLIC,idl.global,1:00:38,@adrianpaulyadao6190,one m,Neutral
Seoul,1,3,JAM REPUBLIC,idl.global,1:00:38,@parkjihou,SHOPPEE TAYO SHOPPEE GUYS TEAM PILIPINS,Neutral
Seoul,1,3,JAM REPUBLIC,idl.global,1:00:38,@ninojamessuson2553,CROWD WAS NOT HAVING ITTT,Negative
Seoul,1,3,JAM REPUBLIC,idl.global,1:00:38,@notkat_vlogs,this too basic,Negative
Seoul,1,3,JAM REPUBLIC,idl.global,1:00:38,@loraileys,YEAH 1MIL TAKIN IT,Neutral
Seoul,1,3,JAM REPUBLIC,idl.global,1:00:41,@oacity,1 million sweep for sure,Neutral
Seoul,1,3,JAM REPUBLIC,idl.global,1:00:41,@heinzfel,P8UTANGINA MAGLLIVE KAYO PERO MAY ADS,Negative
Seoul,1,3,JAM REPUBLIC,idl.global,1:00:41,@nazzylove_bunny1,Kinda lacking,Negative
Seoul,1,3,JAM REPUBLIC,idl.global,1:00:41,@MotivatedPotatoKnish,@lanzesperanza1073 YESS,Positive
Seoul,1,3,JAM REPUBLIC,idl.global,1:00:42,@ayen_cat04,IT'S ALREADY HARD TO VOTE ON THIS MATCH UP,Negative
Seoul,1,3,JAM REPUBLIC,idl.global,1:00:42,@leviaiki9168,it’s okay,Neutral
Seoul,1,3,JAM REPUBLIC,idl.global,1:00:43,@AKAGum00,BITRATE,Neutral
Seoul,1,3,JAM REPUBLIC,idl.global,1:00:43,@itsjaypee13,COPYRIGHT ISSUE,Neutral
Seoul,1,3,JAM REPUBLIC,idl.global,1:00:43,@pieceofdoe,HOLLLYYYYY BOTTTHHHH FIREEEE,Positive
Seoul,1,3,JAM REPUBLIC,idl.global,1:00:44,@stupidlynene5633,NAHH,Negative
Seoul,1,3,JAM REPUBLIC,idl.global,1:00:45,@trusolievatruther,JR SEA SO GOOOODDD,Positive
Seoul,1,3,JAM REPUBLIC,idl.global,1:00:47,@Lucian7377,It’s lagging,Negative
Seoul,1,3,JAM REPUBLIC,idl.global,1:00:47,@MJH977,IT LAGGING,Negative
Seoul,1,3,JAM REPUBLIC,idl.global,1:00:47,@taemo_baho,WHAT????,Neutral
Seoul,1,3,JAM REPUBLIC,idl.global,1:00:47,@fabiennedevries2259,its lagging noo,Negative
Seoul,1,3,JAM REPUBLIC,idl.global,1:00:48,@SBH-25,Laggg,Negative
Seoul,1,3,JAM REPUBLIC,idl.global,1:00:49,@yooliyoo,omg,Positive
Seoul,1,3,JAM REPUBLIC,idl.global,1:00:49,@blackpinkstan101,Why tf is it lagging,Negative
Seoul,1,3,JAM REPUBLIC,idl.global,1:00:50,@kunsyaman,GAGA HAHAHAHAHAH,Neutral
Seoul,1,3,JAM REPUBLIC,idl.global,1:00:50,@tobioweb5500,better mix than brhd tbf :loudly_crying_face:,Negative
Seoul,1,3,JAM REPUBLIC,idl.global,1:00:51,@hroyhn,lagg,Positive
Seoul,1,3,JAM REPUBLIC,idl.global,1:00:51,@JceeB,KALA KO AKO LANG,Negative
Seoul,1,3,JAM REPUBLIC,idl.global,1:00:51,@lare_berry,NOOOO,Negative
Seoul,1,3,JAM REPUBLIC,idl.global,1:00:51,@luminous3826,LAAAAAG,Positive
Seoul,1,3,JAM REPUBLIC,idl.global,1:00:51,@Alina_stgt0711,Lagggg,Positive
Seoul,1,3,JAM REPUBLIC,idl.global,1:00:51,@GeraldLaboy,THHHH,Positive
Seoul,1,3,JAM REPUBLIC,idl.global,1:00:51,@SeanEzra-zv2vf,LAGGGGGG GAGOOOOOOO,Positive
Seoul,1,3,JAM REPUBLIC,idl.global,1:00:51,@akaili1088,1MILLION WAS SO CRAZY,Positive
Seoul,1,3,JAM REPUBLIC,idl.global,1:00:51,@lykosine,LAGGGG,Neutral
Seoul,1,3,JAM REPUBLIC,idl.global,1:00:51,@UwU-on8kq,THE LAG BRO,Positive
Seoul,1,3,JAM REPUBLIC,idl.global,1:00:51,@1uvhrrs,lmaoo,Neutral
Seoul,1,3,JAM REPUBLIC,idl.global,1:00:51,@MJH977,BRUH WTF,Neutral
Seoul,1,3,JAM REPUBLIC,idl.global,1:00:52,@albedo428,LAGGGİNNNGGGG,Positive
Seoul,1,3,JAM REPUBLIC,idl.global,1:00:52,@TongkanKawayan,LAGGING,Negative
Seoul,1,3,JAM REPUBLIC,idl.global,1:00:52,@scottsellote7510,LAGGGGG,Neutral
Seoul,1,3,JAM REPUBLIC,idl.global,1:00:52,@yooliyoo,bruh,Neutral
Seoul,1,3,JAM REPUBLIC,idl.global,1:00:52,@LucasPasig,NAH RIGGED,Neutral
Seoul,1,3,JAM REPUBLIC,idl.global,1:00:52,@kylebandiola,lagggggg,Negative
Seoul,1,3,JAM REPUBLIC,idl.global,1:00:52,@johnvanabad5237,bruhhhh,Positive
Seoul,1,3,JAM REPUBLIC,idl.global,1:00:53,@maddymilano,did it restart for yall???,Neutral
Seoul,1,3,JAM REPUBLIC,idl.global,1:00:53,@walalang2025,hoy!,Positive
Seoul,1,3,JAM REPUBLIC,idl.global,1:00:53,@marielsamson6087,pota,Negative
Seoul,1,3,JAM REPUBLIC,idl.global,1:00:53,@Lucian7377,RIGGEDD,Neutral
Seoul,1,3,JAM REPUBLIC,idl.global,1:00:53,@Rhinnoeee,wfff,Negative
Seoul,1,3,JAM REPUBLIC,idl.global,1:00:53,@swiftie_33,ITS SO GOODDD,Positive
Seoul,1,3,JAM REPUBLIC,idl.global,1:00:53,@markb4055,Sabotage hahaha,Neutral
Seoul,1,3,JAM REPUBLIC,idl.global,1:00:53,@justinequibod8,SO ;LAGGGGGGGGGG,Positive
Seoul,1,3,JAM REPUBLIC,idl.global,1:00:53,@nazzylove_bunny1,Frick floaty,Negative
Seoul,1,3,JAM REPUBLIC,idl.global,1:00:54,@melchiBolivar-c5p,yawalaggg,Positive
Seoul,1,3,JAM REPUBLIC,idl.global,1:00:54,@Nyx_ze67,ANG LAG SHUTA,Positive
Seoul,1,3,JAM REPUBLIC,idl.global,1:00:54,@ronaldbernadas,sabotage hahhaha,Negative
Seoul,1,3,JAM REPUBLIC,idl.global,1:00:54,@iyelll_r,LAGGG,Neutral
Seoul,1,3,JAM REPUBLIC,idl.global,1:00:54,@jhanbro,LAG AMP,Positive
Seoul,1,3,JAM REPUBLIC,idl.global,1:00:54,@clairejcc,lag,Negative
Seoul,1,3,JAM REPUBLIC,idl.global,1:00:54,@sinnombre2r345,laggg,Negative
Seoul,1,3,JAM REPUBLIC,idl.global,1:00:55,@jasmijn0137,why am I lagging,Negative
Seoul,1,3,JAM REPUBLIC,idl.global,1:00:55,@athy389,so it's not just me loading,Negative
Seoul,1,3,JAM REPUBLIC,idl.global,1:00:55,@yumanishikawa,seoul having the worst production out of the all series,Negative
Seoul,1,3,JAM REPUBLIC,idl.global,1:00:56,@kashvimalik6045,bruh,Neutral
Seoul,1,3,JAM REPUBLIC,idl.global,1:00:56,@AnnalisaNgo-h8x,Lagging,Negative
Seoul,1,3,JAM REPUBLIC,idl.global,1:00:56,@ZARGZZ,LAGGGGGGG,Neutral
Seoul,1,3,JAM REPUBLIC,idl.global,1:00:57,@LiaHamidi-pi8ec,Why is it lagging,Negative
Seoul,1,3,JAM REPUBLIC,idl.global,1:00:57,@Maggie_Yang,noooo hahaa,Neutral
Seoul,1,3,JAM REPUBLIC,idl.global,1:00:57,@TongkanKawayan,brotherhood:fire::fire:brotherhoodbrotherhood:fire::fire:brotherhood,Neutral
Seoul,1,3,JAM REPUBLIC,idl.global,1:00:57,@thee_soleichanel,bro please,Neutral
Seoul,1,3,JAM REPUBLIC,idl.global,1:00:57,@j.feelinright,NATIGIL AHAHHAH,Negative
Seoul,1,3,JAM REPUBLIC,idl.global,1:00:58,@lovie7347,brooooo this is unfair,Negative
Seoul,1,3,JAM REPUBLIC,idl.global,1:00:58,@gabbykristine5461,even the stream couldnt handle the same song for the third time LAWLL,Neutral
Seoul,1,3,JAM REPUBLIC,idl.global,1:00:58,@trusolievatruther,HAHAAHAHAHAHAHA OKAY I LIKE THIS,Positive
Seoul,1,3,JAM REPUBLIC,idl.global,1:00:58,@QoiiFshh,???,Neutral
Seoul,1,3,JAM REPUBLIC,idl.global,1:00:58,@enashinoo,IMMLAGIGNG,Positive
Seoul,1,3,JAM REPUBLIC,idl.global,1:00:58,@hyunjinswife2248,lag hahahaha,Negative
Seoul,1,3,JAM REPUBLIC,idl.global,1:00:58,@melissalin1713,OH MY GOD,Positive
Seoul,1,3,JAM REPUBLIC,idl.global,1:00:59,@marksamulde,wtf,Negative
Seoul,1,3,JAM REPUBLIC,idl.global,1:00:59,@christiankyleescoto2160,lag during jr is so,Negative
Seoul,1,3,JAM REPUBLIC,idl.global,1:00:59,@fortunekatt,jesus an ad and then lagging,Negative
Seoul,1,3,JAM REPUBLIC,idl.global,1:00:59,@74D3N,THE LAGGG,Neutral
Seoul,1,3,JAM REPUBLIC,idl.global,1:01:00,@patriciadesquitado871,LAG.,Negative
Seoul,1,3,JAM REPUBLIC,idl.global,1:01:00,@okp1763,WHO THAT,Neutral
Seoul,1,3,JAM REPUBLIC,idl.global,1:01:01,@ade_lelele,HOLY LAG BRO,Positive
Seoul,1,3,JAM REPUBLIC,idl.global,1:01:01,@loraileys,NOOO LAFGGG,Negative
Seoul,1,3,JAM REPUBLIC,idl.global,1:01:01,@adrianpaulyadao6190,wth lmao,Negative
Seoul,1,3,JAM REPUBLIC,idl.global,1:01:01,@Felix21xv,Lol the shirt,Neutral
Seoul,1,3,JAM REPUBLIC,idl.global,1:01:01,@jvngw0nics,Not the lag omg,Negative
Seoul,1,3,JAM REPUBLIC,idl.global,1:01:01,@renzianlozada2787,ANG LAG SHIBAL,Positive
Seoul,1,3,JAM REPUBLIC,idl.global,1:01:01,@peewwiii,laggg,Negative
Seoul,1,3,JAM REPUBLIC,idl.global,1:01:02,@leviaiki9168,is this sabotage,Negative
Seoul,1,3,JAM REPUBLIC,idl.global,1:01:02,@kzeeexc_3575,same routine,Negative
Seoul,1,3,JAM REPUBLIC,idl.global,1:01:02,@angelpaunga1023,why did it ende,Negative
Seoul,1,3,JAM REPUBLIC,idl.global,1:01:02,@TongkanKawayan,brotherhood:fire::fire:brotherhood,Neutral
Seoul,1,3,JAM REPUBLIC,idl.global,1:01:02,@neorrii,MADUGA NAG LALAAGGGGGGGGGGGGGGGGG :cross_mark::cross_mark::cross_mark::cross_mark::cross_mark:,Positive
Seoul,1,3,JAM REPUBLIC,idl.global,1:01:03,@alvindharmasaputra4849,NO SEPUL THATS NOT GOOD,Negative
Seoul,1,3,JAM REPUBLIC,idl.global,1:01:03,@lanzesperanza1073,wew,Positive
Seoul,1,3,JAM REPUBLIC,idl.global,1:01:03,@primordial3,"I thought it was my internet, wth haha",Neutral
Seoul,1,3,JAM REPUBLIC,idl.global,1:01:03,@richelleelectrajackson6038,lag cuy,Negative
Seoul,1,3,JAM REPUBLIC,idl.global,1:01:03,@kttryx,what is that,Neutral
Seoul,1,3,JAM REPUBLIC,idl.global,1:01:04,@ivandummy-o6x5d,laggg,Negative
Seoul,1,3,JAM REPUBLIC,idl.global,1:01:05,@WanguiBono,Is it lagging for yall,Negative
Seoul,1,3,JAM REPUBLIC,idl.global,1:01:06,@LEEKAH8,Im voting for JR due to the lag lolol,Negative
Seoul,1,3,JAM REPUBLIC,idl.global,1:01:06,@minhfapsuw,WTF,Neutral
Seoul,1,3,JAM REPUBLIC,idl.global,1:01:07,@JordanMiranda-v2q,Copying brotherhood,Negative
Seoul,1,3,JAM REPUBLIC,idl.global,1:01:07,@jc-zc3pb,HOI LAG,Positive
Seoul,1,3,JAM REPUBLIC,idl.global,1:01:07,@scottsellote7510,LAGGG BHSYT,Positive
Seoul,1,3,JAM REPUBLIC,idl.global,1:01:07,@ReVeLy-ez3qt,why is it lagging god,Negative
Seoul,1,3,JAM REPUBLIC,idl.global,1:01:07,@KurtczackToledo,laroooo,Positive
Seoul,1,3,JAM REPUBLIC,idl.global,1:01:08,@UwU-on8kq,THE MASK???,Neutral
Seoul,1,3,JAM REPUBLIC,idl.global,1:01:08,@shenayafernando-u4k,BRO IM LAGGIN SO BAD RNNN,Positive
Seoul,1,3,JAM REPUBLIC,idl.global,1:01:08,@TongkanKawayan,brotherhood:fire::fire:brotherhoodbrotherhood:fire::fire:,Neutral
Seoul,1,3,JAM REPUBLIC,idl.global,1:01:08,@yowzzz05,WHOS FACE IS THATT,Negative
Seoul,1,3,JAM REPUBLIC,idl.global,1:01:10,@natty._won,oooh,Neutral
Seoul,1,3,JAM REPUBLIC,idl.global,1:01:10,@tobioweb5500,LMFAOOOO,Positive
Seoul,1,3,JAM REPUBLIC,idl.global,1:01:10,@khyuma-s1d,pinalag sa jr sea,Negative
Seoul,1,3,JAM REPUBLIC,idl.global,1:01:11,@walalang2025,CONVERGE HA HAHA,Neutral
Seoul,1,3,JAM REPUBLIC,idl.global,1:01:11,@akaili1088,1MILLION WAS SO CRAZY I STILLL CANT,Positive
Seoul,1,3,JAM REPUBLIC,idl.global,1:01:11,@anyazamora9614,JONAHHH !!,Positive
Seoul,1,3,JAM REPUBLIC,idl.global,1:01:15,@harrybui1264,Dang that was messy :loudly_crying_face:,Negative
Seoul,1,3,JAM REPUBLIC,idl.global,1:01:15,@bzinthacut,what is fhat,Negative
Seoul,1,3,JAM REPUBLIC,idl.global,1:01:16,@TongkanKawayan,brotherhood:fire::fire:brotherhoodbrotherhood:fire::fire:,Neutral
Seoul,1,3,JAM REPUBLIC,idl.global,1:01:16,@MJH977,I THOUGHT IT WAS MY WIFI,Negative
Seoul,1,3,JAM REPUBLIC,idl.global,1:01:16,@luzz.._auwenn,JR SEAA....,Positive
Seoul,1,3,JAM REPUBLIC,idl.global,1:01:17,@khyuma-s1d,kinginaniyo,Positive
Seoul,1,3,JAM REPUBLIC,idl.global,1:01:20,@nishimurr0,dang,Positive
Seoul,1,3,JAM REPUBLIC,idl.global,1:01:21,@leviaiki9168,SABOTAGE LMAO,Positive
Seoul,1,3,JAM REPUBLIC,idl.global,1:01:21,@allisonkim8623,no way j aki,Negative
Seoul,1,3,JAM REPUBLIC,idl.global,1:01:21,@heinzfel,UY,Positive
Seoul,1,3,JAM REPUBLIC,idl.global,1:01:21,@JoannaM007,This is too funny:loudly_crying_face::loudly_crying_face::loudly_crying_face:,Positive
Seoul,1,3,JAM REPUBLIC,idl.global,1:01:22,@okp1763,WOWOAOAOAOAOWOWOW,Positive
Seoul,1,3,JAM REPUBLIC,idl.global,1:01:22,@---wy8zq,DAMNNN,Positive
Seoul,1,3,JAM REPUBLIC,idl.global,1:01:22,@Cyrus920,they lost,Negative
Seoul,1,3,JAM REPUBLIC,idl.global,1:01:22,@hroyhn,gaga??,Neutral
Seoul,1,3,JAM REPUBLIC,idl.global,1:01:22,@UwU-on8kq,POKER Fce,Neutral
Seoul,1,3,JAM REPUBLIC,idl.global,1:01:22,@jemsbiii,sabotage yarn?,Negative
Seoul,1,3,JAM REPUBLIC,idl.global,1:01:22,@trusolievatruther,HELLO THE LADY GAGA,Neutral
Seoul,1,3,JAM REPUBLIC,idl.global,1:01:25,@fatimabang,ehy is it lagging,Negative
Seoul,1,3,JAM REPUBLIC,idl.global,1:01:25,@scottsellote7510,OMG YESSSSSS,Positive
Seoul,1,3,JAM REPUBLIC,idl.global,1:01:26,@vahnyk,LADY GAGGAAA,Positive
Seoul,1,3,JAM REPUBLIC,idl.global,1:01:26,@---wy8zq,POKER FACE,Neutral
Seoul,1,3,JAM REPUBLIC,idl.global,1:01:26,@nishimurr0,lady gaga too,Neutral
Seoul,1,3,JAM REPUBLIC,idl.global,1:01:26,@akaili1088,1MILLION SUPER BROOOOOOOOOO,Positive
Seoul,1,3,JAM REPUBLIC,idl.global,1:01:26,@heinzfel,LADY GAGA ULIT,Positive
Seoul,1,3,JAM REPUBLIC,idl.global,1:01:27,@Alina_stgt0711,WOAH,Positive
Seoul,1,3,JAM REPUBLIC,idl.global,1:01:30,@kizuumi0420,WHOA WHAT,Neutral
Seoul,1,3,JAM REPUBLIC,idl.global,1:01:31,@helmihisham9682,Lady gagaggaa,Positive
Seoul,1,3,JAM REPUBLIC,idl.global,1:01:31,@luclucille,REMIX?????,Neutral
Seoul,1,3,JAM REPUBLIC,idl.global,1:01:31,@jesshiachristhiaguardafavo6987,UNG MASK HAHAHHASHAHSHAH,Neutral
Seoul,1,3,JAM REPUBLIC,idl.global,1:01:31,@enashinoo,WHATTHEHELLY,Neutral
Seoul,1,3,JAM REPUBLIC,idl.global,1:01:31,@TongkanKawayan,brotherhood:fire::fire:brotherhoodbrotherhood:fire::fire:,Neutral
Seoul,1,3,JAM REPUBLIC,idl.global,1:01:32,@tealcushion,GAGA AGAIN???,Neutral
Seoul,1,3,JAM REPUBLIC,idl.global,1:01:32,@---wy8zq,OMG,Positive
Seoul,1,3,JAM REPUBLIC,idl.global,1:01:32,@JFilmCreates,WHAHAHHAHAHA WHATS THAT FUCKING MASK WHAHAHHAHAHA,Neutral
Seoul,1,3,JAM REPUBLIC,idl.global,1:01:32,@UwU-on8kq,GREAT PULL,Positive
Seoul,1,3,JAM REPUBLIC,idl.global,1:01:32,@Yuxinsrj,THE SHADEEE,Positive
Seoul,1,3,JAM REPUBLIC,idl.global,1:01:35,@ReVeLy-ez3qt,WHO WAS THATTTTT,Neutral
Seoul,1,3,JAM REPUBLIC,idl.global,1:01:35,@loraileys,OHOOOO,Positive
Seoul,1,3,JAM REPUBLIC,idl.global,1:01:35,@meowskiing,nahhhhhhhhhhhhh,Negative
Seoul,1,3,JAM REPUBLIC,idl.global,1:01:35,@---wy8zq,SLAY,Positive
Seoul,1,3,JAM REPUBLIC,idl.global,1:01:35,@luzz.._auwenn,lagg,Positive
Seoul,1,3,JAM REPUBLIC,idl.global,1:01:35,@reignlawrenceantonio9101,jrSEAAAAAAA,Positive
Seoul,1,3,JAM REPUBLIC,idl.global,1:01:36,@enashinoo,LOOLLL,Positive
Seoul,1,3,JAM REPUBLIC,idl.global,1:01:37,@jeanie5711,gaga??,Neutral
Seoul,1,3,JAM REPUBLIC,idl.global,1:01:37,@minhfapsuw,KR IS DOING THIS ON PURPOSE LOL,Neutral
Seoul,1,3,JAM REPUBLIC,idl.global,1:01:37,@notkat_vlogs,nahhh this lowk badly choreographed,Negative
Seoul,1,3,JAM REPUBLIC,idl.global,1:01:40,@bea-ok3pl,GAGA BATTLE,Neutral
Seoul,1,3,JAM REPUBLIC,idl.global,1:01:40,@eljhanzu,BROTHERHOOD ON TOP! BROTHERHOOD FOR THE WIN,Positive
Seoul,1,3,JAM REPUBLIC,idl.global,1:01:40,@bzinthacut,all this to lose,Negative
Seoul,1,3,JAM REPUBLIC,idl.global,1:01:41,@parkjihou,LARO GUYS GAGO,Neutral
Seoul,1,3,JAM REPUBLIC,idl.global,1:01:41,@kizuumi0420,THE LADY GAGAGAGAGAGGAAAAAA,Positive
Seoul,1,3,JAM REPUBLIC,idl.global,1:01:41,@marksamulde,sabotage HAHAHAHAHA,Negative
Seoul,1,3,JAM REPUBLIC,idl.global,1:01:41,@Helyum3,HAHAHAHHAHAHA,Neutral
Seoul,1,3,JAM REPUBLIC,idl.global,1:01:41,@soupuuuaaa,aki shade,Neutral
Seoul,1,3,JAM REPUBLIC,idl.global,1:01:42,@ifskate420,GAGA,Positive
Seoul,1,3,JAM REPUBLIC,idl.global,1:01:42,@triyah1593,holy burnnnn,Positive
Seoul,1,3,JAM REPUBLIC,idl.global,1:01:45,@lolly_chachaerrieme,KAYA NIYO YAN SHOPPEE,Positive
Seoul,1,3,JAM REPUBLIC,idl.global,1:01:45,@UwU-on8kq,LAG HOLY,Positive
Seoul,1,3,JAM REPUBLIC,idl.global,1:01:45,@seanzee-zc1pe,why lag wtf,Negative
Seoul,1,3,JAM REPUBLIC,idl.global,1:01:46,@vahnyk,DISSS,Positive
Seoul,1,3,JAM REPUBLIC,idl.global,1:01:46,@thandeka1379,why was it lagging,Negative
Seoul,1,3,JAM REPUBLIC,idl.global,1:01:47,@huytran4140,Hep,Neutral
Seoul,1,3,JAM REPUBLIC,idl.global,1:01:47,@TelicaS1llett,1 MILLIOOONNNN,Positive
Seoul,1,3,JAM REPUBLIC,idl.global,1:01:47,@JeCzar,bat puro sila lady gaga,Negative
Seoul,1,3,JAM REPUBLIC,idl.global,1:01:50,@trentlavsom3217,damn whos that girl,Neutral
Seoul,1,3,JAM REPUBLIC,idl.global,1:01:50,@QoiiFshh,why the suddem lag?,Negative
Seoul,1,3,JAM REPUBLIC,idl.global,1:01:50,@khyuma-s1d,sabotage toh wala to guys kingina,Negative
Seoul,1,3,JAM REPUBLIC,idl.global,1:01:50,@hroyhn,holy lag,Negative
Seoul,1,3,JAM REPUBLIC,idl.global,1:01:50,@MJH977,Y'ALL MF KILLED MY HYPE BC OF THE LAG,Negative
Seoul,1,3,JAM REPUBLIC,idl.global,1:01:50,@taliabailey6015,DISSSS,Positive
Seoul,1,3,JAM REPUBLIC,idl.global,1:01:50,@pieceofdoe,LAGGGG,Neutral
Seoul,1,3,JAM REPUBLIC,idl.global,1:01:51,@hyunjinswife2248,EWAN KO SA INYO JRSEA,Positive
Seoul,1,3,JAM REPUBLIC,idl.global,1:01:51,@melissalin1713,MIYABI MY QUEEN,Positive
Seoul,1,3,JAM REPUBLIC,idl.global,1:01:51,@AKAGum00,WAIT,Neutral
Seoul,1,3,JAM REPUBLIC,idl.global,1:01:51,@HoshiOkiro,LMAOO DAMNN,Positive
Seoul,1,3,JAM REPUBLIC,idl.global,1:01:51,@SeanEzra-zv2vf,LADY GAGAGAGGAGAAGGAGAGAGAGAGAGAGA,Positive
Seoul,1,3,JAM REPUBLIC,idl.global,1:01:51,@OreoSISTAHS,SOOHIEEE,Neutral
Seoul,1,3,JAM REPUBLIC,idl.global,1:01:51,@kesikii,LAG,Negative
Seoul,1,3,JAM REPUBLIC,idl.global,1:01:51,@Maggie_Yang,this is so not fairrr,Negative
Seoul,1,3,JAM REPUBLIC,idl.global,1:01:52,@oma1036,WTFF,Neutral
Seoul,1,3,JAM REPUBLIC,idl.global,1:01:55,@christianjohn2257,taina nung prod,Neutral
Seoul,1,3,JAM REPUBLIC,idl.global,1:01:55,@mariselasutton957,1MMMMMMM,Positive
Seoul,1,3,JAM REPUBLIC,idl.global,1:01:55,@evzz_offx,LAAAAAAAAAAAGGGGGGGGGGGGG,Positive
Seoul,1,3,JAM REPUBLIC,idl.global,1:01:55,@soupuuuaaa,POKER FACE?,Neutral
Seoul,1,3,JAM REPUBLIC,idl.global,1:01:56,@lawrence5718,WTH IS THIS IDL SO LAG,Negative
Seoul,1,3,JAM REPUBLIC,idl.global,1:01:56,@OreoSISTAHS,SOPHIE,Neutral
Seoul,1,3,JAM REPUBLIC,idl.global,1:01:56,@lovie7347,SABOTAGEEEEEE LMAO,Positive
Seoul,1,3,JAM REPUBLIC,idl.global,1:01:56,@allisonkim8623,why did voting start,Neutral
Seoul,2,1,ROYAL FAMILY,idl.global,1:29:30,@ellieanagnostou7545,Go BROTHERHOOD,Neutral
Seoul,2,1,ROYAL FAMILY,idl.global,1:29:30,@seanzee-zc1pe,ROYAL FAMILY LETSGO:crown::crown::crown::crown::crown::crown:,Positive
Seoul,2,1,ROYAL FAMILY,idl.global,1:29:31,@johnvanabad5237,IDC ABOUT BEONG CHAMPS RF PLEASE TKE 2ND PLACE OR CHAMPPP,Neutral
Seoul,2,1,ROYAL FAMILY,idl.global,1:29:31,@æ-ditt,GO GRV:fire::fire::fire:GO GRV:fire::fire::fire:GO GRV:fire::fire::fire:GO GRV:fire::fire::fire:GO GRV:fire::fire::fire:GO GRV:fire::fire::fire:GO GRV:fire::fire::fire:GO GRV:fire::fire:,Neutral
Seoul,2,1,ROYAL FAMILY,idl.global,1:29:31,@2susanRdmsrlacl,let's go :crown::crown::crown::crown::crown::crown::crown::crown::crown::crown::crown::crown::crown::crown::crown:,Positive
Seoul,2,1,ROYAL FAMILY,idl.global,1:29:33,@Bre.r.s,Let’s goooo royal,Positive
Seoul,2,1,ROYAL FAMILY,idl.global,1:29:36,@Jyxdae,:crown::crown::crown::crown::crown::crown::crown::crown::crown::crown::crown::crown::crown::crown::crown::crown::crown:,Positive
Seoul,2,1,ROYAL FAMILY,idl.global,1:29:36,@DJJD17,:crown::yellow_heart:CROWNS UP:yellow_heart::crown:,Positive
Seoul,2,1,ROYAL FAMILY,idl.global,1:29:36,@double_roses,Lesgoooo rfff,Positive
Seoul,2,1,ROYAL FAMILY,idl.global,1:29:36,@ReVeLy-ez3qt,some of the seats are empty,Negative
Seoul,2,1,ROYAL FAMILY,idl.global,1:29:37,@MikeChesterE.Capablanca,:crown:,Neutral
Seoul,2,1,ROYAL FAMILY,idl.global,1:29:38,@MeltonLagrimas,SANA KAHIT 2ND NALANG RF :face_holding_back_tears:,Neutral
Seoul,2,1,ROYAL FAMILY,idl.global,1:29:39,@DearAnnicka,BROTHERHOOD YUNG PANG TRENDING NAMAN!!!,Positive
Seoul,2,1,ROYAL FAMILY,idl.global,1:29:40,@kunsyaman,LESGO GRINDR VS MOVEIT VS SHEIN,Positive
Seoul,2,1,ROYAL FAMILY,idl.global,1:29:40,@itsvictor73,CROWNS UP! CROWNS UP! CROWNS UP!:crown::crown::crown::crown::crown::crown::crown::crown::crown::crown::crown::crown::crown::crown:,Positive
Seoul,2,1,ROYAL FAMILY,idl.global,1:29:41,@veronica-yw2vo,is brotherhood still beatable on overall?,Negative
Seoul,2,1,ROYAL FAMILY,idl.global,1:29:41,@hectorthesheep,im so scared,Negative
Seoul,2,1,ROYAL FAMILY,idl.global,1:29:42,@DJJD17,wowwwwwwwww,Positive
Seoul,2,1,ROYAL FAMILY,idl.global,1:29:42,@bellejeanarpilleda4465,I hope brotherhood's set will be strong,Positive
Seoul,2,1,ROYAL FAMILY,idl.global,1:29:43,@yukaaa3212,OH,Neutral
Seoul,2,1,ROYAL FAMILY,idl.global,1:29:43,@ronaldbernadas,sampalin si chiaseed,Neutral
Seoul,2,1,ROYAL FAMILY,idl.global,1:29:44,@0range_bl0ss0m7,SUNTOKAN TAYO RIGHT NEOW,Positive
Seoul,2,1,ROYAL FAMILY,idl.global,1:29:45,@jjjjjjjoshu,OKAYYYY,Positive
Seoul,2,1,ROYAL FAMILY,idl.global,1:29:46,@æ-ditt,GO GRV:fire::fire::fire:GO GRV:fire::fire::fire:GO GRV:fire::fire::fire:GO GRV:fire::fire::fire:GO GRV:fire::fire::fire:GO GRV:fire::fire::fire:GO GRV:fire::fire::fire:GO GRV:fire::fire:,Neutral
Seoul,2,1,ROYAL FAMILY,idl.global,1:29:46,@victxriah,same fits?,Neutral
Seoul,2,1,ROYAL FAMILY,idl.global,1:29:46,@kunsyaman,LESGO GRINDR VS MOVEIT VS SHEIN,Positive
Seoul,2,1,ROYAL FAMILY,idl.global,1:29:46,@KurtczackToledo,WOWWWW,Positive
Seoul,2,1,ROYAL FAMILY,idl.global,1:29:48,@DJJD17,:crown::yellow_heart:Royal Family:yellow_heart::crown:,Neutral
Seoul,2,1,ROYAL FAMILY,idl.global,1:29:49,@seowonschiaseed,ronaldbernadas pangat mo,Neutral
Seoul,2,1,ROYAL FAMILY,idl.global,1:29:50,@maximocaramolIII,Its like seeing mom and dad having a fight,Negative
Seoul,2,1,ROYAL FAMILY,idl.global,1:29:51,@yofanboiii,:crown::crown::crown::crown::crown::crown::crown::crown:,Positive
Seoul,2,1,ROYAL FAMILY,idl.global,1:29:51,@westan1353,CROWNS UP!!!!,Positive
Seoul,2,1,ROYAL FAMILY,idl.global,1:29:53,@DearAnnicka,BROTHERHOOD YUNG PANG TRENDING NAMAN!!!,Positive
Seoul,2,1,ROYAL FAMILY,idl.global,1:29:53,@RubyCrystal-u1y,it would be nice to see 1 million lose in their home haha,Positive
Seoul,2,1,ROYAL FAMILY,idl.global,1:29:53,@yofanboiii,AAAAA,Positive
Seoul,2,1,ROYAL FAMILY,idl.global,1:29:55,@kunsyaman,LESGO GRINDR VS MOVEIT VS SHEIN,Positive
Seoul,2,1,ROYAL FAMILY,idl.global,1:29:55,@bellejeanarpilleda4465,manifesting brotherhood,Neutral
Seoul,2,1,ROYAL FAMILY,idl.global,1:29:57,@DJJD17,Let's Go!!!,Positive
Seoul,2,1,ROYAL FAMILY,idl.global,1:29:57,@seowonschiaseed,1M,Neutral
Seoul,2,1,ROYAL FAMILY,idl.global,1:29:58,@xen_mm,WAIT LNG PO,Neutral
Seoul,2,1,ROYAL FAMILY,idl.global,1:29:58,@seowonschiaseed,1M,Neutral
Seoul,2,1,ROYAL FAMILY,idl.global,1:29:58,@yofanboiii,:crown::crown::crown::crown:,Positive
Seoul,2,1,ROYAL FAMILY,idl.global,1:29:59,@j.c0b-t7u,CROWNS UP,Neutral
Seoul,2,1,ROYAL FAMILY,idl.global,1:29:59,@seowonschiaseed,1M,Neutral
Seoul,2,1,ROYAL FAMILY,idl.global,1:29:59,@CallMeNath-2,LETS GOOOO CROWNS UP!!!!,Positive
Seoul,2,1,ROYAL FAMILY,idl.global,1:30:00,@æ-ditt,GO GRV:fire::fire::fire:GO GRV:fire::fire::fire:GO GRV:fire::fire::fire:GO GRV:fire::fire::fire:GO GRV:fire::fire::fire:GO GRV:fire::fire::fire:GO GRV:fire::fire::fire:GO GRV:fire::fire:,Neutral
Seoul,2,1,ROYAL FAMILY,idl.global,1:30:01,@loraileys,BROTHERHOOD LETS DO A STRONG SET,Neutral
Seoul,2,1,ROYAL FAMILY,idl.global,1:30:02,@seowonschiaseed,1MMM,Neutral
Seoul,2,1,ROYAL FAMILY,idl.global,1:30:02,@UwU-on8kq,ouhhh shiii,Positive
Seoul,2,1,ROYAL FAMILY,idl.global,1:30:02,@DearAnnicka,BROTHERHOOD YUNG PANG TRENDING NAMAN!!!,Positive
Seoul,2,1,ROYAL FAMILY,idl.global,1:30:03,@RubyCrystal-u1y,it would be nice to see 1 million lose in their home haha,Positive
Seoul,2,1,ROYAL FAMILY,idl.global,1:30:03,@hshszzi,smooth,Positive
Seoul,2,1,ROYAL FAMILY,idl.global,1:30:04,@christine_cordova,lezzgooi!,Positive
Seoul,2,1,ROYAL FAMILY,idl.global,1:30:06,@xen_mm,oh shi,Positive
Seoul,2,1,ROYAL FAMILY,idl.global,1:30:06,@kunsyaman,LESGO GRINDR VS MOVEIT VS SHEIN,Positive
Seoul,2,1,ROYAL FAMILY,idl.global,1:30:07,@cenamoncenamobuns,HOLLYYY,Positive
Seoul,2,1,ROYAL FAMILY,idl.global,1:30:07,@loraileys,OH LORD,Positive
Seoul,2,1,ROYAL FAMILY,idl.global,1:30:11,@cenamoncenamobuns,Ouushii,Positive
Seoul,2,1,ROYAL FAMILY,idl.global,1:30:11,@yofanboiii,:crown::crown::crown::crown::crown::crown::crown:,Positive
Seoul,2,1,ROYAL FAMILY,idl.global,1:30:12,@seowonschiaseed,1MMMM,Neutral
Seoul,2,1,ROYAL FAMILY,idl.global,1:30:12,@DJJD17,:crown::yellow_heart:Royal Family:yellow_heart::crown:,Neutral
Seoul,2,1,ROYAL FAMILY,idl.global,1:30:14,@KurtczackToledo,OUUS HUIUUUUU,Positive
Seoul,2,1,ROYAL FAMILY,idl.global,1:30:14,@cesspacito,hello is brotherhood doen?,Neutral
Seoul,2,1,ROYAL FAMILY,idl.global,1:30:16,@heinzfel,OOOOHH,Positive
Seoul,2,1,ROYAL FAMILY,idl.global,1:30:21,@popstannn,STAMINA VS STAMINA VS STAMINA,Neutral
Seoul,2,1,ROYAL FAMILY,idl.global,1:30:22,@roslyn74,OMG LAG,Positive
Seoul,2,1,ROYAL FAMILY,idl.global,1:30:22,@heinzfel,no,Negative
Seoul,2,1,ROYAL FAMILY,idl.global,1:30:22,@cenamoncenamobuns,strong start,Positive
Seoul,2,1,ROYAL FAMILY,idl.global,1:30:26,@neorrii,LUH ADS,Positive
Seoul,2,1,ROYAL FAMILY,idl.global,1:30:28,@mikehawk8744,Left side kinda messy,Negative
Seoul,2,1,ROYAL FAMILY,idl.global,1:30:30,@yofanboiii,:crown::crown::crown::crown::crown::crown::crown::crown:,Positive
Seoul,2,1,ROYAL FAMILY,idl.global,1:30:30,@loraileys,okkkk,Neutral
Seoul,2,1,ROYAL FAMILY,idl.global,1:30:33,@ronaldbernadas,deadz ang crowd,Negative
Seoul,2,1,ROYAL FAMILY,idl.global,1:30:35,@seowonschiaseed,1MM,Neutral
Seoul,2,1,ROYAL FAMILY,idl.global,1:30:38,@UwU-on8kq,no12 eating,Negative
Seoul,2,1,ROYAL FAMILY,idl.global,1:30:39,@yukaaa3212,DANG,Positive
Seoul,2,1,ROYAL FAMILY,idl.global,1:30:40,@DJJD17,wowwwwwwwwww,Positive
Seoul,2,1,ROYAL FAMILY,idl.global,1:30:40,@seowonschiaseed,COME ONE ONEMILLION,Neutral
Seoul,2,1,ROYAL FAMILY,idl.global,1:30:41,@kunsyaman,LESGO GRINDR VS MOVEIT VS SHEIN,Positive
Seoul,2,1,ROYAL FAMILY,idl.global,1:30:41,@JoseEnriqueCabusas-c7k3n,tado lag,Negative
Seoul,2,1,ROYAL FAMILY,idl.global,1:30:44,@hshszzi,ONE MILLION PANALO,Neutral
Seoul,2,1,ROYAL FAMILY,idl.global,1:30:44,@mgkluvr19,brotherhood and 1million still have to perform again!!!!,Negative
Seoul,2,1,ROYAL FAMILY,idl.global,1:30:45,@DJJD17,omgggggggg,Positive
Seoul,2,1,ROYAL FAMILY,idl.global,1:30:46,@prashnaregmi5973,eldonnnnn,Positive
Seoul,2,1,ROYAL FAMILY,idl.global,1:30:46,@æ-ditt,GO GRV:fire::fire::fire:GO GRV:fire::fire::fire:GO GRV:fire::fire::fire:GO GRV:fire::fire::fire:GO GRV:fire::fire::fire:GO GRV:fire::fire::fire:GO GRV:fire::fire::fire:GO GRV:fire::fire:,Neutral
Seoul,2,1,ROYAL FAMILY,idl.global,1:30:49,@EllaThink,the crowd-,Negative
Seoul,2,1,ROYAL FAMILY,idl.global,1:30:50,@cenamoncenamobuns,what is this crowd bru,Neutral
Seoul,2,1,ROYAL FAMILY,idl.global,1:30:50,@kunsyaman,OH SIMON,Neutral
Seoul,2,1,ROYAL FAMILY,idl.global,1:30:51,@shawn_02,there are part where they dont dance as one,Negative
Seoul,2,1,ROYAL FAMILY,idl.global,1:30:53,@seowonschiaseed,the crowds in korean stay quiet out of respect,Negative
Seoul,2,1,ROYAL FAMILY,idl.global,1:30:53,@RubyCrystal-u1y,if it stop it's sus,Neutral
Seoul,2,1,ROYAL FAMILY,idl.global,1:30:53,@0range_bl0ss0m7,GO 1M,Neutral
Seoul,2,1,ROYAL FAMILY,idl.global,1:30:55,@Lucian7377,BURHH HAHAHAHAH,Positive
Seoul,2,1,ROYAL FAMILY,idl.global,1:30:56,@kunsyaman,MIYABIIIIIIII,Positive
Seoul,2,1,ROYAL FAMILY,idl.global,1:30:56,@lisamaknae5430,The crowd is so boring,Negative
Seoul,2,1,ROYAL FAMILY,idl.global,1:30:57,@swaragopal,OUU SHII,Positive
Seoul,2,1,ROYAL FAMILY,idl.global,1:30:57,@PookieMoosie,rf keeps getting better istg :smiling_face_with_hearts::smiling_face_with_hearts::smiling_face_with_hearts:,Positive
Seoul,2,1,ROYAL FAMILY,idl.global,1:30:57,@toshq_q,nahhh,Negative
Seoul,2,1,ROYAL FAMILY,idl.global,1:30:57,@0range_bl0ss0m7,wla na grv,Neutral
Seoul,2,1,ROYAL FAMILY,idl.global,1:30:57,@MarkFortes-w5j5v,dadi eldon,Negative
Seoul,2,1,ROYAL FAMILY,idl.global,1:30:59,@rayrey0-1,Ngl what's with this RF??? FEELS SO DIFFERENT,Negative
Seoul,2,1,ROYAL FAMILY,idl.global,1:30:59,@ayela562,Running ads in the middle of a set? WTF,Negative
Seoul,2,1,ROYAL FAMILY,idl.global,1:31:00,@RubyCrystal-u1y,if it stop it's sus,Neutral
Seoul,2,1,ROYAL FAMILY,idl.global,1:31:00,@toshq_q,mid,Negative
Seoul,2,1,ROYAL FAMILY,idl.global,1:31:01,@UwU-on8kq,ouhhhh,Positive
Seoul,2,1,ROYAL FAMILY,idl.global,1:31:05,@DJJD17,:crown::yellow_heart:Royal Family:yellow_heart::crown:,Neutral
Seoul,2,1,ROYAL FAMILY,idl.global,1:31:06,@UwU-on8kq,woahhh,Positive
Seoul,2,1,ROYAL FAMILY,idl.global,1:31:06,@jjjjjjjoshu,AAAAYYYYYYY,Positive
Seoul,2,1,ROYAL FAMILY,idl.global,1:31:08,@Andrea-cg3yx,done na yung brotherhood?,Neutral
Seoul,2,1,ROYAL FAMILY,idl.global,1:31:10,@vahnyk,crowd is asss,Negative
Seoul,2,1,ROYAL FAMILY,idl.global,1:31:10,@seowonschiaseed,manahimik kamanahimik ka,Negative
Seoul,2,1,ROYAL FAMILY,idl.global,1:31:11,@jjjjjjjoshu,OKAYYYYY,Positive
Seoul,2,1,ROYAL FAMILY,idl.global,1:31:12,@Nxeiltheeel,AYYYY,Positive
Seoul,2,1,ROYAL FAMILY,idl.global,1:31:13,@NoahEvangelista-123,ooooh payag kayo dyan brotherhood,Negative
Seoul,2,1,ROYAL FAMILY,idl.global,1:31:14,@double_roses,HELLLLL YEAHHHHHHHHHHHH,Positive
Seoul,2,1,ROYAL FAMILY,idl.global,1:31:15,@scottsellote7510,ADDSSSS,Positive
Seoul,2,1,ROYAL FAMILY,idl.global,1:31:15,@babymine5482,:face_with_rolling_eyes::face_with_rolling_eyes:,Neutral
Seoul,2,1,ROYAL FAMILY,idl.global,1:31:15,@yofanboiii,:crown::crown::crown::crown::crown::crown::crown::crown:,Positive
Seoul,2,1,ROYAL FAMILY,idl.global,1:31:16,@akaili1088,see the stream doesnt lag,Neutral
Seoul,2,1,ROYAL FAMILY,idl.global,1:31:17,@seowonschiaseed,letss goo,Positive
Seoul,2,1,ROYAL FAMILY,idl.global,1:31:17,@whois_kenz,ay,Neutral
Seoul,2,1,ROYAL FAMILY,idl.global,1:31:19,@DJJD17,isla!,Positive
Seoul,2,1,ROYAL FAMILY,idl.global,1:31:22,@roselynronquillo853,they feel so new and freshh!!,Positive
Seoul,2,1,ROYAL FAMILY,idl.global,1:31:23,@Alina_stgt0711,AYYYEEEE,Positive
Seoul,2,1,ROYAL FAMILY,idl.global,1:31:24,@ken-l1p8u,oh shii,Positive
Seoul,2,1,ROYAL FAMILY,idl.global,1:31:25,@kite4804,that was sick,Negative
Seoul,2,1,ROYAL FAMILY,idl.global,1:31:26,@AnaPopescu-x1y,all these groups atee,Positive
Seoul,2,1,ROYAL FAMILY,idl.global,1:31:26,@akaili1088,"it doesnt lag, its not rigged!",Neutral
Seoul,2,1,ROYAL FAMILY,idl.global,1:31:27,@loraileys,GET ITTTT,Positive
Seoul,2,1,ROYAL FAMILY,idl.global,1:31:29,@bea-ok3pl,NOT THE FUNK LMAO,Negative
Seoul,2,1,ROYAL FAMILY,idl.global,1:31:29,@F3ATH3RH3ATH3R,First performance in second round,Neutral
Seoul,2,1,ROYAL FAMILY,idl.global,1:31:29,@jjjjjjjoshu,i love it Idccc,Positive
Seoul,2,1,ROYAL FAMILY,idl.global,1:31:32,@yofanboiii,:crown::crown::crown::crown::crown::crown:,Positive
Seoul,2,1,ROYAL FAMILY,idl.global,1:31:32,@EllaThink,o damn,Positive
Seoul,2,1,ROYAL FAMILY,idl.global,1:31:33,@Maggie_Yang,omggg,Positive
Seoul,2,1,ROYAL FAMILY,idl.global,1:31:33,@cenamoncenamobuns,rf improved!!!,Positive
Seoul,2,1,ROYAL FAMILY,idl.global,1:31:36,@DJJD17,:crown::yellow_heart:Royal Family:yellow_heart::crown:,Neutral
Seoul,2,1,ROYAL FAMILY,idl.global,1:31:37,@miyowww,the camera aint it,Negative
Seoul,2,1,ROYAL FAMILY,idl.global,1:31:38,@yowzzz05,DEYM RFFFF,Positive
Seoul,2,1,ROYAL FAMILY,idl.global,1:31:38,@harrybui1264,Whatttt,Neutral
Seoul,2,1,ROYAL FAMILY,idl.global,1:31:39,@UwU-on8kq,WOAHHH,Positive
Seoul,2,1,ROYAL FAMILY,idl.global,1:31:39,@akaili1088,its not rigged it doesnt lag!,Neutral
Seoul,2,1,ROYAL FAMILY,idl.global,1:31:40,@PrincessGonzalez-f5t,YOOOO,Positive
Seoul,2,1,ROYAL FAMILY,idl.global,1:31:40,@ellieanagnostou7545,gooo brhd,Positive
Seoul,2,1,ROYAL FAMILY,idl.global,1:31:41,@double_roses,YEAHHHHHH,Positive
Seoul,2,1,ROYAL FAMILY,idl.global,1:31:42,@roslyn74,not the anaconda,Negative
Seoul,2,1,ROYAL FAMILY,idl.global,1:31:43,@yukaaa3212,classic jams,Positive
Seoul,2,1,ROYAL FAMILY,idl.global,1:31:43,@RubyCrystal-u1y,ohhh,Neutral
Seoul,2,1,ROYAL FAMILY,idl.global,1:31:44,@Bubble_soup,damnnnnnnnnnn,Positive
Seoul,2,1,ROYAL FAMILY,idl.global,1:31:44,@DJJD17,omggggggg,Positive
Seoul,2,1,ROYAL FAMILY,idl.global,1:31:44,@roselynronquillo853,love their setss!!,Positive
Seoul,2,1,ROYAL FAMILY,idl.global,1:31:48,@jjjjjjjoshu,OKAYYYYY LOVEEEEEEEEE,Positive
Seoul,2,1,ROYAL FAMILY,idl.global,1:31:48,@malennamae,Fiiiiiire,Positive
Seoul,2,1,ROYAL FAMILY,idl.global,1:31:48,@kite4804,OH SHIT,Positive
Seoul,2,1,ROYAL FAMILY,idl.global,1:31:48,@Hannah___,I think RF’s found 1 was stronger,Negative
Seoul,2,1,ROYAL FAMILY,idl.global,1:31:49,@harrybui1264,This is greatttt,Positive
Seoul,2,1,ROYAL FAMILY,idl.global,1:31:53,@z0rr.15,Boring,Negative
Seoul,2,1,ROYAL FAMILY,idl.global,1:31:53,@kunsyaman,AHHHHHH FIREE,Positive
Seoul,2,1,ROYAL FAMILY,idl.global,1:31:54,@playingwithoutcredit,wth is this lighting its so dark,Negative
Seoul,2,1,ROYAL FAMILY,idl.global,1:31:54,@vahnyk,damn they are strong,Positive
Seoul,2,1,ROYAL FAMILY,idl.global,1:31:54,@aniishahahaha,DAYUUUMMMM,Positive
Seoul,2,1,ROYAL FAMILY,idl.global,1:31:55,@Maggie_Yang,its shaking lmao,Negative
Seoul,2,1,ROYAL FAMILY,idl.global,1:31:55,@RubyCrystal-u1y,sickkkkk,Negative
Seoul,2,1,ROYAL FAMILY,idl.global,1:31:55,@EllaThink,oohhh,Positive
Seoul,2,1,ROYAL FAMILY,idl.global,1:31:57,@ellieanagnostou7545,goo brhd,Neutral
Seoul,2,1,ROYAL FAMILY,idl.global,1:31:58,@ifskate420,OMG',Positive
Seoul,2,1,ROYAL FAMILY,idl.global,1:31:58,@kunsyaman,YESSSSSS,Positive
Seoul,2,1,ROYAL FAMILY,idl.global,1:31:58,@kevinbriang.garcia6398,WOWWWWWWW,Positive
Seoul,2,1,ROYAL FAMILY,idl.global,1:31:59,@jbongco,Not the maga Minaj,Negative
Seoul,2,1,ROYAL FAMILY,idl.global,1:31:59,@RubyCrystal-u1y,ahhh,Positive
Seoul,2,1,ROYAL FAMILY,idl.global,1:32:03,@Yuhzh25,NOW THATS SOME REALL WAACKIJGNGNGNGG,Positive
Seoul,2,1,ROYAL FAMILY,idl.global,1:32:03,@roselynronquillo853,LEZZGOWW,Positive
Seoul,2,1,ROYAL FAMILY,idl.global,1:32:07,@HoshiOkiro,HOLLY THEY ATEEE,Positive
Seoul,2,1,ROYAL FAMILY,idl.global,1:32:08,@---wy8zq,NICKIIII,Positive
Seoul,2,1,ROYAL FAMILY,idl.global,1:32:09,@æ-ditt,RF LAPPYLAPSE,Neutral
Seoul,2,1,ROYAL FAMILY,idl.global,1:32:10,@RubyCrystal-u1y,ana---,Neutral
Seoul,2,1,ROYAL FAMILY,idl.global,1:32:10,@playingwithoutcredit,DAMN,Positive
Seoul,2,1,ROYAL FAMILY,idl.global,1:32:10,@yukaaa3212,OH MY GOD,Positive
Seoul,2,1,ROYAL FAMILY,idl.global,1:32:11,@jbongco,Not the maga Minaj,Negative
Seoul,2,1,ROYAL FAMILY,idl.global,1:32:12,@bea-ok3pl,nicki in 2026 is definitely a choice..,Positive
Seoul,2,1,ROYAL FAMILY,idl.global,1:32:13,@adrianpaulyadao6190,damn,Positive
Seoul,2,1,ROYAL FAMILY,idl.global,1:32:14,@UwU-on8kq,WOAH,Positive
Seoul,2,1,ROYAL FAMILY,idl.global,1:32:14,@aldrinvibar3215,boringgg,Negative
Seoul,2,1,BROTHERHOOD,idl.global,1:33:20,@GawonLee0427,케데헌 에바....,Negative
Seoul,2,1,BROTHERHOOD,idl.global,1:33:20,@kenjifd,DAMNNN HAHAHAHAHAHAHAHAH,Positive
Seoul,2,1,BROTHERHOOD,idl.global,1:33:21,@edhrinedavebutileng687,I can smell already a sabotage,Negative
Seoul,2,1,BROTHERHOOD,idl.global,1:33:21,@ZylixMeta,they won't,Negative
Seoul,2,1,BROTHERHOOD,idl.global,1:33:21,@Maggie_Yang,plz be good,Positive
Seoul,2,1,BROTHERHOOD,idl.global,1:33:21,@hshszzi,lag yarn,Negative
Seoul,2,1,BROTHERHOOD,idl.global,1:33:22,@ellieanagnostou7545,GOOOOO BROTHERHOODD,Neutral
Seoul,2,1,BROTHERHOOD,idl.global,1:33:22,@yofanboiii,:crown::crown::crown::crown::crown:,Positive
Seoul,2,1,BROTHERHOOD,idl.global,1:33:22,@ifskate420,OMGG,Positive
Seoul,2,1,BROTHERHOOD,idl.global,1:33:22,@double_roses,BROTHERHOODDDD,Neutral
Seoul,2,1,BROTHERHOOD,idl.global,1:33:22,@random-person23,one of my fav sets so far,Positive
Seoul,2,1,BROTHERHOOD,idl.global,1:33:22,@ecas-k2h,I think I liked what rf did for r1 better,Negative
Seoul,2,1,BROTHERHOOD,idl.global,1:33:22,@bea-ok3pl,PLEASE DO BETTER THAN ROUND 1,Neutral
Seoul,2,1,BROTHERHOOD,idl.global,1:33:22,@CANAAN-x,LMAOOO,Neutral
Seoul,2,1,BROTHERHOOD,idl.global,1:33:22,@Andrea-cg3yx,YOOOOO,Positive
Seoul,2,1,BROTHERHOOD,idl.global,1:33:22,@SBH-25,Sodaaa poppppp,Positive
Seoul,2,1,BROTHERHOOD,idl.global,1:33:22,@ShaneMilo,lmaoo,Neutral
Seoul,2,1,BROTHERHOOD,idl.global,1:33:23,@krystlcrm,SAJAHOOD LOOKIN AHHH,Positive
Seoul,2,1,BROTHERHOOD,idl.global,1:33:23,@MariaLourdesSanoSolano,they are well prepared for this,Negative
Seoul,2,1,BROTHERHOOD,idl.global,1:33:23,@rayrey0-1,Lol saja boys,Neutral
Seoul,2,1,BROTHERHOOD,idl.global,1:33:23,@Mxkoelle,SOJA BOYSSSS?,Positive
Seoul,2,1,BROTHERHOOD,idl.global,1:33:23,@tobioweb5500,YESSSSS,Positive
Seoul,2,1,BROTHERHOOD,idl.global,1:33:23,@hectorthesheep,i jinxed tsssssss,Negative
Seoul,2,1,BROTHERHOOD,idl.global,1:33:23,@Remmmmm6,soda pop yarn,Positive
Seoul,2,1,BROTHERHOOD,idl.global,1:33:24,@vmese,I knew they chilled in the first round wtf,Negative
Seoul,2,1,BROTHERHOOD,idl.global,1:33:24,@RubyCrystal-u1y,ohhhh!!!!,Positive
Seoul,2,1,BROTHERHOOD,idl.global,1:33:24,@dollie3488,GOGOGOGO BROTHERHOOD,Positive
Seoul,2,1,BROTHERHOOD,idl.global,1:33:24,@scarystoryandvideos,HAHAHAH SAJA BOYS,Positive
Seoul,2,1,BROTHERHOOD,idl.global,1:33:24,@Jwhops,LALA NG KOREAAAA,Positive
Seoul,2,1,BROTHERHOOD,idl.global,1:33:24,@Helyum3,OMG,Positive
Seoul,2,1,BROTHERHOOD,idl.global,1:33:24,@mikmikn4tion,GALINGG,Positive
Seoul,2,1,BROTHERHOOD,idl.global,1:33:25,@shelleybutler-tx5hn,LETS GIOOOOO,Positive
Seoul,2,1,BROTHERHOOD,idl.global,1:33:25,@roselynronquillo853,ITZ LAGGING WTH,Negative
Seoul,2,1,BROTHERHOOD,idl.global,1:33:25,@Yuedrgn,MY SOUL IS YOURS,Positive
Seoul,2,1,BROTHERHOOD,idl.global,1:33:25,@ninojamessuson2553,soda pop?,Neutral
Seoul,2,1,BROTHERHOOD,idl.global,1:33:26,@karlmarx1st,they better win licensing now lmfao,Positive
Seoul,2,1,BROTHERHOOD,idl.global,1:33:26,@MikaHenwood,KPOP DEMON HUNTERS!!!!! What the,Negative
Seoul,2,1,BROTHERHOOD,idl.global,1:33:26,@Cyzz_cycy,갓을 쓰고나왔다니 ㅋ,Positive
Seoul,2,1,BROTHERHOOD,idl.global,1:33:26,@hroyhn,LETS GOOOOOO,Positive
Seoul,2,1,BROTHERHOOD,idl.global,1:33:26,@ellieanagnostou7545,GOOOOO BROTHERHOODD,Neutral
Seoul,2,1,BROTHERHOOD,idl.global,1:33:27,@AnaPopescu-x1y,WTFF,Neutral
Seoul,2,1,BROTHERHOOD,idl.global,1:33:27,@xmhstars,tiktok stream ended wtf,Negative
Seoul,2,1,BROTHERHOOD,idl.global,1:33:27,@tobioweb5500,LETS GOOOOOOOOOO,Positive
Seoul,2,1,BROTHERHOOD,idl.global,1:33:27,@pieceofdoe,:face-pink-tears::hand-orange-covering-eyes::hand-orange-covering-eyes::hand-orange-covering-eyes::hand-orange-covering-eyes::hand-orange-covering-eyes:,Neutral
Seoul,2,1,BROTHERHOOD,idl.global,1:33:28,@MJH977,LETS GOO SAJAHOOD,Positive
Seoul,2,1,BROTHERHOOD,idl.global,1:33:29,@Cyzz_cycy,오,Positive
Seoul,2,1,BROTHERHOOD,idl.global,1:33:29,@loraileys,oh they taking it,Neutral
Seoul,2,1,BROTHERHOOD,idl.global,1:33:29,@DenverNavarro-r9u,LETSGGGGGG,Positive
Seoul,2,1,BROTHERHOOD,idl.global,1:33:29,@F3ATH3RH3ATH3R,Sana Boys LOL,Neutral
Seoul,2,1,BROTHERHOOD,idl.global,1:33:30,@minimeal9353,SAJAHOOD LETS GOOO,Positive
Seoul,2,1,BROTHERHOOD,idl.global,1:33:30,@notkat_vlogs,NOOO PLS NO KDH SONG,Negative
Seoul,2,1,BROTHERHOOD,idl.global,1:33:30,@vahnyk,LESGOOOO,Positive
Seoul,2,1,BROTHERHOOD,idl.global,1:33:30,@Kayabread,Kpop demon hunters?!,Neutral
Seoul,2,1,BROTHERHOOD,idl.global,1:33:30,@itsxonify,SAJAHOOD,Neutral
Seoul,2,1,BROTHERHOOD,idl.global,1:33:30,@ifskate420,BROTHERHOOD,Neutral
Seoul,2,1,BROTHERHOOD,idl.global,1:33:30,@0range_bl0ss0m7,SAJA BOYS HAHAHAHA,Positive
Seoul,2,1,BROTHERHOOD,idl.global,1:33:31,@KeiSumiyoshi,WHATTTTTTTTTTTTTTTT,Positive
Seoul,2,1,BROTHERHOOD,idl.global,1:33:31,@tobioweb5500,MY GOATS,Positive
Seoul,2,1,BROTHERHOOD,idl.global,1:33:31,@luciafurdui6218,knew they finna do sth with kpop,Negative
Seoul,2,1,BROTHERHOOD,idl.global,1:33:31,@diannelee4736,HAHAHAHHAHAHAHA THEY DISSING THE KOREA,Neutral
Seoul,2,1,BROTHERHOOD,idl.global,1:33:31,@edhrinedavebutileng687,I can smell sabotage,Negative
Seoul,2,1,BROTHERHOOD,idl.global,1:33:31,@DJJD17,wow!!!!,Positive
Seoul,2,1,BROTHERHOOD,idl.global,1:33:31,@sentsent7246,BROTHERHOOD REALLY RESEARCHES THE CROWD,Neutral
Seoul,2,1,BROTHERHOOD,idl.global,1:33:32,@jettyjungz,IDOL,Neutral
Seoul,2,1,BROTHERHOOD,idl.global,1:33:32,@iamkayj,i know that not the saja boys LMFAOOOO,Neutral
Seoul,2,1,BROTHERHOOD,idl.global,1:33:32,@melissalin1713,NO FREAKING WAY,Negative
Seoul,2,1,BROTHERHOOD,idl.global,1:33:32,@lustbugs,they ended the tiktok live wtf,Negative
Seoul,2,1,BROTHERHOOD,idl.global,1:33:33,@KaeJiratchaya,W BROTHERHOOD,Neutral
Seoul,2,1,BROTHERHOOD,idl.global,1:33:33,@ellieanagnostou7545,OH MYYYYY,Positive
Seoul,2,1,BROTHERHOOD,idl.global,1:33:34,@Juan1532,NAHHHHH K POP DEMON HUNTERS,Neutral
Seoul,2,1,BROTHERHOOD,idl.global,1:33:34,@oratricemechaniquedeanalyse,SAJA-HOOD!!!!!,Positive
Seoul,2,1,BROTHERHOOD,idl.global,1:33:34,@rizalino808,YOUR IDOL?,Neutral
Seoul,2,1,BROTHERHOOD,idl.global,1:33:35,@akaili1088,it isnt lagging for me,Negative
Seoul,2,1,BROTHERHOOD,idl.global,1:33:35,@Karlzrkx,putanging ads,Negative
Seoul,2,1,BROTHERHOOD,idl.global,1:33:35,@kunsyaman,ANNYEONGHASEYO,Positive
Seoul,2,1,BROTHERHOOD,idl.global,1:33:35,@leviaiki9168,LMAOOOOOOOOOOOOOOO,Neutral
Seoul,2,1,BROTHERHOOD,idl.global,1:33:35,@Logan-r8n8h,OH SHIIIITIGIGIG,Positive
Seoul,2,1,BROTHERHOOD,idl.global,1:33:36,@joshuapilapil9805,soda pop,Neutral
Seoul,2,1,BROTHERHOOD,idl.global,1:33:36,@roselynronquillo853,THIS BETTER BE GOODDD,Positive
Seoul,2,1,BROTHERHOOD,idl.global,1:33:36,@numberonericelover,CLEANN,Neutral
Seoul,2,1,BROTHERHOOD,idl.global,1:33:37,@Red-po6dl,soda pop incoming?,Neutral
Seoul,2,1,BROTHERHOOD,idl.global,1:33:37,@ellieanagnostou7545,GOOOOO BROTHERHOODD,Neutral
Seoul,2,1,BROTHERHOOD,idl.global,1:33:37,@oma1036,unfortunately tuff,Negative
Seoul,2,1,BROTHERHOOD,idl.global,1:33:37,@DawnZBLL,NAAAAAAA,Negative
Seoul,2,1,BROTHERHOOD,idl.global,1:33:39,@toshq_q,WOOOOAHHH,Positive
Seoul,2,1,BROTHERHOOD,idl.global,1:33:39,@vahnyk,EYYY,Positive
Seoul,2,1,BROTHERHOOD,idl.global,1:33:39,@nishimurr0,LOL,Neutral
Seoul,2,1,BROTHERHOOD,idl.global,1:33:39,@valak-n6t,the tiktok live ended bruh,Negative
Seoul,2,1,BROTHERHOOD,idl.global,1:33:39,@usadarushia9657,ts some saja boys bru,Negative
Seoul,2,1,BROTHERHOOD,idl.global,1:33:40,@mutyayumang872,WTTTFFFF NOO WAYYY,Neutral
Seoul,2,1,BROTHERHOOD,idl.global,1:33:40,@ellieanagnostou7545,GOOOOO BROTHERHOODD,Neutral
Seoul,2,1,BROTHERHOOD,idl.global,1:33:40,@Rhinnoeee,Let's gooooo!!!!!,Positive
Seoul,2,1,BROTHERHOOD,idl.global,1:33:40,@Logan-r8n8h,Yooooooo,Positive
Seoul,2,1,BROTHERHOOD,idl.global,1:33:40,@nishimurr0,HAHAHA,Neutral
Seoul,2,1,BROTHERHOOD,idl.global,1:33:40,@davemelano9631,kinjaz???,Neutral
Seoul,2,1,BROTHERHOOD,idl.global,1:33:40,@MrDuke-o5u,YOUR IDOL?,Neutral
Seoul,2,1,BROTHERHOOD,idl.global,1:33:40,@CherieThu,"omg, their hatsssss",Positive
Seoul,2,1,BROTHERHOOD,idl.global,1:33:40,@hyunjinswife2248,SAJA BOYS haha,Positive
Seoul,2,1,BROTHERHOOD,idl.global,1:33:40,@roslyn74,TAKEDOWN?,Neutral
Seoul,2,1,BROTHERHOOD,idl.global,1:33:41,@jettyjungz,YOUR IDOL?????,Neutral
Seoul,2,1,BROTHERHOOD,idl.global,1:33:41,@samanthabenusa9399,SAJA BOYS???!!!!,Positive
Seoul,2,1,BROTHERHOOD,idl.global,1:33:41,@Kayabread,Ya bruh tt stream ended,Neutral
Seoul,2,1,BROTHERHOOD,idl.global,1:33:41,@Christinaa2300,FKKKN TWITXH,Negative
Seoul,2,1,BROTHERHOOD,idl.global,1:33:41,@kunsyaman,WHAT THE HELL LMFAOOOOO,Negative
Seoul,2,1,BROTHERHOOD,idl.global,1:33:41,@yanaaa7905,LETS GOOO,Positive
Seoul,2,1,BROTHERHOOD,idl.global,1:33:41,@arh1d3a,NO WAYY,Positive
Seoul,2,1,BROTHERHOOD,idl.global,1:33:41,@numberonericelover,OH SHITTT,Positive
Seoul,2,1,BROTHERHOOD,idl.global,1:33:42,@medic_dubs,HELLO OPENING???,Neutral
Seoul,2,1,BROTHERHOOD,idl.global,1:33:42,@MJH977,LETS GOOO SAJAHOOD,Positive
Seoul,2,1,BROTHERHOOD,idl.global,1:33:42,@toshq_q,WTF,Neutral
Seoul,2,1,BROTHERHOOD,idl.global,1:33:43,@Andrea-cg3yx,LAMIONNNNNNN,Positive
Seoul,2,1,BROTHERHOOD,idl.global,1:33:43,@jacobmc05,HOLY,Positive
Seoul,2,1,BROTHERHOOD,idl.global,1:33:43,@takeyyshi,dang,Positive
Seoul,2,1,BROTHERHOOD,idl.global,1:33:43,@Seijiiiii_0,Saja boys,Positive
Seoul,2,1,BROTHERHOOD,idl.global,1:33:44,@claveriapauliversono.494,DISSING THE COUNTRY OMG,Positive
Seoul,2,1,BROTHERHOOD,idl.global,1:33:44,@RubyCrystal-u1y,ohmygoshhh,Positive
Seoul,2,1,BROTHERHOOD,idl.global,1:33:44,@iijxyce,NO WAYYYY HUNTRIX,Positive
Seoul,2,1,BROTHERHOOD,idl.global,1:33:45,@notkat_vlogs,BROOOO,Positive
Seoul,2,1,BROTHERHOOD,idl.global,1:33:46,@DNCharLeys,YOOOOOOOOOOOOOOOOOOOO,Positive
Seoul,2,1,BROTHERHOOD,idl.global,1:33:46,@yukaaa3212,AHHHH,Positive
Seoul,2,1,BROTHERHOOD,idl.global,1:33:46,@Yuxinsrj,NO WAYYYYYYYY,Positive
Seoul,2,1,BROTHERHOOD,idl.global,1:33:46,@leviaiki9168,LMAOOOO,Neutral
Seoul,2,1,BROTHERHOOD,idl.global,1:33:47,@melissalin1713,IT'S YOUR IDOL,Neutral
Seoul,2,1,BROTHERHOOD,idl.global,1:33:47,@agustu_iosifdivinagracia_d7220,OMGGGG,Positive
Seoul,2,1,BROTHERHOOD,idl.global,1:33:47,@Logan-r8n8h,Yoooyoyoyoyoyoyoyoyoyoyoy,Positive
Seoul,2,1,BROTHERHOOD,idl.global,1:33:47,@toshq_q,WYF,Neutral
Seoul,2,1,BROTHERHOOD,idl.global,1:33:47,@rizalino808,TAKEDOWN,Neutral
Seoul,2,1,BROTHERHOOD,idl.global,1:33:48,@playingwithoutcredit,DAMN WHAT,Positive
Seoul,2,1,BROTHERHOOD,idl.global,1:33:49,@joshuapilapil9805,OMGGGGG,Positive
Seoul,2,1,BROTHERHOOD,idl.global,1:33:49,@agustu_iosifdivinagracia_d7220,TAKE DOWNNNNNN,Positive
Seoul,2,1,BROTHERHOOD,idl.global,1:33:49,@naeniaa,NAOAOOOO,Negative
Seoul,2,1,BROTHERHOOD,idl.global,1:33:49,@kunsyaman,LMFAOOOOOOO,Positive
Seoul,2,1,BROTHERHOOD,idl.global,1:33:49,@itsxonify,SAJAHOOD SAJAHOOD SAJAHOOD,Neutral
Seoul,2,1,BROTHERHOOD,idl.global,1:33:49,@roslyn74,oh they ARE TAKING THUS,Positive
Seoul,2,1,BROTHERHOOD,idl.global,1:33:50,@kevinbriang.garcia6398,WHAATTTTTT,Positive
Seoul,2,1,BROTHERHOOD,idl.global,1:33:50,@toshq_q,NO WAYYY,Positive
Seoul,2,1,BROTHERHOOD,idl.global,1:33:50,@cenamoncenamobuns,Look at my dancers dawggggg,Positive
Seoul,2,1,BROTHERHOOD,idl.global,1:33:50,@agustu_iosifdivinagracia_d7220,OMGGGGGGGGGG,Positive
Seoul,2,1,BROTHERHOOD,idl.global,1:33:51,@nishimurr0,THEY WERE SAVING THE GOOD ONE FOR ROUND 2,Positive
Seoul,2,1,BROTHERHOOD,idl.global,1:33:51,@MrDuke-o5u,YESSS,Positive
Seoul,2,1,BROTHERHOOD,idl.global,1:33:51,@LivingInElysium,yaaaaaaaaaas,Positive
Seoul,2,1,BROTHERHOOD,idl.global,1:33:51,@naeniaa,WAAATAYYYYYYYYY,Positive
Seoul,2,1,BROTHERHOOD,idl.global,1:33:51,@angelodelmundoesleigue9338,LFFG !!!,Positive
Seoul,2,1,BROTHERHOOD,idl.global,1:33:52,@hroyhn,AYEEE,Positive
Seoul,2,1,BROTHERHOOD,idl.global,1:33:52,@joOhners,AYOOOOOOOOOOOOOOOOOOOO!,Positive
Seoul,2,1,BROTHERHOOD,idl.global,1:33:52,@mariyasaphirabugna2389,SAJA BOYS YARNN,Positive
Seoul,2,1,BROTHERHOOD,idl.global,1:33:52,@agustu_iosifdivinagracia_d7220,OWOOHAHHH,Positive
Seoul,2,1,BROTHERHOOD,idl.global,1:33:52,@0range_bl0ss0m7,JAJAHAHAHA,Neutral
Seoul,2,1,BROTHERHOOD,idl.global,1:33:52,@DarrenMartin-xz4ry,wuuuttt,Positive
Seoul,2,1,BROTHERHOOD,idl.global,1:33:52,@notkat_vlogs,LAGGGGG,Neutral
Seoul,2,1,BROTHERHOOD,idl.global,1:33:53,@nishimurr0,LOL,Neutral
Seoul,2,1,BROTHERHOOD,idl.global,1:33:53,@agustu_iosifdivinagracia_d7220,DAS,Positive
Seoul,2,1,BROTHERHOOD,idl.global,1:33:53,@mutyayumang872,DANNNNNGGGG,Positive
Seoul,2,1,BROTHERHOOD,idl.global,1:33:54,@agustu_iosifdivinagracia_d7220,H,Neutral
Seoul,2,1,BROTHERHOOD,idl.global,1:33:54,@EllaThink,DAMNNNN,Positive
Seoul,2,1,BROTHERHOOD,idl.global,1:33:54,@vahnyk,EYWWWWWW,Positive
Seoul,2,1,BROTHERHOOD,idl.global,1:33:55,@xen_mm,LMAO WHAT,Neutral
Seoul,2,1,BROTHERHOOD,idl.global,1:33:55,@Kayabread,YOOOOO,Positive
Seoul,2,1,BROTHERHOOD,idl.global,1:33:55,@playingwithoutcredit,DAYTON,Neutral
Seoul,2,1,BROTHERHOOD,idl.global,1:33:55,@ellieanagnostou7545,GOOOOO BROTHERHOODD,Neutral
Seoul,2,1,BROTHERHOOD,idl.global,1:33:56,@beanliee,HOOOO,Positive
Seoul,2,1,BROTHERHOOD,idl.global,1:33:56,@helmihisham9682,DAMN,Positive
Seoul,2,1,BROTHERHOOD,idl.global,1:33:56,@patriciadesquitado871,Tag-an ko pa,Negative
Seoul,2,1,BROTHERHOOD,idl.global,1:33:56,@arh1d3a,DAYTON ATEEEEEEEE,Positive
Seoul,2,1,BROTHERHOOD,idl.global,1:33:56,@RubyCrystal-u1y,ohhh!!!!,Positive
Seoul,2,1,BROTHERHOOD,idl.global,1:33:57,@shelleybutler-tx5hn,YOOOOO,Positive
Seoul,2,1,BROTHERHOOD,idl.global,1:33:57,@oratricemechaniquedeanalyse,LET'S FREAKING GOOOOOOOO,Positive
Seoul,2,1,BROTHERHOOD,idl.global,1:33:57,@---wy8zq,AGAIN???,Neutral
Seoul,2,1,BROTHERHOOD,idl.global,1:33:57,@roselynronquillo853,WAHAHAHAHAAHAHAHA,Neutral
Seoul,2,1,BROTHERHOOD,idl.global,1:33:57,@melissalin1713,OH MY GOD,Positive
Seoul,2,1,BROTHERHOOD,idl.global,1:33:58,@rionvert,WHATTT,Neutral
Seoul,2,1,BROTHERHOOD,idl.global,1:33:58,@leviaiki9168,LMAOOOO,Neutral
Seoul,2,1,BROTHERHOOD,idl.global,1:33:58,@veronica-yw2vo,LINIS GAGO,Positive
Seoul,2,1,BROTHERHOOD,idl.global,1:33:58,@ellieanagnostou7545,GOOOOO BROTHERHOODD,Neutral
Seoul,2,1,BROTHERHOOD,idl.global,1:33:58,@academicsfirst,ANHAHAHAAAAHHAHAH AYUN KPDH,Neutral
Seoul,2,1,BROTHERHOOD,idl.global,1:33:58,@Riza-r1v,oiiiii,Positive
Seoul,2,1,BROTHERHOOD,idl.global,1:33:58,@agustu_iosifdivinagracia_d7220,TAKE DOWNNNNNNN OMGGG,Positive
Seoul,2,1,BROTHERHOOD,idl.global,1:33:58,@loraileys,MYYYYYYY,Positive
Seoul,2,1,BROTHERHOOD,idl.global,1:34:01,@kenjifd,HOLYYYYY FUCKKKK BROOOOO :loudly_crying_face::loudly_crying_face::loudly_crying_face::fire::fire::fire::fire::fire:,Positive
Seoul,2,1,BROTHERHOOD,idl.global,1:34:02,@takeyyshi,OH-,Neutral
Seoul,2,1,BROTHERHOOD,idl.global,1:34:02,@bbasshs,AYOOOOO WTH,Neutral
Seoul,2,1,BROTHERHOOD,idl.global,1:34:02,@slayonika,woahhh,Positive
Seoul,2,1,BROTHERHOOD,idl.global,1:34:02,@ellieanagnostou7545,WOWIWIWOWI,Positive
Seoul,2,1,BROTHERHOOD,idl.global,1:34:02,@Alina_stgt0711,WOW,Positive
Seoul,2,1,BROTHERHOOD,idl.global,1:34:03,@kenramping,OMG ATEEEEE,Positive
Seoul,2,1,BROTHERHOOD,idl.global,1:34:03,@JavenSanchez-f2z,Wala naaaaaa?!!!!!!!!,Negative
Seoul,2,1,BROTHERHOOD,idl.global,1:34:03,@guuuu7j7654,OMGGGGG,Positive
Seoul,2,1,BROTHERHOOD,idl.global,1:34:04,@F3ATH3RH3ATH3R,TAKEDOWN YOOO,Positive
Seoul,2,1,BROTHERHOOD,idl.global,1:34:04,@Karlzrkx,DAMNNNN,Positive
Seoul,2,1,BROTHERHOOD,idl.global,1:34:04,@JungWonsDimple-r2z,ATE,Positive
Seoul,2,1,BROTHERHOOD,idl.global,1:34:04,@crsn.j,DAMNNNN,Positive
Seoul,2,1,BROTHERHOOD,idl.global,1:34:05,@ellieanagnostou7545,GOOOOO BROTHERHOODD,Neutral
Seoul,2,1,BROTHERHOOD,idl.global,1:34:05,@jaysonrubia6918,Sheyttttt,Positive
Seoul,2,1,BROTHERHOOD,idl.global,1:34:06,@Amberrr_.,OMAAAYYY,Positive
Seoul,2,1,BROTHERHOOD,idl.global,1:34:06,@RocoNic,DAYTONNN,Neutral
Seoul,2,1,BROTHERHOOD,idl.global,1:34:06,@kttryx,OKGGGGG,Positive
Seoul,2,1,BROTHERHOOD,idl.global,1:34:07,@vulcanifilio,OOOOOOH,Positive
Seoul,2,1,BROTHERHOOD,idl.global,1:34:07,@Riza-r1v,SLAYED SO HARD,Positive
Seoul,2,1,BROTHERHOOD,idl.global,1:34:08,@sooour_a,halaa omg,Positive
Seoul,2,1,BROTHERHOOD,idl.global,1:34:08,@alanaxd1974,AAAAAA,Positive
Seoul,2,1,BROTHERHOOD,idl.global,1:34:10,@yanaaa7,SRSLY KPDH,Neutral
Seoul,2,1,BROTHERHOOD,idl.global,1:34:10,@UwU-on8kq,WOAHHHH,Positive
Seoul,2,1,BROTHERHOOD,idl.global,1:34:10,@kenjifd,THIS FIREEEEE :loudly_crying_face::loudly_crying_face::loudly_crying_face::loudly_crying_face:,Positive
Seoul,2,1,BROTHERHOOD,idl.global,1:34:10,@roselynronquillo853,ATEEE,Positive
Seoul,2,1,BROTHERHOOD,idl.global,1:34:11,@yancylaraine1791,ANG SARAPPPPP,Positive
Seoul,2,1,BROTHERHOOD,idl.global,1:34:11,@ken-l1p8u,song choice is eh,Negative
Seoul,2,1,BROTHERHOOD,idl.global,1:34:12,@F3ATH3RH3ATH3R,LET'S GO,Positive
Seoul,2,1,BROTHERHOOD,idl.global,1:34:12,@kunsyaman,LMFAOOOOOO NOT KPDH,Negative
Seoul,2,1,BROTHERHOOD,idl.global,1:34:12,@takeyyshi,damnn,Positive
Seoul,2,1,BROTHERHOOD,idl.global,1:34:12,@medic_dubs,Energy BH takes it,Neutral
Seoul,2,1,BROTHERHOOD,idl.global,1:34:13,@RYO-6767,YOOOOOOOO,Positive
Seoul,2,1,BROTHERHOOD,idl.global,1:34:14,@MrManglu,ITS SCREAMING KINJAZ,Positive
Seoul,2,1,BROTHERHOOD,idl.global,1:34:14,@playingwithoutcredit,WOAH,Positive
Seoul,2,1,BROTHERHOOD,idl.global,1:34:15,@Christinaa2300,HOLYUU,Positive
Seoul,2,1,BROTHERHOOD,idl.global,1:34:16,@klayshana,omg Saja Boys :red_heart:,Positive
Seoul,2,1,BROTHERHOOD,idl.global,1:34:16,@ellieanagnostou7545,GOOOOO BROTHERHOODD,Neutral
Seoul,2,1,BROTHERHOOD,idl.global,1:34:16,@kmgardose6342,wahhhhhh,Positive
Seoul,2,1,BROTHERHOOD,idl.global,1:34:16,@alanaxd1974,galing galinggg,Positive
Seoul,2,1,BROTHERHOOD,idl.global,1:34:16,@notkat_vlogs,BROOOO,Positive
Seoul,2,1,BROTHERHOOD,idl.global,1:34:16,@Riza-r1v,SOBRANG GANDA,Positive
Seoul,2,1,BROTHERHOOD,idl.global,1:34:16,@yancylaraine1791,LAGARIIIIII,Positive
Seoul,2,1,BROTHERHOOD,idl.global,1:34:17,@agustu_iosifdivinagracia_d7220,TAKE DOWNNN OMGGG,Positive
Seoul,2,1,BROTHERHOOD,idl.global,1:34:17,@Yuxinsrj,GAGGGGGGG,Positive
Seoul,2,1,BROTHERHOOD,idl.global,1:34:18,@hshszzi,PEAKK,Positive
Seoul,2,1,BROTHERHOOD,idl.global,1:34:18,@mariyasaphirabugna2389,HLA,Neutral
Seoul,2,1,BROTHERHOOD,idl.global,1:34:19,@Tepaneyy,fireeeeeeeeeeeeeeeeeeeeeeeeeee,Positive
Seoul,2,1,BROTHERHOOD,idl.global,1:34:19,@roselynronquillo853,YESSSS,Positive
Seoul,2,1,BROTHERHOOD,idl.global,1:34:19,@ellieanagnostou7545,DAMNNNNB,Positive
Seoul,2,1,BROTHERHOOD,idl.global,1:34:20,@kunsyaman,ANDREWWWWWWW,Positive
Seoul,2,1,BROTHERHOOD,idl.global,1:34:21,@toshikobiko,JUSTIIIIIIIIIIIIIIN,Positive
Seoul,2,1,BROTHERHOOD,idl.global,1:34:21,@ayela562,THERE THEY ARE !!!!!,Positive
Seoul,2,1,BROTHERHOOD,idl.global,1:34:21,@nishimurr0,DANGG,Positive
Seoul,2,1,BROTHERHOOD,idl.global,1:34:22,@mariyasaphirabugna2389,HWHSGDHAHDGSHSHSHHAHS,Neutral
Seoul,2,1,BROTHERHOOD,idl.global,1:34:22,@yxnieaa,WOOOAAHHH,Positive
Seoul,2,1,BROTHERHOOD,idl.global,1:34:22,@HaroldMonroe-w9d,where's the music?,Neutral
Seoul,2,1,BROTHERHOOD,idl.global,1:34:22,@roselynronquillo853,STRONGGGGG,Positive
Seoul,2,1,BROTHERHOOD,idl.global,1:34:22,@notkat_vlogs,LAGGGGG,Neutral
Seoul,2,1,BROTHERHOOD,idl.global,1:34:23,@cottonmyeon2775,Ok panalo na to lol HAHAHA,Positive
Seoul,2,1,BROTHERHOOD,idl.global,1:34:23,@medic_dubs,Cleanliness too :face_exhaling::face_exhaling::face_exhaling:,Neutral
Seoul,2,1,BROTHERHOOD,idl.global,1:34:23,@hyunjinswife2248,DEMON HUNTERS YAREEE HAHA,Neutral
Seoul,2,1,BROTHERHOOD,idl.global,1:34:23,@ellieanagnostou7545,GOOOOO BROTHERHOODD,Neutral
Seoul,2,1,BROTHERHOOD,idl.global,1:34:23,@shelleybutler-tx5hn,WOOOOOO,Positive
Seoul,2,1,BROTHERHOOD,idl.global,1:34:24,@Nyx_ze67,PEAK,Neutral
Seoul,2,1,BROTHERHOOD,idl.global,1:34:24,@Tepaneyy,ATEEEEEEEEEEEEEEEEE,Positive
Seoul,2,1,BROTHERHOOD,idl.global,1:34:24,@SarahMartinez-s2m,wtfffff,Negative
Seoul,2,1,BROTHERHOOD,idl.global,1:34:24,@0range_bl0ss0m7,LMAOOO KPDH,Neutral
Seoul,2,1,BROTHERHOOD,idl.global,1:34:24,@oratricemechaniquedeanalyse,EYYYYYYYYYYYYYYYY,Positive
Seoul,2,1,BROTHERHOOD,idl.global,1:34:24,@vaughnbon_12,NAHHHHHH,Negative
Seoul,2,1,BROTHERHOOD,idl.global,1:34:24,@Conlettuc3,Told ya Soda Pio,Neutral
Seoul,2,1,BROTHERHOOD,idl.global,1:34:25,@eve4560,I KNEW ITT THEY WERE COOKING THISS,Neutral
Seoul,2,1,BROTHERHOOD,idl.global,1:34:25,@NEMESIS80091,waiting for y'all to slay againnnn,Positive
Seoul,2,1,BROTHERHOOD,idl.global,1:34:25,@kenjifd,GOD DAMNNNN BROOOO SWEAPPPP:double_exclamation_mark::double_exclamation_mark::double_exclamation_mark::double_exclamation_mark:,Positive
Seoul,2,1,BROTHERHOOD,idl.global,1:34:25,@MariaLourdesSanoSolano,soooooo cleaaaannnnnnn,Positive
Seoul,2,1,BROTHERHOOD,idl.global,1:34:26,@babymine5482,SLAYYYYYY,Positive
Seoul,2,1,BROTHERHOOD,idl.global,1:34:26,@shelleybutler-tx5hn,YESSSSS,Positive
Seoul,2,1,BROTHERHOOD,idl.global,1:34:26,@Riza-r1v,damnnn,Positive
Seoul,2,1,BROTHERHOOD,idl.global,1:34:26,@potatotots,CMONNNNNN,Positive
Seoul,2,1,BROTHERHOOD,idl.global,1:34:26,@eclipse.official1014,Shiiiiiiiis creative,Positive
Seoul,2,1,BROTHERHOOD,idl.global,1:34:27,@Andweyaaah,AAAAHH BROOTHEEERRRHOOOOOD!!!,Positive
Seoul,2,1,BROTHERHOOD,idl.global,1:34:27,@melissalin1713,OH MY GOD,Positive
Seoul,2,1,BROTHERHOOD,idl.global,1:34:27,@MJH977,YASS SAJAHOOD,Positive
Seoul,2,1,BROTHERHOOD,idl.global,1:34:27,@ellieanagnostou7545,GOOOOO BROTHERHOODD,Neutral
Seoul,2,1,BROTHERHOOD,idl.global,1:34:28,@yxnieaa,I LIKE IITTTT,Positive
Seoul,2,1,BROTHERHOOD,idl.global,1:34:28,@tealcushion,YESSS,Positive
Seoul,2,1,BROTHERHOOD,idl.global,1:34:28,@mylanasyasaragih8740,ATEEEEEEEEEE,Positive
Seoul,2,1,BROTHERHOOD,idl.global,1:34:29,@vaughnbon_12,DAMNNN NN,Positive
Seoul,2,1,BROTHERHOOD,idl.global,1:34:29,@kunsyaman,LETS GO ANDREWWWWWWW,Positive
Seoul,2,1,BROTHERHOOD,idl.global,1:34:29,@Riza-r1v,eating so hard,Negative
Seoul,2,1,BROTHERHOOD,idl.global,1:34:29,@asteriawho,HOOOLYYYYYY,Positive
Seoul,2,1,BROTHERHOOD,idl.global,1:34:30,@HiverSon,HOLYYYYY,Positive
Seoul,2,1,BROTHERHOOD,idl.global,1:34:30,@Mavisymra,OK CHAT OK,Neutral
Seoul,2,1,BROTHERHOOD,idl.global,1:34:31,@joOhners,ok staying up is worth it now lmao,Positive
Seoul,2,1,BROTHERHOOD,idl.global,1:34:31,@1lisva,nahhh they ATEEEE,Positive
Seoul,2,1,BROTHERHOOD,idl.global,1:34:31,@ellieanagnostou7545,CLEAN ASFFFFF,Positive
Seoul,2,1,BROTHERHOOD,idl.global,1:34:34,@---wy8zq,OH MY GODH,Positive
Seoul,2,1,BROTHERHOOD,idl.global,1:34:34,@samgyupsal2x833,DANCE CHALLENGE!!,Neutral
Seoul,2,1,BROTHERHOOD,idl.global,1:34:34,@Chlo_Edits,LETSSSS GOOOOOOOOOO,Positive
Seoul,2,1,BROTHERHOOD,idl.global,1:34:35,@Iris3cho,WOOOOWW,Positive
Seoul,2,1,BROTHERHOOD,idl.global,1:34:35,@shiryu1094,shhessh,Neutral
Seoul,2,1,BROTHERHOOD,idl.global,1:34:35,@loraileys,ALRIGHTTTT,Positive
Seoul,2,1,BROTHERHOOD,idl.global,1:34:37,@francescasokolich1323,ROYAL FAMILY :red_heart: :red_heart: :red_heart: :red_heart: :red_heart: :red_heart: :red_heart: :red_heart: :red_heart: :red_heart: :red_heart: :red_heart: :red_heart: :red_heart: :red_heart: :red_heart: :red_heart: :red_heart: :red_heart: :red_heart: :red_heart: :red_heart: :red_heart: :red_heart: :red_heart: :red_heart: :red_heart: :red_heart: :red_heart:,Neutral
Seoul,2,1,BROTHERHOOD,idl.global,1:34:37,@bbasshs,SO CLEANNNNN,Positive
Seoul,2,1,BROTHERHOOD,idl.global,1:34:37,@toshq_q,SO CLEAN,Positive
Seoul,2,1,BROTHERHOOD,idl.global,1:34:38,@yxnieaa,Wwooowowowow,Positive
Seoul,2,1,BROTHERHOOD,idl.global,1:34:39,@Tepaneyy,SMOOTHHHHHHHHHHHHHH,Positive
Seoul,2,1,BROTHERHOOD,idl.global,1:34:39,@Mavisymra,DAMN BROTHERHOOD WHAT THE HELL,Negative
Seoul,2,1,BROTHERHOOD,idl.global,1:34:40,@hyunjinswife2248,OKAY PANALO PA RIN,Neutral
Seoul,2,1,BROTHERHOOD,idl.global,1:34:40,@KeiSumiyoshi,HOLLYYYYY,Positive
Seoul,2,1,BROTHERHOOD,idl.global,1:34:43,@roselynronquillo853,THEY R COOKINGGG,Positive
Seoul,2,1,BROTHERHOOD,idl.global,1:34:43,@penguinixx,LETSASS GO BROTHER HOODDDD,Positive
Seoul,2,1,BROTHERHOOD,idl.global,1:34:44,@AnaSalgado-n1l,WOOOO,Positive
Seoul,2,1,BROTHERHOOD,idl.global,1:34:44,@ElishaGonzalez-q5c,BROTHERHOODDD,Neutral
Seoul,2,1,BROTHERHOOD,idl.global,1:34:44,@dinomagdasal3325,take down by 1 million,Negative
Seoul,2,1,BROTHERHOOD,idl.global,1:34:45,@UwU-on8kq,ATTEEEEE,Positive
Seoul,2,1,BROTHERHOOD,idl.global,1:34:45,@medic_dubs,Oh noooo right side,Neutral
Seoul,2,1,BROTHERHOOD,idl.global,1:34:45,@ellieanagnostou7545,NAHHH RHIS IS TOO GOOD,Positive
Seoul,2,1,BROTHERHOOD,idl.global,1:34:45,@jj1728,TIKTOK LIVE DOWN TFFF,Neutral
Seoul,2,1,BROTHERHOOD,idl.global,1:34:45,@melissalin1713,mali did it better,Negative
Seoul,2,1,BROTHERHOOD,idl.global,1:34:45,@itznotmeee-z3m,Yoww demon hunters,Positive
Seoul,2,1,BROTHERHOOD,idl.global,1:34:46,@AnaSalgado-n1l,BD,Neutral
Seoul,2,1,BROTHERHOOD,idl.global,1:34:46,@UwU-on8kq,E,Neutral
Seoul,2,1,BROTHERHOOD,idl.global,1:34:46,@takeyyshi,this is so cool,Positive
Seoul,2,1,BROTHERHOOD,idl.global,1:34:46,@harrybui1264,Okayyyyyyy,Positive
Seoul,2,1,BROTHERHOOD,idl.global,1:34:47,@ArnettaCherilynDarmoyo,OH MY LORDDD,Positive
Seoul,2,1,BROTHERHOOD,idl.global,1:34:47,@mariyasaphirabugna2389,ATEEEEEEE,Positive
Seoul,2,1,BROTHERHOOD,idl.global,1:34:47,@kenjifd,THEY KILLED ITTTTT HOLY CRAPPP :weary_face::weary_face::weary_face:,Positive
Seoul,2,1,BROTHERHOOD,idl.global,1:34:47,@æ-ditt,this time is not for brotherhood:crying_face:,Negative
Seoul,2,1,BROTHERHOOD,idl.global,1:34:48,@notkat_vlogs,BROOOO,Positive
Seoul,2,1,BROTHERHOOD,idl.global,1:34:48,@JaydenFaunillan,CLEANN ASFF!!,Positive
Seoul,2,1,BROTHERHOOD,idl.global,1:34:49,@rizalino808,Instead of KPDH KPBH,Neutral
Seoul,2,1,BROTHERHOOD,idl.global,1:34:49,@Dripseki,Eloooooo,Positive
Seoul,2,1,BROTHERHOOD,idl.global,1:34:50,@KaeJiratchaya,W brotherhood,Negative
Seoul,2,1,BROTHERHOOD,idl.global,1:34:51,@potatotots,THE ROTATE,Neutral
Seoul,2,1,BROTHERHOOD,idl.global,1:34:51,@hyunjinswife2248,STILL PH REPRESENTS HAHAHAHA,Negative
Seoul,2,1,BROTHERHOOD,idl.global,1:34:51,@Mavisymra,NGL BROTHERHOOD’S GONNA EAT THIS ALL,Positive
Seoul,2,1,BROTHERHOOD,idl.global,1:34:51,@firzymahardikalolowang9510,the crowd not thatt loud,Neutral
Seoul,2,1,BROTHERHOOD,idl.global,1:34:51,@rayrey0-1,Okay GG LMAOOSOAOAI,Positive
Seoul,2,1,BROTHERHOOD,idl.global,1:34:51,@RubyCrystal-u1y,take it down!!!,Neutral
Seoul,2,1,BROTHERHOOD,idl.global,1:34:52,@kunsyaman,this ones better LMFAOOOO,Positive
Seoul,2,1,BROTHERHOOD,idl.global,1:34:52,@yukaaa3212,CUTE,Positive
Seoul,2,1,BROTHERHOOD,idl.global,1:34:53,@ellieanagnostou7545,WOAHHHH,Positive
Seoul,2,1,BROTHERHOOD,idl.global,1:34:54,@vahnyk,eyyy,Positive
Seoul,2,1,BROTHERHOOD,idl.global,1:34:54,@Tepaneyy,GOOOOOO GOOOOOO BABYYYY,Positive
Seoul,2,1,BROTHERHOOD,idl.global,1:34:54,@cenamoncenamobuns,This is better than their first set,Positive
Seoul,2,1,BROTHERHOOD,idl.global,1:34:55,@Dripseki,ELLOOOOOO,Positive
Seoul,2,1,BROTHERHOOD,idl.global,1:34:55,@crsn.j,LAGGGGG,Neutral
Seoul,2,1,BROTHERHOOD,idl.global,1:34:55,@takeyyshi,HAHA ang cute,Positive
Seoul,2,1,BROTHERHOOD,idl.global,1:34:56,@arh1d3a,LMAOOOO YESSSSS,Positive
Seoul,2,1,BROTHERHOOD,idl.global,1:34:56,@shiryu1094,galinggg,Positive
Seoul,2,1,BROTHERHOOD,idl.global,1:34:56,@bzi_rnb,spacing a bit off,Negative
Seoul,2,1,BROTHERHOOD,idl.global,1:34:57,@ellieanagnostou7545,GOOOOO BROTHERHOODD,Neutral
Seoul,2,1,BROTHERHOOD,idl.global,1:34:57,@notkat_vlogs,LAGGGGG,Neutral
Seoul,2,1,BROTHERHOOD,idl.global,1:34:58,@the98tharchive,ATE!!!,Positive
Seoul,2,1,BROTHERHOOD,idl.global,1:34:59,@ClydeLacambra,NOW THIS IS BROTHERHOOD GUYS,Neutral
Seoul,2,1,BROTHERHOOD,idl.global,1:34:59,@dumpiezzz,Damnnnnn,Positive
Seoul,2,1,BROTHERHOOD,idl.global,1:34:59,@penguinixx,GOOOOO BROTHER HOOD,Neutral
Seoul,2,1,BROTHERHOOD,idl.global,1:35:00,@ellieanagnostou7545,GOOOOO BROTHERHOODD,Neutral
Seoul,2,1,BROTHERHOOD,idl.global,1:35:00,@kayceeb7199,THEY RESERVE THE BEST OF BEST FOR 2nd ROUND,Positive
Seoul,2,1,BROTHERHOOD,idl.global,1:35:02,@spencersayno,Go BROTHERHOOD,Neutral
Seoul,2,1,BROTHERHOOD,idl.global,1:35:02,@ellieanagnostou7545,GOOOOO BROTHERHOODD,Neutral
Seoul,2,1,BROTHERHOOD,idl.global,1:35:02,@HoshiOkiro,LMAOOOO,Neutral
Seoul,2,1,BROTHERHOOD,idl.global,1:35:03,@Dripseki,ELOOOOO,Positive
Seoul,2,1,BROTHERHOOD,idl.global,1:35:03,@alanaxd1974,GALINGGGG,Positive
Seoul,2,1,BROTHERHOOD,idl.global,1:35:04,@francescasokolich1323,Royal family :crown::crown::crown::crown::crown::crown::crown::crown::crown::crown::crown::crown::crown::crown::crown::crown::crown::crown::crown::crown::crown::crown::crown::crown::crown::crown::crown::crown::crown::crown::crown::crown::crown:,Positive
Seoul,2,1,BROTHERHOOD,idl.global,1:35:05,@kunsyaman,better than their first icl,Positive
Seoul,2,1,BROTHERHOOD,idl.global,1:35:05,@dollie3488,GOOO,Positive
Seoul,2,1,BROTHERHOOD,idl.global,1:35:05,@HaroldMonroe-w9d,They won...period,Positive
Seoul,2,1,BROTHERHOOD,idl.global,1:35:06,@pieceofdoe,HMMMMMMMMNNN,Positive
Seoul,2,1,BROTHERHOOD,idl.global,1:35:06,@ReVeLy-ez3qt,SO COOL,Positive
Seoul,2,1,BROTHERHOOD,idl.global,1:35:06,@shiryu1094,astiggg,Positive
Seoul,2,1,BROTHERHOOD,idl.global,1:35:06,@yxnieaa,I UVV IITTTT,Positive
Seoul,2,1,BROTHERHOOD,idl.global,1:35:07,@ellieanagnostou7545,GOOOOO BROTHERHOODD,Neutral
Seoul,2,1,BROTHERHOOD,idl.global,1:35:07,@veronica-yw2vo,ATE IT UP FO SHO,Positive
Seoul,2,1,BROTHERHOOD,idl.global,1:35:07,@dumpiezzz,ATEEEEE,Positive
Seoul,2,1,BROTHERHOOD,idl.global,1:35:07,@Tepaneyy,HELL NAHHHHHHHHH,Positive
Seoul,2,1,BROTHERHOOD,idl.global,1:35:08,@jesrielarban,nasty asf,Negative
Seoul,2,1,BROTHERHOOD,idl.global,1:35:08,@fbhthkdxs,fangg,Positive
Seoul,2,1,BROTHERHOOD,idl.global,1:35:09,@mariyasaphirabugna2389,DAMNNNNNN,Positive
Seoul,2,1,BROTHERHOOD,idl.global,1:35:09,@Dripseki,ELOOOOOOO,Positive
Seoul,2,1,BROTHERHOOD,idl.global,1:35:09,@Banana-ph4vq,WTF,Neutral
Seoul,2,1,BROTHERHOOD,idl.global,1:35:10,@kunsyaman,ALOOOOOOOO,Positive
Seoul,2,1,BROTHERHOOD,idl.global,1:35:11,@KeiSumiyoshi,TAKE IT DOWNNN,Positive
Seoul,2,1,BROTHERHOOD,idl.global,1:35:11,@melissalin1713,oh my god,Positive
Seoul,2,1,BROTHERHOOD,idl.global,1:35:12,@yofanboiii,:crown::crown::crown::crown::crown:,Positive
Seoul,2,1,BROTHERHOOD,idl.global,1:35:12,@roselynronquillo853,WAHAHAHAHAAHAH,Neutral
Seoul,2,1,BROTHERHOOD,idl.global,1:35:14,@takeyyshi,woooaah,Positive
Seoul,2,1,BROTHERHOOD,idl.global,1:35:14,@dumpiezzz,Lets goooo,Positive
Seoul,2,1,BROTHERHOOD,idl.global,1:35:14,@arh1d3a,GOOD LAWDDDDDDD,Positive
Seoul,2,1,BROTHERHOOD,idl.global,1:35:14,@0range_bl0ss0m7,WHAT EVVERRRT GO 1MILLIONNN,Positive
Seoul,2,1,BROTHERHOOD,idl.global,1:35:14,@roselynronquillo853,DAMN,Positive
Seoul,2,1,BROTHERHOOD,idl.global,1:35:14,@Dripseki,ELOOOOOO,Positive
Seoul,2,1,BROTHERHOOD,idl.global,1:35:15,@---wy8zq,OMG,Positive
Seoul,2,1,BROTHERHOOD,idl.global,1:35:15,@kenjifd,ITS SO CLEAAANNNNN LETSGOOO,Positive
Seoul,2,1,BROTHERHOOD,idl.global,1:35:15,@vahnyk,3YYYY,Neutral
Seoul,2,1,BROTHERHOOD,idl.global,1:35:15,@shiryu1094,GALINGGGGGG,Positive
Seoul,2,1,BROTHERHOOD,idl.global,1:35:15,@yofanboiii,:crown::crown::crown::crown::crown::crown::crown::crown::crown::crown::crown::crown::crown::crown::crown::crown::crown::crown:,Positive
Seoul,2,1,BROTHERHOOD,idl.global,1:35:15,@spencersayno,Lets Go BROTHERHOOD :man_dancing::fire::raising_hands::musical_notes:,Neutral
Seoul,2,1,BROTHERHOOD,idl.global,1:35:16,@bea-ok3pl,ADRIANNN,Positive
Seoul,2,1,BROTHERHOOD,idl.global,1:35:17,@---wy8zq,NOT THE AEGYO,Negative
Seoul,2,1,BROTHERHOOD,idl.global,1:35:17,@ellieanagnostou7545,GOOOOO BROTHERHOODD,Neutral
Seoul,2,1,BROTHERHOOD,idl.global,1:35:17,@nazzylove_bunny1,WOWAAA,Positive
Seoul,2,1,BROTHERHOOD,idl.global,1:35:18,@clairebond7726,Bro no way,Positive
Seoul,2,1,BROTHERHOOD,idl.global,1:35:19,@penguinixx,LETSSS GOOOOOO,Positive
Seoul,2,1,BROTHERHOOD,idl.global,1:35:19,@Tepaneyy,GOOOOGOOOOOOOOOOO,Positive
Seoul,2,1,BROTHERHOOD,idl.global,1:35:20,@yukaaa3212,DAMM,Positive
Seoul,2,1,BROTHERHOOD,idl.global,1:35:20,@kunsyaman,ADRIANNNNNNNNNNNNN,Positive
Seoul,2,1,BROTHERHOOD,idl.global,1:35:20,@medic_dubs,THIS IS ROUND 2 BABY,Positive
Seoul,2,1,BROTHERHOOD,idl.global,1:35:21,@Anastasia-rt4mi,BHhh,Positive
Seoul,2,1,BROTHERHOOD,idl.global,1:35:21,@taynguyener,IM CRYI G lolll,Positive
Seoul,2,1,BROTHERHOOD,idl.global,1:35:21,@marcjuliusendozo2980,dami ng error,Negative
Seoul,2,1,BROTHERHOOD,idl.global,1:35:22,@bea-ok3pl,THIS JS SO GOOD,Positive
Seoul,2,1,BROTHERHOOD,idl.global,1:35:22,@notkat_vlogs,LAGGGGG,Neutral
Seoul,2,1,BROTHERHOOD,idl.global,1:35:22,@roselynronquillo853,TAKE IT DOWNWNNN,Positive
Seoul,2,1,BROTHERHOOD,idl.global,1:35:22,@Christinaa2300,This is solid,Positive
Seoul,2,1,BROTHERHOOD,idl.global,1:35:22,@notkat_vlogs,BROOOO,Positive
Seoul,2,1,BROTHERHOOD,idl.global,1:35:23,@Kayabread,YOOO,Positive
Seoul,2,1,BROTHERHOOD,idl.global,1:35:23,@Riza-r1v,THEY'RE TAKING IT DOWNNNN,Positive
Seoul,2,1,BROTHERHOOD,idl.global,1:35:23,@takeyyshi,ang cool,Positive
Seoul,2,1,BROTHERHOOD,idl.global,1:35:23,@Mavisymra,CANADA IS GOING TO TAKE IT HOME,Positive
Seoul,2,1,BROTHERHOOD,idl.global,1:35:24,@shiryu1094,BROTHERHOOD,Neutral
Seoul,2,1,BROTHERHOOD,idl.global,1:35:24,@niellyyz,They are so smooth w itt,Positive
Seoul,2,1,BROTHERHOOD,idl.global,1:35:24,@Bitcxbed,HOLYYYYYYYY,Positive
Seoul,2,1,BROTHERHOOD,idl.global,1:35:25,@AnaPopescu-x1y,THE AEGYOO,Neutral
Seoul,2,1,BROTHERHOOD,idl.global,1:35:25,@heinzfel,ok at least its not golden,Negative
Seoul,2,1,BROTHERHOOD,idl.global,1:35:25,@ClydeLacambra,WOWWWW,Positive
Seoul,2,1,BROTHERHOOD,idl.global,1:35:25,@MrManglu,EXCUSEM E THAT WAS CLEAN YO,Positive
Seoul,2,1,BROTHERHOOD,idl.global,1:35:26,@CherieThu,they are so smart to choose this song,Positive
Seoul,2,1,BROTHERHOOD,idl.global,1:35:27,@takeyyshi,HAHAA ang cute nilaa,Positive
Seoul,2,1,BROTHERHOOD,idl.global,1:35:28,@UwU-on8kq,FORMS\OUHHHHH,Positive
Seoul,2,1,BROTHERHOOD,idl.global,1:35:29,@simplyjayyyyr,wooo,Positive
Seoul,2,1,BROTHERHOOD,idl.global,1:35:30,@melissalin1713,OH MY GOD,Positive
Seoul,2,1,BROTHERHOOD,idl.global,1:35:30,@AnaPopescu-x1y,THEY ATE THAT,Positive
Seoul,2,1,BROTHERHOOD,idl.global,1:35:30,@ellieanagnostou7545,GOOOOO BROTHERHOODD,Neutral
Seoul,2,1,BROTHERHOOD,idl.global,1:35:30,@Yuxinsrj,DAYUM EATTTTT,Positive
Seoul,2,1,BROTHERHOOD,idl.global,1:35:31,@nishimurr0,DANGGG,Positive
Seoul,2,1,BROTHERHOOD,idl.global,1:35:31,@HaroldMonroe-w9d,:face-red-heart-shape::face-red-heart-shape::face-red-heart-shape::face-red-heart-shape:,Neutral
Seoul,2,1,BROTHERHOOD,idl.global,1:35:32,@loraileys,OKKKKKKKKKKKKKKKKK.,Neutral
Seoul,2,1,BROTHERHOOD,idl.global,1:35:32,@richardmagdasal4153,Diss for korea 1m,Neutral
Seoul,2,1,BROTHERHOOD,idl.global,1:35:32,@patriciadesquitado871,They're not worried sa Round 1. HAHAHA. I know something's cooking for Round 2,Neutral
Seoul,2,1,BROTHERHOOD,idl.global,1:35:32,@toshq_q,EHEYYY,Positive
Seoul,2,1,BROTHERHOOD,idl.global,1:35:32,@ThereseViane,GALENGGG POTAAAA DANG,Positive
Seoul,2,1,BROTHERHOOD,idl.global,1:35:33,@BDenum100,My boys killing it,Positive
Seoul,2,1,BROTHERHOOD,idl.global,1:35:33,@arh1d3a,HELL YEAHHH,Positive
Seoul,2,1,BROTHERHOOD,idl.global,1:35:33,@---wy8zq,HOLY,Positive
Seoul,2,1,BROTHERHOOD,idl.global,1:35:33,@DevsCarbin,THATS ITTT!!!!!!!!!!!!1,Positive
Seoul,2,1,BROTHERHOOD,idl.global,1:35:33,@takeyyshi,OH,Neutral
Seoul,2,1,BROTHERHOOD,idl.global,1:35:34,@---wy8zq,NO WAY,Negative
Seoul,2,1,BROTHERHOOD,idl.global,1:35:34,@toshikobiko,STOOOPP STOP,Negative
Seoul,2,1,BROTHERHOOD,idl.global,1:35:34,@rayn6152,athey prepared big for R2,Neutral
Seoul,2,1,BROTHERHOOD,idl.global,1:35:34,@vahnyk,DAMNNNN,Positive
Seoul,2,1,BROTHERHOOD,idl.global,1:35:34,@breno_redusino,they're biased rf and 1m can't beat them,Negative
Seoul,2,1,BROTHERHOOD,idl.global,1:35:36,@AttillahAlog,BESTTTTT,Positive
Seoul,2,1,BROTHERHOOD,idl.global,1:35:36,@Anastasia-rt4mi,Gooo,Positive
Seoul,2,1,BROTHERHOOD,idl.global,1:35:37,@academicsfirst,OMG,Positive
Seoul,2,1,BROTHERHOOD,idl.global,1:35:37,@mariyasaphirabugna2389,FORMATIONS' CRAZYYY BRAAAAAA,Positive
Seoul,2,1,BROTHERHOOD,idl.global,1:35:38,@Dripseki,ELOOOOOO,Positive
Seoul,2,1,BROTHERHOOD,idl.global,1:35:38,@CallMeNath-2,BROTHERHOOD IS SO FREAKING CLEAN.. FORMATIONS 1001%,Positive
Seoul,2,1,BROTHERHOOD,idl.global,1:35:38,@UwU-on8kq,OUHHHH,Positive
Seoul,2,1,BROTHERHOOD,idl.global,1:35:38,@heinzfel,buti naman di golden,Positive
Seoul,2,1,BROTHERHOOD,idl.global,1:35:39,@takeyyshi,OH-,Neutral
Seoul,2,1,BROTHERHOOD,idl.global,1:35:39,@mylanasyasaragih8740,GOATTTTTT,Positive
Seoul,2,1,BROTHERHOOD,idl.global,1:35:40,@UwU-on8kq,LESSGO,Neutral
Seoul,2,1,BROTHERHOOD,idl.global,1:35:41,@kunsyaman,FRANCISSSSSSSS OMG,Positive
Seoul,2,1,BROTHERHOOD,idl.global,1:35:41,@ellieanagnostou7545,GOOOOO BROTHERHOODD,Neutral
Seoul,2,1,BROTHERHOOD,idl.global,1:35:41,@ifskate420,oh my gof,Positive
Seoul,2,1,BROTHERHOOD,idl.global,1:35:42,@judeemmanuelgellor3961,:crown::crown::crown::crown::crown::crown::crown::crown::crown:,Positive
Seoul,2,1,BROTHERHOOD,idl.global,1:35:43,@iijxyce,JAW DROPPED,Negative
Seoul,2,1,BROTHERHOOD,idl.global,1:35:43,@---wy8zq,OH MY GOSH,Positive
Seoul,2,1,BROTHERHOOD,idl.global,1:35:43,@ifskate420,OMGGGG,Positive
Seoul,2,1,BROTHERHOOD,idl.global,1:35:44,@shelleybutler-tx5hn,CRAZYYY,Positive
Seoul,2,1,BROTHERHOOD,idl.global,1:35:44,@Anastasia-rt4mi,Owww,Positive
Seoul,2,1,BROTHERHOOD,idl.global,1:35:44,@judeemmanuelgellor3961,:crown::crown::crown::crown::crown::crown::crown::crown::crown:,Positive
Seoul,2,1,BROTHERHOOD,idl.global,1:35:44,@penguinixx,SIN SUPER SYINC MODE IS INSANEEE,Negative
Seoul,2,1,BROTHERHOOD,idl.global,1:35:45,@---wy8zq,OH MY GOSH,Positive
Seoul,2,1,BROTHERHOOD,idl.global,1:35:45,@francescasokolich1323,Royal family :fire::fire::fire::fire::fire::fire::fire::fire::fire::fire::fire::fire::fire::fire::fire::fire::fire::fire::fire::fire::fire::fire::fire::fire::fire::fire::fire::fire::fire::fire::fire::fire::fire::fire::fire::fire::fire::fire::fire::fire::fire::fire:,Positive
Seoul,2,1,BROTHERHOOD,idl.global,1:35:45,@KaeJiratchaya,AYYYYYYY,Positive
Seoul,2,1,BROTHERHOOD,idl.global,1:35:45,@HiverSon,cooked,Neutral
Seoul,2,1,BROTHERHOOD,idl.global,1:35:45,@judeemmanuelgellor3961,:crown::crown::crown::crown::crown::crown::crown::crown::crown:,Positive
Seoul,2,1,BROTHERHOOD,idl.global,1:35:46,@ifskate420,ATEREEE,Positive
Seoul,2,1,BROTHERHOOD,idl.global,1:35:47,@ecas-k2h,THIS MIX HOLYYYY,Positive
Seoul,2,1,BROTHERHOOD,idl.global,1:35:47,@spencersayno,Lets Go BROTHERHOOD :man_dancing::fire::raising_hands::musical_notes:,Neutral
Seoul,2,1,BROTHERHOOD,idl.global,1:35:47,@judeemmanuelgellor3961,:crown::crown::crown::crown::crown::crown::crown::crown::crown:,Positive
Seoul,2,1,BROTHERHOOD,idl.global,1:35:48,@Mavisymra,OH HELLLLL,Positive
Seoul,2,1,BROTHERHOOD,idl.global,1:35:48,@RYO-6767,GOOOAAAAAAT,Positive
Seoul,2,1,BROTHERHOOD,idl.global,1:35:49,@ArjayPeralta-t9t,GAME OVER!!!!!!,Positive
Seoul,2,1,BROTHERHOOD,idl.global,1:35:49,@Venquizz-d8g,:fire::fire::fire::fire::fire:,Positive
Seoul,2,1,BROTHERHOOD,idl.global,1:35:50,@judeemmanuelgellor3961,:crown::crown::crown::crown::crown::crown::crown::crown::crown:,Positive
Seoul,2,1,BROTHERHOOD,idl.global,1:35:50,@numberonericelover,EWWWW OMGG,Positive
Seoul,2,1,BROTHERHOOD,idl.global,1:35:50,@Anastasia-rt4mi,WWW,Neutral
Seoul,2,1,BROTHERHOOD,idl.global,1:35:50,@oratricemechaniquedeanalyse,LETSSSSSS GOOOOOOOOOOOOOOOOOOOOOOOO,Positive
Seoul,2,1,BROTHERHOOD,idl.global,1:35:50,@---wy8zq,NO WAY,Negative
Seoul,2,1,BROTHERHOOD,idl.global,1:35:51,@twstwodaily,HELLLL GG,Positive
Seoul,2,1,BROTHERHOOD,idl.global,1:35:51,@judeemmanuelgellor3961,:crown::crown::crown::crown::crown::crown::crown::crown::crown:,Positive
Seoul,2,1,BROTHERHOOD,idl.global,1:35:51,@melanimkc7841,Omgggg,Positive
Seoul,2,1,BROTHERHOOD,idl.global,1:35:52,@takeyyshi,dis so cool,Positive
Seoul,2,1,BROTHERHOOD,idl.global,1:35:52,@ellieanagnostou7545,GOOOOO BROTHERHOODD,Neutral
Seoul,2,1,BROTHERHOOD,idl.global,1:35:52,@playingwithoutcredit,MUSICGOING HARD,Negative
Seoul,2,1,BROTHERHOOD,idl.global,1:35:52,@---wy8zq,NO WAY,Negative
Seoul,2,1,BROTHERHOOD,idl.global,1:35:53,@dumpiezzz,Sheesssshhh,Positive
Seoul,2,1,BROTHERHOOD,idl.global,1:35:53,@rtbd.6933,bande dee con,Negative
Seoul,2,1,BROTHERHOOD,idl.global,1:35:53,@judeemmanuelgellor3961,:crown::crown::crown::crown::crown::crown::crown::crown::crown:,Positive
Seoul,2,1,BROTHERHOOD,idl.global,1:35:54,@Juan1532,THEY ATE,Positive
Seoul,2,1,BROTHERHOOD,idl.global,1:35:54,@Mavisymra,COOKED WITH IT WTF,Negative
Seoul,2,1,BROTHERHOOD,idl.global,1:35:55,@judeemmanuelgellor3961,:crown::crown::crown::crown::crown::crown::crown::crown::crown:,Positive
Seoul,2,1,BROTHERHOOD,idl.global,1:35:55,@twstwodaily,goooo boyss,Positive
Seoul,2,1,BROTHERHOOD,idl.global,1:35:55,@ewrinka,SO FIRE OH MY GOD,Positive
Seoul,2,1,BROTHERHOOD,idl.global,1:35:56,@Kayabread,SHITTTTT:fire::fire:,Positive
Seoul,2,1,BROTHERHOOD,idl.global,1:35:56,@vahnyk,CLEAAAN,Positive
Seoul,2,1,BROTHERHOOD,idl.global,1:35:56,@jacobmc05,GAGGED,Positive
Seoul,2,1,BROTHERHOOD,idl.global,1:35:56,@veronica-yw2vo,GAME OVERRE,Neutral
Seoul,2,1,BROTHERHOOD,idl.global,1:35:56,@judeemmanuelgellor3961,:crown::crown::crown::crown::crown::crown::crown::crown::crown:,Positive
Seoul,2,1,BROTHERHOOD,idl.global,1:35:57,@ellieanagnostou7545,ITS OVERRERE,Positive
Seoul,2,1,BROTHERHOOD,idl.global,1:35:57,@bea-ok3pl,DEF SCOTTS CHOREO,Neutral
Seoul,2,1,BROTHERHOOD,idl.global,1:35:58,@Tepaneyy,THEY USEEE KOREANNN MUSIC BRUH YESSSSSSSSSSSSS,Positive
Seoul,2,1,BROTHERHOOD,idl.global,1:35:58,@judeemmanuelgellor3961,:crown::crown::crown::crown::crown::crown::crown::crown::crown:,Positive
Seoul,2,1,BROTHERHOOD,idl.global,1:35:59,@cent.exclsv,gahdayum,Positive
Seoul,2,1,BROTHERHOOD,idl.global,1:35:59,@Drake_ku,damnn,Positive
Seoul,2,1,BROTHERHOOD,idl.global,1:35:59,@Mavisymra,LET’S GOOOO BH,Positive
Seoul,2,1,BROTHERHOOD,idl.global,1:36:00,@hyunjinswife2248,PH STILL WINNING HAHA,Positive
Seoul,2,1,BROTHERHOOD,idl.global,1:36:00,@alixyrm,YESSSSSSSS,Positive
Seoul,2,1,BROTHERHOOD,idl.global,1:36:00,@judeemmanuelgellor3961,:crown::crown::crown::crown::crown::crown::crown::crown::crown:,Positive
Seoul,2,1,BROTHERHOOD,idl.global,1:36:00,@arh1d3a,THATS HARD,Negative
Seoul,2,1,1MILLION,idl.global,1:37:23,@gqbb1ii.llsszz,who won?,Neutral
Seoul,2,1,1MILLION,idl.global,1:37:23,@ludosss30,fckin insane INSANEEE,Positive
Seoul,2,1,1MILLION,idl.global,1:37:23,@Bitcxbed,brooo that was elitesee,Positive
Seoul,2,1,1MILLION,idl.global,1:37:23,@vulcanifilio,another carry?,Neutral
Seoul,2,1,1MILLION,idl.global,1:37:24,@fbhthkdxs,:crown::crown::crown::crown:,Positive
Seoul,2,1,1MILLION,idl.global,1:37:25,@aintnate14,LETS GO SAJA BOYSSSSSS,Positive
Seoul,2,1,1MILLION,idl.global,1:37:25,@savage_general9740,I'm Scared,Negative
Seoul,2,1,1MILLION,idl.global,1:37:25,@Anastasia-rt4mi,BH,Neutral
Seoul,2,1,1MILLION,idl.global,1:37:26,@wellviewstories,1M VS BRH,Neutral
Seoul,2,1,1MILLION,idl.global,1:37:26,@rtbd.6933,musique de merde,Negative
Seoul,2,1,1MILLION,idl.global,1:37:26,@Kimminie-u,BH :on!_arrow::top_arrow:,Neutral
Seoul,2,1,1MILLION,idl.global,1:37:26,@NEMESIS80091,so goodddd:loudly_crying_face:,Positive
Seoul,2,1,1MILLION,idl.global,1:37:27,@mathyunghyunsukieee3957,saja bro for the win :rolling_on_the_floor_laughing::rolling_on_the_floor_laughing::rolling_on_the_floor_laughing:,Positive
Seoul,2,1,1MILLION,idl.global,1:37:28,@bpinkbit,1MILL LOCK IN,Neutral
Seoul,2,1,1MILLION,idl.global,1:37:28,@theIAM_,brotherhood cleansweep man what the heck that was awesome!!,Positive
Seoul,2,1,1MILLION,idl.global,1:37:29,@purpleey854,Reference was insane cuh,Positive
Seoul,2,1,1MILLION,idl.global,1:37:29,@pim_1213,Wow amazing moves..BROTHERHOOD:red_heart::red_heart::red_heart::red_heart:,Positive
Seoul,2,1,1MILLION,idl.global,1:37:29,@ellieanagnostou7545,BRHD WAS CRAZY FOR THAT,Positive
Seoul,2,1,1MILLION,idl.global,1:37:29,@spencersayno,Huge Congrats BROTHERHOOD :raising_hands::red_heart:,Positive
Seoul,2,1,1MILLION,idl.global,1:37:29,@johnpauloli9102,PINOOOOY,Positive
Seoul,2,1,1MILLION,idl.global,1:37:30,@ghstboi4045,RIGGEDDDDDD BROTHERHOOD BORING ASL,Negative
Seoul,2,1,1MILLION,idl.global,1:37:30,@ifskate420,BROTHERHOOD ATE,Positive
Seoul,2,1,1MILLION,idl.global,1:37:31,@takeyyshi,ang angas nung kdh :loudly_crying_face:,Negative
Seoul,2,1,1MILLION,idl.global,1:37:32,@captain.p2169,WRAP THIS SHIT OUT,Negative
Seoul,2,1,1MILLION,idl.global,1:37:32,@HoshiOkiro,RF 3RD PLACE AGAINN,Neutral
Seoul,2,1,1MILLION,idl.global,1:37:32,@CatherineTanteras-n3n,BROTHERHOOD!! YOWWWW :fire:,Positive
Seoul,2,1,1MILLION,idl.global,1:37:32,@---wy8zq,BRO,Neutral
Seoul,2,1,1MILLION,idl.global,1:37:33,@aintnate14,BRHD FTW,Neutral
Seoul,2,1,1MILLION,idl.global,1:37:33,@ellieanagnostou7545,GOOOOO BROTHERHOODD,Neutral
Seoul,2,1,1MILLION,idl.global,1:37:34,@dumpiezzz,Fireeeee,Positive
Seoul,2,1,1MILLION,idl.global,1:37:35,@avy_guel22,Goosebumps RH,Neutral
Seoul,2,1,1MILLION,idl.global,1:37:35,@hyunjinswife2248,HOMETURF,Neutral
Seoul,2,1,1MILLION,idl.global,1:37:35,@---wy8zq,BRHD WAS AMAZING,Positive
Seoul,2,1,1MILLION,idl.global,1:37:36,@eve4560,BRHD FOR DA WINNN,Positive
Seoul,2,1,1MILLION,idl.global,1:37:37,@hroyhn,BRHD WIN,Neutral
Seoul,2,1,1MILLION,idl.global,1:37:37,@roselynronquillo853,WATTT,Neutral
Seoul,2,1,1MILLION,idl.global,1:37:38,@lowkeygraphic,WAAAAAAAHHHH!!!!!!!!!!!,Positive
Seoul,2,1,1MILLION,idl.global,1:37:39,@luckyfroakie,why does every team other than 1mil seem so out of energy?? :man_cook::man_cook::man_cook:,Negative
Seoul,2,1,1MILLION,idl.global,1:37:39,@---wy8zq,THAT WAS CRAZY,Positive
Seoul,2,1,1MILLION,idl.global,1:37:41,@ellieanagnostou7545,GOOOOO BROTHERHOODD,Neutral
Seoul,2,1,1MILLION,idl.global,1:37:41,@cenamoncenamobuns,OUUUU,Positive
Seoul,2,1,1MILLION,idl.global,1:37:41,@LucasPasig,EW,Neutral
Seoul,2,1,1MILLION,idl.global,1:37:41,@bea-ok3pl,IF BROTHERHOOD DOESNT WIN IM SPOILING THE NEW SPIDERMAN MOVIE,Neutral
Seoul,2,1,1MILLION,idl.global,1:37:42,@Anastasia-rt4mi,Brotherhood,Negative
Seoul,2,1,1MILLION,idl.global,1:37:42,@vulcanifilio,spooderman,Neutral
Seoul,2,1,1MILLION,idl.global,1:37:43,@rynfrrr,SPIDER MAN,Neutral
Seoul,2,1,1MILLION,idl.global,1:37:44,@LucasPasig,LIKE A SPIDER,Neutral
Seoul,2,1,1MILLION,idl.global,1:37:44,@cenamoncenamobuns,OUUUUUUUUU,Positive
Seoul,2,1,1MILLION,idl.global,1:37:44,@takeyyshi,oh-,Neutral
Seoul,2,1,1MILLION,idl.global,1:37:45,@loraileys,okkkk,Neutral
Seoul,2,1,1MILLION,idl.global,1:37:45,@nishimurr0,dang spider,Positive
Seoul,2,1,1MILLION,idl.global,1:37:48,@kevinbriang.garcia6398,OMGGGGG,Positive
Seoul,2,1,1MILLION,idl.global,1:37:48,@noelverzosa8127,straight up favoritism on brhd btw LOLLLLL,Neutral
Seoul,2,1,1MILLION,idl.global,1:37:50,@ZylixMeta,whatt!!!,Neutral
Seoul,2,1,1MILLION,idl.global,1:37:50,@kevinbriang.garcia6398,CHAMMPSSS,Positive
Seoul,2,1,1MILLION,idl.global,1:37:51,@vahnyk,nH brdh wins,Neutral
Seoul,2,1,1MILLION,idl.global,1:37:51,@ellieanagnostou7545,GOOOOO BROTHERHOODD,Neutral
Seoul,2,1,1MILLION,idl.global,1:37:51,@takeyyshi,its giving spiderman,Neutral
Seoul,2,1,1MILLION,idl.global,1:37:51,@ohhtris,brotherhood for the win,Positive
Seoul,2,1,1MILLION,idl.global,1:37:51,@heinzfel,1 m so good,Positive
Seoul,2,1,1MILLION,idl.global,1:37:51,@melissalin1713,oh my god,Positive
Seoul,2,1,1MILLION,idl.global,1:37:52,@rosemarieupodparisan,is brotherhood done?,Neutral
Seoul,2,1,1MILLION,idl.global,1:37:52,@xshckwave,what the HELLLLL,Neutral
Seoul,2,1,1MILLION,idl.global,1:37:53,@miyowww,OH GUYSSS OHHHHH,Positive
Seoul,2,1,1MILLION,idl.global,1:37:54,@lowkeygraphic,ANOTHER CHIP!!!!,Positive
Seoul,2,1,1MILLION,idl.global,1:37:54,@KaeJiratchaya,Wow,Positive
Seoul,2,1,1MILLION,idl.global,1:37:55,@Smithanonymous,They came out with the hats and I KNEW it was gonna be :sparkles:ICONIC:sparkles:,Positive
Seoul,2,1,1MILLION,idl.global,1:37:57,@arh1d3a,omgggggg,Positive
Seoul,2,1,1MILLION,idl.global,1:37:57,@Tepaneyy,HELL NAHHHH,Positive
Seoul,2,1,1MILLION,idl.global,1:37:58,@ellieanagnostou7545,GOOOOO BROTHERHOODD,Neutral
Seoul,2,1,1MILLION,idl.global,1:37:58,@Idkkkkkkk-777,NO I MISSED BROTHERHOOD I WAS ON THE TT LIVE AND THEN IT ENDED :loudly_crying_face:,Negative
Seoul,2,1,1MILLION,idl.global,1:37:58,@victxriah,WFTFFFFFF,Neutral
Seoul,2,1,1MILLION,idl.global,1:37:58,@jairozkentbazarsoria2253,I KNOW THAT AMAZON POSE,Neutral
Seoul,2,1,1MILLION,idl.global,1:37:58,@melissalin1713,OH MY GOD,Positive
Seoul,2,1,1MILLION,idl.global,1:38:00,@sentsent7246,GG,Positive
Seoul,2,1,1MILLION,idl.global,1:38:01,@heinzfel,spider,Neutral
Seoul,2,1,1MILLION,idl.global,1:38:01,@takeyyshi,ohhhh,Positive
Seoul,2,1,1MILLION,idl.global,1:38:01,@miguelpondevida9238,WAITTTTT,Positive
Seoul,2,1,1MILLION,idl.global,1:38:01,@HoshiOkiro,DAMN,Positive
Seoul,2,1,1MILLION,idl.global,1:38:01,@bea-ok3pl,oh this is goooooddd,Positive
Seoul,2,1,1MILLION,idl.global,1:38:02,@pieceofdoe,CREEPY CRAWLY INDEED,Neutral
Seoul,2,1,1MILLION,idl.global,1:38:02,@hshszzi,weak,Negative
Seoul,2,1,1MILLION,idl.global,1:38:03,@jj1728,THIS IS CONCEPTTT!!!,Positive
Seoul,2,1,1MILLION,idl.global,1:38:03,@jjjjjjjoshu,brhd taking it,Neutral
Seoul,2,1,1MILLION,idl.global,1:38:03,@Banana-ph4vq,ER,Neutral
Seoul,2,1,1MILLION,idl.global,1:38:03,@purpleey854,Nah bruh,Neutral
Seoul,2,1,1MILLION,idl.global,1:38:04,@JouhannaLouiseGalela,if bh didnt win id cry,Negative
Seoul,2,1,1MILLION,idl.global,1:38:04,@swaragopal,EVEYONE IS FONE,Positive
Seoul,2,1,1MILLION,idl.global,1:38:04,@briannajean376,oh nah,Negative
Seoul,2,1,1MILLION,idl.global,1:38:04,@hroyhn,brhd energy was up,Neutral
Seoul,2,1,1MILLION,idl.global,1:38:05,@xshckwave,OH 1M ARE TAKING ITTT,Positive
Seoul,2,1,1MILLION,idl.global,1:38:06,@jeewonkim0111,whats up danger,Negative
Seoul,2,1,1MILLION,idl.global,1:38:07,@takeyyshi,OHHH SPIDERMAAANN,Positive
Seoul,2,1,1MILLION,idl.global,1:38:07,@ellieanagnostou7545,GOOOOO BROTHERHOODD,Neutral
Seoul,2,1,1MILLION,idl.global,1:38:08,@shiryu1094,BROTHERHOOOD TO,Neutral
Seoul,2,1,1MILLION,idl.global,1:38:08,@kunsyaman,strong start,Positive
Seoul,2,1,1MILLION,idl.global,1:38:09,@ceff_uses_cross_poison,WHATS UP DANGER,Neutral
Seoul,2,1,1MILLION,idl.global,1:38:09,@mikehawk8744,Ok,Neutral
Seoul,2,1,1MILLION,idl.global,1:38:09,@asteriawho,okaayyyyyy,Positive
Seoul,2,1,1MILLION,idl.global,1:38:09,@MotivatedPotatoKnish,yooooo,Positive
Seoul,2,1,1MILLION,idl.global,1:38:10,@vulcanifilio,ooh they didn't come to play,Negative
Seoul,2,1,1MILLION,idl.global,1:38:10,@jjjjjjjoshu,OKAY BRHD TAKING IT IM SURE,Positive
Seoul,2,1,1MILLION,idl.global,1:38:10,@swaragopal,EVETOE IS DONE,Positive
Seoul,2,1,1MILLION,idl.global,1:38:10,@lare_berry,1MMMM,Neutral
Seoul,2,1,1MILLION,idl.global,1:38:12,@shanna9821,Love this song. Spider-Man,Positive
Seoul,2,1,1MILLION,idl.global,1:38:13,@swaragopal,HOLY SHRT,Positive
Seoul,2,1,1MILLION,idl.global,1:38:13,@Tepaneyy,BRDH,Neutral
Seoul,2,1,1MILLION,idl.global,1:38:13,@whois_kenz,lowkey messy,Negative
Seoul,2,1,1MILLION,idl.global,1:38:14,@justenz5,ATEEEEEE,Positive
Seoul,2,1,1MILLION,idl.global,1:38:14,@fryllecarosus1263,"1 MILLION IS EATING TOO, SHEEESSHHHHHH",Positive
Seoul,2,1,1MILLION,idl.global,1:38:15,@ellieanagnostou7545,GOOOOO BROTHERHOODD,Neutral
Seoul,2,1,1MILLION,idl.global,1:38:16,@Tepaneyy,BRDH,Neutral
Seoul,2,1,1MILLION,idl.global,1:38:16,@j.feelinright,is this BTS song??,Neutral
Seoul,2,1,1MILLION,idl.global,1:38:16,@hyunjinswife2248,MIS,Positive
Seoul,2,1,1MILLION,idl.global,1:38:17,@F3ATH3RH3ATH3R,GRABE,Positive
Seoul,2,1,1MILLION,idl.global,1:38:17,@heinzfel,OOOOHH WHAT SUP DANGERR,Positive
Seoul,2,1,1MILLION,idl.global,1:38:17,@b__2710,1M stay messy,Negative
Seoul,2,1,1MILLION,idl.global,1:38:17,@j.feelinright,is this BTS song??,Neutral
Seoul,2,1,1MILLION,idl.global,1:38:17,@PriyobartaSorenshangbam,Ewwww sooo mid and messy,Negative
Seoul,2,1,1MILLION,idl.global,1:38:18,@bea-ok3pl,EWWW SO GOOD,Positive
Seoul,2,1,1MILLION,idl.global,1:38:18,@ken-l1p8u,DANNBB,Positive
Seoul,2,1,1MILLION,idl.global,1:38:19,@j.feelinright,is this BTS song??,Neutral
Seoul,2,1,1MILLION,idl.global,1:38:19,@Iris3cho,OMG,Positive
Seoul,2,1,1MILLION,idl.global,1:38:19,@purpleey854,Brhd cleaner,Neutral
Seoul,2,1,1MILLION,idl.global,1:38:19,@Christinaa2300,oh fkkk,Positive
Seoul,2,1,1MILLION,idl.global,1:38:19,@Kayabread,Bro 1M creativity is insane,Positive
Seoul,2,1,1MILLION,idl.global,1:38:19,@riannetenedero6233,ehhhhh,Neutral
Seoul,2,1,1MILLION,idl.global,1:38:20,@hyunjinswife2248,MID,Neutral
Seoul,2,1,1MILLION,idl.global,1:38:20,@mariselasutton957,BROOOO DIDNT 1M DO KPOP DEMON HUNTERS LIKE 2 COMPS AGO??!,Neutral
Seoul,2,1,1MILLION,idl.global,1:38:20,@j.feelinright,is this BTS song??,Neutral
Seoul,2,1,1MILLION,idl.global,1:38:20,@vhs_dreams_yt,nah this is wild,Positive
Seoul,2,1,1MILLION,idl.global,1:38:20,@skizrcha4978,LETSGO BRHD!!!,Positive
Seoul,2,1,1MILLION,idl.global,1:38:20,@ohhtris,bruh,Neutral
Seoul,2,1,1MILLION,idl.global,1:38:20,@vqyzna,yoooooooo,Positive
Seoul,2,1,1MILLION,idl.global,1:38:20,@Sean_S_00,SPIDERMAN,Neutral
Seoul,2,1,1MILLION,idl.global,1:38:21,@slayonika,bh,Neutral
Seoul,2,1,1MILLION,idl.global,1:38:21,@tookakuidude1121,different style from them,Negative
Seoul,2,1,1MILLION,idl.global,1:38:21,@j.feelinright,is this BTS song??,Neutral
Seoul,2,1,1MILLION,idl.global,1:38:22,@channe156,BHD cooking,Neutral
Seoul,2,1,1MILLION,idl.global,1:38:22,@lourencediana5680,DO WE STILL NEED TO WATCH THIS? BROTHERHOOD ALREADY WON!!,Negative
Seoul,2,1,1MILLION,idl.global,1:38:22,@jaehyunjepsen,this is mihawk's,Neutral
Seoul,2,1,1MILLION,idl.global,1:38:22,@ewrinka,kinda boring 🫩,Negative
Seoul,2,1,1MILLION,idl.global,1:38:23,@ellieanagnostou7545,GOOOOO BROTHERHOODD,Neutral
Seoul,2,1,1MILLION,idl.global,1:38:23,@kunsyaman,IS THIS MONSTA X,Neutral
Seoul,2,1,1MILLION,idl.global,1:38:23,@ohhtris,why dat,Negative
Seoul,2,1,1MILLION,idl.global,1:38:24,@heinzfel,THE SPIDERMAN SONG DURING SPIDERMAN SEASONNNN,Neutral
Seoul,2,1,1MILLION,idl.global,1:38:24,@DevsCarbin,SAJA BOY PA RENNNNNNNNNNNNNNNNNN,Positive
Seoul,2,1,1MILLION,idl.global,1:38:24,@vahnyk,rigged if brhd doesnt win,Negative
Seoul,2,1,1MILLION,idl.global,1:38:25,@æ-ditt,go 1m,Neutral
Seoul,2,1,1MILLION,idl.global,1:38:25,@Shortfilmjudge123,dammmn,Positive
Seoul,2,1,1MILLION,idl.global,1:38:25,@hyunjinswife2248,NAH,Neutral
Seoul,2,1,1MILLION,idl.global,1:38:25,@jj1728,FOCCCCC,Positive
Seoul,2,1,1MILLION,idl.global,1:38:26,@Tepaneyy,GUYSSSS VOTEEE FOR BRDH,Neutral
Seoul,2,1,1MILLION,idl.global,1:38:26,@xshckwave,all the brhd fans mad that they eating tf up,Negative
Seoul,2,1,1MILLION,idl.global,1:38:26,@lourencediana5680,DO WE STILL NEED TO WATCH THIS? BROTHERHOOD ALREADY WON!!,Negative
Seoul,2,1,1MILLION,idl.global,1:38:26,@rionvert,underwhelming,Negative
Seoul,2,1,1MILLION,idl.global,1:38:26,@riwandaalexandra,YESSSSSS 1MILLIONNNMMM,Positive
Seoul,2,1,1MILLION,idl.global,1:38:27,@ellieanagnostou7545,GOOOOO BROTHERHOODD,Neutral
Seoul,2,1,1MILLION,idl.global,1:38:28,@angie.n9u,Brotherhood is better,Neutral
Seoul,2,1,1MILLION,idl.global,1:38:30,@stupidlynene5633,i love this style omg,Positive
Seoul,2,1,1MILLION,idl.global,1:38:30,@skizrcha4978,BRHD SWEEP,Positive
Seoul,2,1,1MILLION,idl.global,1:38:30,@richardmagdasal4153,they Stick to demons always,Negative
Seoul,2,1,1MILLION,idl.global,1:38:31,@whois_kenz,boring,Negative
Seoul,2,1,1MILLION,idl.global,1:38:31,@Mxkoelle,HOLY SPIDERMAN,Positive
Seoul,2,1,1MILLION,idl.global,1:38:32,@LaurenceOrcana,rffffffdfffffffffffff,Neutral
Seoul,2,1,1MILLION,idl.global,1:38:32,@shanna9821,Song from Spider-Man into spider verse,Neutral
Seoul,2,1,1MILLION,idl.global,1:38:32,@lourencediana5680,DO WE STILL NEED TO WATCH THIS? BROTHERHOOD ALREADY WON!!,Negative
Seoul,2,1,1MILLION,idl.global,1:38:32,@æ-ditt,GO 1M,Neutral
Seoul,2,1,1MILLION,idl.global,1:38:33,@takeyyshi,so kewl tho,Positive
Seoul,2,1,1MILLION,idl.global,1:38:33,@dracosession3893,oh i thought they were STILL gonna go crazy,Negative
Seoul,2,1,1MILLION,idl.global,1:38:33,@vhs_dreams_yt,"nooooooooooo, this is mild",Positive
Seoul,2,1,1MILLION,idl.global,1:38:34,@ellieanagnostou7545,GOOOOO BROTHERHOODD,Neutral
Seoul,2,1,1MILLION,idl.global,1:38:34,@RubyCrystal-u1y,boring,Negative
Seoul,2,1,1MILLION,idl.global,1:38:34,@benedicttamayo9799,Still Brotherhood!!,Negative
Seoul,2,1,1MILLION,idl.global,1:38:34,@toshq_q,nahhh,Negative
Seoul,2,1,1MILLION,idl.global,1:38:34,@reneangelooooo,mid,Negative
Seoul,2,1,1MILLION,idl.global,1:38:35,@bea-ok3pl,brhd 1st 1m 2nd rf 3rd,Neutral
Seoul,2,1,1MILLION,idl.global,1:38:36,@hyunjinswife2248,NOPE,Negative
Seoul,2,1,1MILLION,idl.global,1:38:36,@playingwithoutcredit,WHAT,Neutral
Seoul,2,1,1MILLION,idl.global,1:38:36,@GlenCanillas,bh,Neutral
Seoul,2,1,1MILLION,idl.global,1:38:36,@lourencediana5680,DO WE STILL NEED TO WATCH THIS? BROTHERHOOD ALREADY WON!!,Negative
Seoul,2,1,1MILLION,idl.global,1:38:37,@gretaaa7122,They need to winn,Neutral
Seoul,2,1,1MILLION,idl.global,1:38:37,@takeyyshi,brotherhoods good also,Positive
Seoul,2,1,1MILLION,idl.global,1:38:37,@SOMMLAPTOP,WOAHHH,Positive
Seoul,2,1,1MILLION,idl.global,1:38:37,@7valeritha,naaaah brotherhood ateeee,Negative
Seoul,2,1,1MILLION,idl.global,1:38:38,@ginalyndizon2400,I million is leveling uppppo,Positive
Seoul,2,1,1MILLION,idl.global,1:38:38,@ReVeLy-ez3qt,WHAT SONG IS THIS,Neutral
Seoul,2,1,1MILLION,idl.global,1:38:39,@ellieanagnostou7545,GOOOOO BROTHERHOODD,Neutral
Seoul,2,1,1MILLION,idl.global,1:38:39,@eve4560,BRHD COOKED,Neutral
Seoul,2,1,1MILLION,idl.global,1:38:39,@noelverzosa8127,"if not RF, 1MILLIONNNN!!!!!!!!",Neutral
Seoul,2,1,1MILLION,idl.global,1:38:40,@ohhtris,fire brotherhood,Positive
Seoul,2,1,1MILLION,idl.global,1:38:40,@lare_berry,YAAAAASSSSS,Positive
Seoul,2,1,1MILLION,idl.global,1:38:40,@riannetenedero6233,EHHHHHHHH,Positive
Seoul,2,1,1MILLION,idl.global,1:38:40,@ArgelJosephTamelin,BROTHERHOOD SET STANDARD HIGH HAHAHAHA MID,Neutral
Seoul,2,1,1MILLION,idl.global,1:38:41,@GlenCanillas,bh,Neutral
Seoul,2,1,1MILLION,idl.global,1:38:41,@kevinbriang.garcia6398,OMGGG,Positive
Seoul,2,1,1MILLION,idl.global,1:38:41,@DJJD17,wowwwwwww!,Positive
Seoul,2,1,1MILLION,idl.global,1:38:41,@justinguiniling4675,no energy,Negative
Seoul,2,1,1MILLION,idl.global,1:38:42,@Karlzrkx,music kinda lamd but the dance is freaking clean,Positive
Seoul,2,1,1MILLION,idl.global,1:38:42,@hshszzi,WOAHHY,Positive
Seoul,2,1,1MILLION,idl.global,1:38:42,@PriyobartaSorenshangbam,Ewww so mid,Negative
Seoul,2,1,1MILLION,idl.global,1:38:42,@kunsyaman,WHATS UP DANGER,Neutral
Seoul,2,1,1MILLION,idl.global,1:38:42,@tosenzoe,mid,Negative
Seoul,2,1,1MILLION,idl.global,1:38:42,@shiryu1094,BROTHERHOOD,Neutral
Seoul,2,1,1MILLION,idl.global,1:38:43,@dracosession3893,helppp brhd still cleared at the end :loudly_crying_face::loudly_crying_face::loudly_crying_face:,Negative
Seoul,2,1,1MILLION,idl.global,1:38:43,@fryllecarosus1263,OH SHIIII,Positive
Seoul,2,1,1MILLION,idl.global,1:38:43,@yukaaa3212,ATE,Positive
Seoul,2,1,1MILLION,idl.global,1:38:43,@toshq_q,good but mid,Negative
Seoul,2,1,1MILLION,idl.global,1:38:44,@guuuu7j7654,Nop,Neutral
Seoul,2,1,1MILLION,idl.global,1:38:44,@tookakuidude1121,i love number 7 so muchhh,Positive
Seoul,2,1,1MILLION,idl.global,1:38:44,@vhs_dreams_yt,brothredhood won again.,Negative
Seoul,2,1,1MILLION,idl.global,1:38:44,@jj1728,EYYYYY,Positive
Seoul,2,1,1MILLION,idl.global,1:38:45,@whois_kenz,lowkey mid and boring,Negative
Seoul,2,1,1MILLION,idl.global,1:38:45,@ellieanagnostou7545,GOOOOO BROTHERHOODD,Neutral
Seoul,2,1,1MILLION,idl.global,1:38:45,@lourencediana5680,DO WE STILL NEED TO WATCH THIS? BROTHERHOOD ALREADY WON!!,Negative
Seoul,2,1,1MILLION,idl.global,1:38:45,@SOMMLAPTOP,2NDDDD,Neutral
Seoul,2,1,1MILLION,idl.global,1:38:46,@PriyobartaSorenshangbam,Sooo midd ewww,Positive
Seoul,2,1,1MILLION,idl.global,1:38:46,@inomkape,spiderman theme,Neutral
Seoul,2,1,1MILLION,idl.global,1:38:46,@nevieluvs,BH god it,Negative
Seoul,2,1,1MILLION,idl.global,1:38:47,@ajparaiso8455,Underwhelming,Negative
Seoul,2,1,1MILLION,idl.global,1:38:47,@stooopeeed,NAHHH,Neutral
Seoul,2,1,1MILLION,idl.global,1:38:47,@hyunjinswife2248,"ok lang panalo pa rin sila, home turf hHa",Positive
Seoul,2,1,1MILLION,idl.global,1:38:48,@hshszzi,woah,Positive
Seoul,2,1,1MILLION,idl.global,1:38:48,@bea-ok3pl,good but brotherhood cooked,Negative
Seoul,2,1,1MILLION,idl.global,1:38:49,@hroyhn,brhd was better,Negative
Seoul,2,1,1MILLION,idl.global,1:38:49,@mathyunghyunsukieee3957,WALA NA BRHD NA TALAGA :rolling_on_the_floor_laughing:,Neutral
Seoul,2,1,1MILLION,idl.global,1:38:49,@crsn.j,oh i expected too much,Negative
Seoul,2,1,1MILLION,idl.global,1:38:49,@iamveryontheway,CROWNS UP! CROWNS UP! CROWNS UP!:crown::crown::crown::crown::crown::crown::crown::crown::crown::crown::crown::crown::crown::crown:,Positive
Seoul,2,1,1MILLION,idl.global,1:38:50,@ellieanagnostou7545,GOOOOO BROTHERHOODD,Neutral
Seoul,2,1,1MILLION,idl.global,1:38:50,@PriyobartaSorenshangbam,Ewwwww,Positive
Seoul,2,1,1MILLION,idl.global,1:38:51,@shanna9821,What’s up danger from into the spider verse,Negative
Seoul,2,1,1MILLION,idl.global,1:38:52,@JudryRuz-j7f,BROTHERHOOD,Neutral
Seoul,2,1,1MILLION,idl.global,1:38:52,@eleonoradibellucci2352,nahh they winning this,Positive
Seoul,2,1,1MILLION,idl.global,1:38:52,@dumpiezzz,This good asf,Positive
Seoul,2,1,1MILLION,idl.global,1:38:52,@rtyoen7270,Brotherhoodsss wass goatedd broo,Positive
Seoul,2,1,1MILLION,idl.global,1:38:53,@vahnyk,music lame,Negative
Seoul,2,1,1MILLION,idl.global,1:38:53,@dracosession3893,Music couldve been better oml,Negative
Seoul,2,1,1MILLION,idl.global,1:38:53,@user-pt5lm8ic4l,OHHHHHH,Positive
Seoul,2,1,1MILLION,idl.global,1:38:54,@kenjifd,IDK WHAT TO SAY,Negative
Seoul,2,1,1MILLION,idl.global,1:38:54,@mulaaxmoraa,imagine going after brotherhood,Negative
Seoul,2,1,1MILLION,idl.global,1:38:54,@KeiSumiyoshi,NAHHHH MID,Negative
Seoul,2,1,1MILLION,idl.global,1:38:55,@SOMMLAPTOP,ITS SPIDER MAN DAY,Neutral
Seoul,2,1,1MILLION,idl.global,1:38:55,@melissalin1713,the synchronization is insane,Positive
Seoul,2,1,1MILLION,idl.global,1:38:55,@Eievuy,If they have judas as the second set they would've have won bcs wth is this?,Negative
Seoul,2,1,1MILLION,idl.global,1:38:55,@sqjrq,oh shii,Positive
Seoul,2,1,1MILLION,idl.global,1:38:56,@pritongsabaw2878,ala,Negative
Seoul,2,1,1MILLION,idl.global,1:38:56,@johndomingo7019,woooo\,Positive
Seoul,2,1,1MILLION,idl.global,1:38:56,@rtbd.6933,its cringey,Negative
Seoul,2,1,1MILLION,idl.global,1:38:56,@lykosine,WOA,Neutral
Seoul,2,1,1MILLION,idl.global,1:38:56,@alexie-x5i,YOOOOOO,Positive
Seoul,2,1,1MILLION,idl.global,1:38:57,@RubyCrystal-u1y,mild,Negative
Seoul,2,1,1MILLION,idl.global,1:38:57,@loraileys,they good but song ain't giving .,Negative
Seoul,2,1,1MILLION,idl.global,1:38:57,@toshq_q,too many hand movements,Negative
Seoul,2,1,1MILLION,idl.global,1:38:57,@dollie3488,LETS GO BROTHERHOOD WONNNN,Positive
Seoul,2,1,1MILLION,idl.global,1:38:57,@jjjjjjjoshu,yea brhd came clean,Positive
Seoul,2,1,1MILLION,idl.global,1:38:57,@ginalyndizon2400,they're leveling upppp,Positive
Seoul,2,1,1MILLION,idl.global,1:38:58,@jj1728,THEY TAKING THISSSSSS,Positive
Seoul,2,1,1MILLION,idl.global,1:38:58,@Seunlii-u9n,WOW THIS IS GOOD,Positive
Seoul,2,1,1MILLION,idl.global,1:38:58,@ohhtris,lets vote for brotherhood,Neutral
Seoul,2,1,1MILLION,idl.global,1:38:59,@Mavisymra,oh.. uhm,Neutral
Seoul,2,1,1MILLION,idl.global,1:38:59,@kweensh1t,that was cleannn,Positive
Seoul,2,1,1MILLION,idl.global,1:38:59,@Eievuy,If they have judas as the second set they would've have won bcs wth is this?,Negative
Seoul,2,1,1MILLION,idl.global,1:38:59,@takeyyshi,naangasan parin ako sa hat ng brhd :loudly_crying_face:,Neutral
Seoul,2,1,1MILLION,idl.global,1:39:00,@ellieanagnostou7545,GOOOOO BROTHERHOODD,Neutral
Seoul,2,1,1MILLION,idl.global,1:39:00,@vmese,bro,Neutral
Seoul,2,1,1MILLION,idl.global,1:39:00,@vqyzna,HOLLYYYYYY 1M,Positive
Seoul,2,1,1MILLION,idl.global,1:39:00,@rtyoen7270,Brotherhoods best set definitely,Positive
Seoul,2,1,1MILLION,idl.global,1:39:00,@agustu_iosifdivinagracia_d7220,1MILLIONNN OMG,Positive
Seoul,2,1,1MILLION,idl.global,1:39:01,@ashwoned,SPIDERMAN??!!!,Neutral
Seoul,2,1,1MILLION,idl.global,1:39:01,@MotivatedPotatoKnish,this fire,Positive
Seoul,2,1,1MILLION,idl.global,1:39:01,@mikomontemayor8183,gosh 1million,Positive
Seoul,2,1,1MILLION,idl.global,1:39:01,@loraileys,ohhhhh,Positive
Seoul,2,1,1MILLION,idl.global,1:39:02,@toshikobiko,OUUUUUUUUU,Positive
Seoul,2,1,1MILLION,idl.global,1:39:03,@gi_722,eyyy,Positive
Seoul,2,1,1MILLION,idl.global,1:39:03,@b25kyleclareyvillareal66,1mil diff,Neutral
Seoul,2,1,1MILLION,idl.global,1:39:04,@richardmagdasal4153,they diss the brh too popping,Neutral
Seoul,2,1,1MILLION,idl.global,1:39:04,@avy_guel22,Lakass din,Positive
Seoul,2,1,1MILLION,idl.global,1:39:04,@bruhify786,damn this one might beat brotherhood,Negative
Seoul,2,1,1MILLION,idl.global,1:39:05,@victxriah,cleannnn,Positive
Seoul,2,1,1MILLION,idl.global,1:39:05,@cottonmyeon2775,Shongit music,Neutral
Seoul,2,1,1MILLION,idl.global,1:39:05,@mikehawk8744,I lowkey like their first one better,Positive
Seoul,2,1,1MILLION,idl.global,1:39:05,@justenz5,HOLY SHYT,Positive
Seoul,2,1,1MILLION,idl.global,1:39:05,@alvindevibar5193,brotherhood still got it,Negative
Seoul,2,1,1MILLION,idl.global,1:39:06,@dracosession3893,"they did so good at R1, why this song bye",Negative
Seoul,2,1,1MILLION,idl.global,1:39:06,@DJJD17,debbyyyyyy!!!!,Positive
Seoul,2,1,1MILLION,idl.global,1:39:07,@jjjjjjjoshu,right..right,Neutral
Seoul,2,1,1MILLION,idl.global,1:39:07,@meow_meowieee,THE FORMATIONS!?,Neutral
Seoul,2,1,1MILLION,idl.global,1:39:08,@yowzzz05,POPPINGGG,Positive
Seoul,2,1,1MILLION,idl.global,1:39:08,@RafaelWFH,IF 1M WON ITS COOK,Negative
Seoul,2,1,1MILLION,idl.global,1:39:08,@yancylaraine1791,LINISSSSS,Positive
Seoul,2,1,1MILLION,idl.global,1:39:08,@biancapatiag,OKAY tutting and popping,Neutral
Seoul,2,1,1MILLION,idl.global,1:39:09,@vmese,they're taking this,Neutral
Seoul,2,1,1MILLION,idl.global,1:39:09,@chen61197,Woahhhhh,Positive
Seoul,2,1,1MILLION,idl.global,1:39:10,@kunsyaman,poppers cld be stronger icl,Negative
Seoul,2,1,1MILLION,idl.global,1:39:10,@UwU-on8kq,THEY EATINGGG\,Positive
Seoul,2,1,1MILLION,idl.global,1:39:10,@Not_kassu,HOLYYY,Positive
Seoul,2,1,1MILLION,idl.global,1:39:10,@kenjifd,YOOOO,Positive
Seoul,2,1,1MILLION,idl.global,1:39:10,@hyunjinswife2248,NAHHHHH,Positive
Seoul,2,1,1MILLION,idl.global,1:39:10,@mathyunghyunsukieee3957,knpop demon hunter tau :rolling_on_the_floor_laughing:,Negative
Seoul,2,1,1MILLION,idl.global,1:39:11,@Aether_Yang,dqmn,Neutral
Seoul,2,1,1MILLION,idl.global,1:39:11,@mikehawk8744,Ok that was clean,Positive
Seoul,2,1,1MILLION,idl.global,1:39:11,@RubyCrystal-u1y,ok 3rd PLACE!,Positive
Seoul,2,1,1MILLION,idl.global,1:39:11,@lare_berry,NICEEEE,Positive
Seoul,2,1,1MILLION,idl.global,1:39:12,@SOMMLAPTOP,WOAHHHHHHHHHHHHHHHH,Positive
Seoul,2,1,1MILLION,idl.global,1:39:12,@loraileys,wait they eating,Neutral
Seoul,2,1,1MILLION,idl.global,1:39:12,@nevieluvs,mid song choice,Negative
Seoul,2,1,1MILLION,idl.global,1:39:12,@Yuedrgn,YOOOO,Positive
Seoul,2,1,1MILLION,idl.global,1:39:12,@Kayabread,Oh shit danggg,Positive
Seoul,2,1,1MILLION,idl.global,1:39:13,@jj1728,NAHHH THEY TAKING THISSSS WIN,Positive
Seoul,2,1,1MILLION,idl.global,1:39:13,@takeyyshi,spidermann,Neutral
Seoul,2,1,1MILLION,idl.global,1:39:13,@ellieanagnostou7545,BRHD was way better,Negative
Seoul,2,1,1MILLION,idl.global,1:39:13,@wonpiri___jinani3340,YUP THEYRE TAKING IT,Positive
Seoul,2,1,1MILLION,idl.global,1:39:13,@vmese,no way,Negative
Seoul,2,1,1MILLION,idl.global,1:39:14,@dollie3488,BROTHERHOOD,Neutral
Seoul,2,1,1MILLION,idl.global,1:39:14,@wonpiri___jinani3340,HOLY SHT,Positive
Seoul,2,1,1MILLION,idl.global,1:39:14,@UwU-on8kq,POPPINGGGG,Positive
Seoul,2,1,1MILLION,idl.global,1:39:15,@acotek56,this is asome,Positive
Seoul,2,1,1MILLION,idl.global,1:39:15,@patcharasudapetcharat3228,บราเต้อฮูดที่รัก มาแน่,Positive
Seoul,2,1,1MILLION,idl.global,1:39:16,@ellieanagnostou7545,GOOOOO BROTHERHOODD,Neutral
Seoul,2,1,1MILLION,idl.global,1:39:16,@KaeJiratchaya,Brotherhood was so in sync,Positive
Seoul,2,1,1MILLION,idl.global,1:39:16,@playingwithoutcredit,DAYM\,Positive
Seoul,2,1,1MILLION,idl.global,1:39:16,@Tepaneyy,BDRH,Neutral
Seoul,2,1,1MILLION,idl.global,1:39:17,@UwU-on8kq,INSANE,Positive
Seoul,2,1,1MILLION,idl.global,1:39:17,@Anastasia-rt4mi,Good afs,Positive
Seoul,2,1,1MILLION,idl.global,1:39:17,@axelsnootnoot,NOT THE BUMSUP REFERENCE,Negative
Seoul,2,1,1MILLION,idl.global,1:39:18,@lykosine,OH SHI,Positive
Seoul,2,1,1MILLION,idl.global,1:39:19,@acotek56,awsome,Positive
Seoul,2,1,1MILLION,idl.global,1:39:19,@eve4560,1M SLAYY BUT BRHD CONCEPT IS EVERYTHING,Negative
Seoul,2,1,1MILLION,idl.global,1:39:19,@notkat_vlogs,NOOOO THEY COULDVE DONE BETTERRRR BUT BROTHERHOOD SUCKED,Negative
Seoul,2,1,1MILLION,idl.global,1:39:19,@meow_meowieee,FREAKKK!,Positive
Seoul,2,1,1MILLION,idl.global,1:39:19,@ellieanagnostou7545,GOOOOO BROTHERHOODD,Neutral
Seoul,2,1,1MILLION,idl.global,1:39:19,@benedicttamayo9799,BROTHERHOOD,Neutral
Seoul,2,1,1MILLION,idl.global,1:39:19,@ifskate420,oh,Neutral
Seoul,2,1,1MILLION,idl.global,1:39:20,@briannajean376,need rf to 2nd place :downcast_face_with_sweat::downcast_face_with_sweat:,Neutral
Seoul,2,1,1MILLION,idl.global,1:39:20,@Bitcxbed,crazyyy,Positive
Seoul,2,1,1MILLION,idl.global,1:39:20,@whois_kenz,mid song,Negative
Seoul,2,1,1MILLION,idl.global,1:39:20,@takeyyshi,wats up danger,Negative
Seoul,2,1,1MILLION,idl.global,1:39:21,@gretaaa7122,They be eating every time,Negative
Seoul,2,1,1MILLION,idl.global,1:39:22,@arianborgonia7645,SHETTTT,Positive
Seoul,2,1,1MILLION,idl.global,1:39:22,@SOMMLAPTOP,CLOCKKKKKK,Negative
Seoul,2,1,1MILLION,idl.global,1:39:22,@joshuapilapil9805,DAMN,Positive
Seoul,2,1,1MILLION,idl.global,1:39:22,@lare_berry,YASSSSSSSSSSSSSSSS,Positive
Seoul,2,1,1MILLION,idl.global,1:39:22,@xshckwave,IF 1M DONT WIN ITS RIGGED,Negative
Seoul,2,1,1MILLION,idl.global,1:39:23,@CallMeTpain,spider man conceptttttttttttttt,Positive
Seoul,2,1,1MILLION,idl.global,1:39:23,@sentsent7246,GG CREATIVITY,Positive
Seoul,2,1,1MILLION,idl.global,1:39:23,@jj1728,YUPPP THEY WILL TAKE ITTTTTT,Positive
Seoul,2,1,1MILLION,idl.global,1:39:23,@mariabrigettetiburcio5097,bat yan nanalo dinaya bi,Negative
Seoul,2,1,1MILLION,idl.global,1:39:23,@vmese,bro they're eatingg,Positive
Seoul,2,1,1MILLION,idl.global,1:39:23,@hshszzi,"WEAKK JUST KIDDING, THIS IS SOO PEAKKKKKKK",Positive
Seoul,2,1,1MILLION,idl.global,1:39:23,@aliyaisabel,oh they’re taking this,Positive
Seoul,2,1,1MILLION,idl.global,1:39:23,@ellieanagnostou7545,GOOOOO BROTHERHOODD,Neutral
Seoul,2,1,1MILLION,idl.global,1:39:23,@oratricemechaniquedeanalyse,PWEDE NA 2ND PLACE HAHAHAHAHA,Positive
Seoul,2,1,1MILLION,idl.global,1:39:24,@RubyCrystal-u1y,ok 3rd PLACE,Neutral
Seoul,2,1,1MILLION,idl.global,1:39:24,@justenz5,HOLY SHSTTTTTTT,Positive
Seoul,2,1,1MILLION,idl.global,1:39:24,@spencersayno,Lets Go BROTHERHOOD :man_dancing::fire::raising_hands::musical_notes:,Neutral
Seoul,2,1,1MILLION,idl.global,1:39:24,@Bitcxbed,zamn,Positive
Seoul,2,1,1MILLION,idl.global,1:39:24,@meow_meowieee,WOHHHHHH,Positive
Seoul,2,1,1MILLION,idl.global,1:39:25,@fbhthkdxs,songggggggggggggggggggggggg boring,Negative
Seoul,2,1,1MILLION,idl.global,1:39:25,@ca.a.,BROTHERHOOD,Neutral
Seoul,2,1,1MILLION,idl.global,1:39:25,@fryllecarosus1263,OHHH SHIIIII,Positive
Seoul,2,1,1MILLION,idl.global,1:39:25,@applenewyorkg,지리넹,Negative
Seoul,2,1,1MILLION,idl.global,1:39:26,@Ziweee,oh this is gonna be a hard pick between 1M and BRH,Negative
Seoul,2,1,1MILLION,idl.global,1:39:26,@jeduthunzang,pftttttt that was crazy doe,Positive
Seoul,2,1,1MILLION,idl.global,1:39:26,@tsukki5536,kinda mid,Negative
Seoul,2,1,1MILLION,idl.global,1:39:26,@rtbd.6933,cringe:grimacing_face::grimacing_face::grimacing_face::grimacing_face:,Negative
Seoul,2,1,1MILLION,idl.global,1:39:27,@vahnyk,brhd wins,Neutral
Seoul,2,1,1MILLION,idl.global,1:39:27,@iyelll_r,1M ULTING BRU,Positive
Seoul,2,1,1MILLION,idl.global,1:39:27,@roselynronquillo853,DANGGG,Positive
Seoul,2,1,1MILLION,idl.global,1:39:27,@HoshiOkiro,SO CLEAN OMMH HI,Positive
Seoul,2,1,1MILLION,idl.global,1:39:28,@itsbig.zee2002,Tuff,Negative
Seoul,2,1,1MILLION,idl.global,1:39:28,@ThereseViane,BRUH I CAN'T CHOOSE BETWEEN BRHD & 1M,Negative
Seoul,2,1,1MILLION,idl.global,1:39:28,@nevieluvs,mid sonf,Neutral
Seoul,2,1,1MILLION,idl.global,1:39:28,@vqyzna,NAILLEEDDD,Positive
Seoul,2,1,1MILLION,idl.global,1:39:28,@ellieanagnostou7545,GOOOOO BROTHERHOODD,Neutral
Seoul,2,1,1MILLION,idl.global,1:39:28,@NevereverMindeddd,BROTHERHOOD GONNA WIN,Neutral
Seoul,2,1,1MILLION,idl.global,1:39:28,@mariabrigettetiburcio5097,makalat,Negative
Seoul,2,1,1MILLION,idl.global,1:39:29,@Laurenlbsmp,the song,Neutral
Seoul,2,1,1MILLION,idl.global,1:39:29,@jjjjjjjoshu,BEHD IS CREATIVE,Positive
Seoul,2,1,1MILLION,idl.global,1:39:30,@JavenSanchez-f2z,halata na b,Negative
Seoul,2,1,1MILLION,idl.global,1:39:30,@kunsyaman,OH I SAW BUMSUP TOO,Neutral
Seoul,2,1,1MILLION,idl.global,1:39:30,@risua3420,HELL YEAHHH,Positive
Seoul,2,1,1MILLION,idl.global,1:39:30,@mobfrmdb,if you say mid we your ur BIASED LOLLLLL,Neutral
Seoul,2,1,1MILLION,idl.global,1:39:30,@benedicttamayo9799,1M 3rd place,Neutral
Seoul,2,1,1MILLION,idl.global,1:39:32,@Bitcxbed,dangerrr,Negative
Seoul,2,1,1MILLION,idl.global,1:39:33,@purpleey854,Brhd cleaner ngl,Negative
Seoul,2,1,1MILLION,idl.global,1:39:33,@rodelynledres6321,ironic how the koreans didn’t use a kpop track but ok,Negative
Seoul,2,1,1MILLION,idl.global,1:39:34,@ellieanagnostou7545,GOOOOO BROTHERHOODD,Neutral
Seoul,2,1,1MILLION,idl.global,1:39:34,@takeyyshi,nailedddd,Positive
Seoul,2,1,1MILLION,idl.global,1:39:35,@ThereseJazzypimentel,VOTE BROTHERHOOD GUYSSS,Neutral
Seoul,2,1,1MILLION,idl.global,1:39:35,@ReVeLy-ez3qt,AYEEEEEE ATEEEEEE,Positive
Seoul,2,1,1MILLION,idl.global,1:39:35,@UwU-on8kq,OUH SHIII,Positive
Seoul,2,1,1MILLION,idl.global,1:39:35,@itsbig.zee2002,THIS ONE IS HARD MAN,Negative
Seoul,2,1,1MILLION,idl.global,1:39:36,@lykosine,OMH,Neutral
Seoul,2,1,1MILLION,idl.global,1:39:36,@ejall770,Brotherhoood won,Positive
Seoul,2,1,1MILLION,idl.global,1:39:36,@æ-ditt,eyyyyy,Positive
Seoul,2,1,1MILLION,idl.global,1:39:36,@shawn_02,oh shocks it aint clean,Negative
Seoul,2,1,1MILLION,idl.global,1:39:38,@avy_guel22,Aaaaaaaa ateee,Positive
Seoul,2,1,1MILLION,idl.global,1:39:38,@lexiewescott445,1m winning this,Positive
Seoul,2,1,1MILLION,idl.global,1:39:39,@patcharasudapetcharat3228,Brhd เก็บหมด,Neutral
Seoul,2,1,1MILLION,idl.global,1:39:39,@channe156,"Choreography 1M , Creativity BHD",Neutral
Seoul,2,1,1MILLION,idl.global,1:39:39,@parkjihou,BROTHERHOOD GUYS LEZZGO SAJAHOOD,Neutral
Seoul,2,1,1MILLION,idl.global,1:39:40,@SOMMLAPTOP,CREATIVITYYYY,Positive
Seoul,2,1,1MILLION,idl.global,1:39:41,@RubyCrystal-u1y,boring,Negative
Seoul,2,1,1MILLION,idl.global,1:39:41,@Logan-r8n8h,Mhmmhmgmgmgmgmgmhm maybeeed,Neutral
Seoul,2,1,1MILLION,idl.global,1:39:41,@1Catherine,Brotherhood is winning this round,Positive
Seoul,2,1,1MILLION,idl.global,1:39:41,@UwU-on8kq,WHAT,Neutral
Seoul,2,1,1MILLION,idl.global,1:39:42,@kunsyaman,MIHAWKKKKKKK,Positive
Seoul,2,1,1MILLION,idl.global,1:39:42,@jjjjjjjoshu,we all YES WEEE all voting for brhd,Positive
Seoul,2,1,1MILLION,idl.global,1:39:42,@NoahEvangelista-123,BROOOO WTH,Neutral
Seoul,2,1,1MILLION,idl.global,1:39:42,@ThereseJazzypimentel,VOTE BROTHERHOOD GUYSSS,Neutral
Seoul,2,1,1MILLION,idl.global,1:39:42,@noriiiibeeddoo,this is good too,Positive
Seoul,2,1,1MILLION,idl.global,1:39:43,@MJH977,crowd oohhing and ahhhing for what when they didn't react like this for RF and Brotherhood LOL,Negative
Seoul,2,1,1MILLION,idl.global,1:39:43,@takeyyshi,SHITS GOOD,Positive
Seoul,2,1,1MILLION,idl.global,1:39:43,@VincentJeffBaronOfonda,brotherhood might loose :face_with_peeking_eye::face_with_peeking_eye::face_with_peeking_eye::face_with_peeking_eye::face_with_open_eyes_and_hand_over_mouth:,Negative
Seoul,2,1,1MILLION,idl.global,1:39:44,@maisieynion,1M vs BRHD :fire::fire::fire:,Positive
Seoul,2,1,1MILLION,idl.global,1:39:45,@CineClip_01,FIRST PIECE BETTER!!!!,Positive
Seoul,2,1,1MILLION,idl.global,1:39:45,@shawn_02,it aint clean,Negative
Seoul,2,1,1MILLION,idl.global,1:39:45,@RubyCrystal-u1y,mild,Negative
Seoul,2,1,1MILLION,idl.global,1:39:45,@DrakeIm-y9y,OOOHHH,Positive
Seoul,2,1,1MILLION,idl.global,1:39:45,@DNCharLeys,1 MILLION STRONG CONTENDERR,Neutral
Seoul,2,1,1MILLION,idl.global,1:39:45,@shiryu1094,BROTHERHOOD,Neutral
Seoul,2,1,1MILLION,idl.global,1:39:46,@justenz5,THEY WON,Positive
Seoul,2,1,1MILLION,idl.global,1:39:46,@noriiiibeeddoo,i love this song,Positive
Seoul,2,1,1MILLION,idl.global,1:39:46,@rayrey0-1,Mmmmm,Neutral
Seoul,2,1,1MILLION,idl.global,1:39:46,@soupuuuaaa,BAEK KOOYOUNGGGGGGG,Positive
Seoul,2,1,1MILLION,idl.global,1:39:46,@toshq_q,"too many scenarios, not dance",Negative
Seoul,2,1,1MILLION,idl.global,1:39:46,@vmese,clean,Positive
Seoul,2,1,1MILLION,idl.global,1:39:47,@roselynronquillo853,THIS IS HARDDDDD,Negative
Seoul,2,1,1MILLION,idl.global,1:39:47,@ellieanagnostou7545,brhd way cleaner dude,Negative
Seoul,2,1,1MILLION,idl.global,1:39:47,@sentsent7246,1 MILLION WILL WIN THIS LOL,Positive
Seoul,2,1,1MILLION,idl.global,1:39:48,@Nyx_ze67,brhd won,Neutral
Seoul,2,1,1MILLION,idl.global,1:39:48,@noelverzosa8127,"IF NOT ROYAL FAMILY, 1MILLION!! SWF SISTERS",Neutral
Seoul,2,1,1MILLION,idl.global,1:39:48,@Aether_Yang,damn the song hit,Positive
Seoul,2,1,1MILLION,idl.global,1:39:48,@Eievuy,This was such a letdown in R2 im so mad,Negative
Seoul,2,1,1MILLION,idl.global,1:39:49,@ThereseJazzypimentel,VOTE BROTHERHOOD GUYSSS,Neutral
Seoul,2,1,1MILLION,idl.global,1:39:49,@playingwithoutcredit,bro who do vote for,Neutral
Seoul,2,1,1MILLION,idl.global,1:39:49,@Laurenlbsmp,?????,Neutral
Seoul,2,1,1MILLION,idl.global,1:39:50,@aintnate14,BROTHERHOOOOOD,Neutral
Seoul,2,1,1MILLION,idl.global,1:39:50,@oratricemechaniquedeanalyse,SAJA-HOOD PA DIN!!!!!,Positive
Seoul,2,1,1MILLION,idl.global,1:39:50,@UwU-on8kq,HOLYYY,Positive
Seoul,2,1,1MILLION,idl.global,1:39:50,@soupuuuaaa,MIHAWK BACKKKKKKKKKK,Positive
Seoul,2,1,1MILLION,idl.global,1:39:51,@3verthay,LETS GOOOO BROTHERHOOD,Positive
Seoul,2,1,1MILLION,idl.global,1:39:51,@JudryRuz-j7f,looks like 1m will win tonight,Positive
Seoul,2,1,1MILLION,idl.global,1:39:51,@parkjihou,SAJAHOOD LEZZGO,Positive
Seoul,2,1,1MILLION,idl.global,1:39:51,@cabritojermeinevalm.8208,DEBBYYYYY,Positive
Seoul,2,1,1MILLION,idl.global,1:39:52,@roselynronquillo853,THEY MIGHT WIN,Positive
Seoul,2,1,1MILLION,idl.global,1:39:52,@MW-yi4pq,"sooo much posses 1m, but they created",Negative
Seoul,2,1,1MILLION,idl.global,1:39:52,@jj1728,THIS IS CREATIVITYYY!!!!!,Positive
Seoul,2,1,1MILLION,idl.global,1:39:53,@Helyum3,1M win,Positive
Seoul,2,1,1MILLION,idl.global,1:39:53,@takeyyshi,"1M vs Brhddd, damnn",Positive
Seoul,2,1,1MILLION,idl.global,1:39:53,@hyunjinswife2248,NAHHHH,Negative
Seoul,2,1,1MILLION,idl.global,1:39:53,@vhs_dreams_yt,this is better than the Royal Family,Positive
Seoul,2,1,1MILLION,idl.global,1:39:53,@double_roses,BACK KOOOOYOUNGGGGGGG,Positive
Seoul,2,1,1MILLION,idl.global,1:39:53,@Mavisymra,VOTE BROTHERHOOD!,Neutral
Seoul,2,1,1MILLION,idl.global,1:39:54,@u8dren,mannequeen nusic reference,Neutral
Seoul,2,1,1MILLION,idl.global,1:39:54,@mathyunghyunsukieee3957,brhd pdn :rolling_on_the_floor_laughing:,Negative
Seoul,2,1,1MILLION,idl.global,1:39:55,@1Catherine,The song choice is something,Positive
Seoul,2,1,1MILLION,idl.global,1:39:55,@heinzfel,so good,Positive
Seoul,2,1,1MILLION,idl.global,1:39:55,@toshq_q,nahhh,Negative
Seoul,2,1,1MILLION,idl.global,1:39:56,@Mavisymra,VOTE BROTHERHOOD!,Neutral
Seoul,2,1,1MILLION,idl.global,1:39:56,@miguelpondevida9238,What is this we are charlie kirk sounding ass song,Negative
Seoul,2,1,1MILLION,idl.global,1:39:56,@ThereseJazzypimentel,VOTE BROTHERHOOD GUYSSS,Neutral
Seoul,2,1,1MILLION,idl.global,1:39:56,@kikay849,BROTHERHOOOOD,Neutral
Seoul,2,1,1MILLION,idl.global,1:39:57,@ellieanagnostou7545,GOOOOO BROTHERHOODD,Neutral
Seoul,2,1,1MILLION,idl.global,1:39:57,@vmese,they won,Positive
Seoul,2,1,1MILLION,idl.global,1:39:57,@ayen_cat04,BRUH WHO TO VOTE BETWEEN BRHD & 1M?:loudly_crying_face::loudly_crying_face::loudly_crying_face:,Neutral
Seoul,2,1,1MILLION,idl.global,1:39:58,@Yappadappadooo,Brotherhood easily won,Negative
Seoul,2,1,1MILLION,idl.global,1:39:58,@ohhtris,brothehood ate it,Positive
Seoul,2,1,1MILLION,idl.global,1:39:58,@justinguiniling4675,mid,Negative
Seoul,2,1,1MILLION,idl.global,1:39:58,@malennamae,NAHHHH THIS IS NUTS LOL,Negative
Seoul,2,1,1MILLION,idl.global,1:39:58,@nevieluvs,first pice was better!!,Positive
Seoul,2,1,1MILLION,idl.global,1:39:58,@Mavisymra,VOTE BROTHERHOOD!,Neutral
Seoul,2,1,1MILLION,idl.global,1:39:59,@SarahRada-e3p,damn 1 million ain't playing,Negative
Seoul,2,1,1MILLION,idl.global,1:39:59,@encrts,its underwhelming,Negative
Seoul,2,1,1MILLION,idl.global,1:39:59,@bzi_rnb,"congrats for 3rd place, 1M!",Positive
Seoul,2,1,1MILLION,idl.global,1:39:59,@hazelvenancio2300,WAAAAAHHHHHHHH,Positive
Seoul,2,1,1MILLION,idl.global,1:40:00,@Mavisymra,VOTE BROTHERHOOD!,Neutral
