event_name,round,match,team,yt_channel,timestamp,author_name,text
Sydney,1,1,JAM REPUBLIC,steezystudio,0:25:38,@hewwoderek3318,LET THE GAMES BEGIN
Sydney,1,1,JAM REPUBLIC,steezystudio,0:25:41,@kikacordova3193,WOOOOWWWWW!!!
Sydney,1,1,JAM REPUBLIC,steezystudio,0:25:43,@maro5239,LEZZGO JRSEAAAAAA
Sydney,1,1,JAM REPUBLIC,steezystudio,0:26:45,@sage_clI,OHH SHII OH SHII
Sydney,1,1,JAM REPUBLIC,steezystudio,0:27:06,@kikacordova3193,the time for me its 3:46 am. and i was like why is there a stream right now? oh its different times duh:grinning_face_with_sweat:
Sydney,1,1,JAM REPUBLIC,steezystudio,0:28:24,@sage_clI,JRSEAAA
Sydney,1,1,GRV,steezystudio,0:29:44,@maro5239,GRV GRV GRV
Sydney,1,1,GRV,steezystudio,0:29:57,@hewwoderek3318,GRV GRVVVVVVV
Sydney,1,1,GRV,steezystudio,0:30:04,@sage_clI,NO WAYYY SAME SONG
Sydney,1,1,GRV,steezystudio,0:30:09,@maro5239,OHHHHHH
Sydney,1,1,GRV,steezystudio,0:30:36,@kateisweird9999,BROOOOOOOOO
Sydney,1,1,GRV,steezystudio,0:30:51,@hewwoderek3318,LETS GO AIDEN
Sydney,1,1,GRV,steezystudio,0:31:03,@hewwoderek3318,YES RIVER
Sydney,1,1,GRV,steezystudio,0:31:11,@sage_clI,BRO THE RIVER FLIP
Sydney,1,1,GRV,steezystudio,0:31:29,@jamesnapoleon9402,grv winning this
Sydney,1,1,GRV,steezystudio,0:31:30,@klayshana,GRV will win this round
Sydney,1,2,QUICK STYLE,steezystudio,0:49:54,@yourhope8030,18 is propbably nervous
Sydney,1,2,1MILLION,steezystudio,0:52:11,@yourhope8030,leshh gooooooooooo
Sydney,1,2,1MILLION,steezystudio,0:52:17,@maro5239,GO 1MMMMMM
Sydney,1,2,1MILLION,steezystudio,0:52:39,@maro5239,GO LIA AND HARIMUUUU
Sydney,1,2,1MILLION,steezystudio,0:53:31,@hewwoderek3318,1M got thisssss
Sydney,1,3,ROYAL FAMILY,steezystudio,1:10:31,@kyllenavarro-n1e,easy sweap?
Sydney,1,3,ROYAL FAMILY,steezystudio,1:11:05,@yourhope8030,RENEEEEEEEEEEEEE
Sydney,1,3,ROYAL FAMILY,steezystudio,1:12:18,@yourhope8030,ISLAAAAAAAAAAAAAAAAAAAA
Sydney,1,3,ROYAL FAMILY,steezystudio,1:13:09,@hewwoderek3318,KRUMPINGGGGG
Sydney,1,3,ROYAL FAMILY,steezystudio,1:13:13,@hewwoderek3318,YASSSSSSS
Sydney,1,3,BROTHERHOOD,steezystudio,1:14:37,@JCFE,EAT EM UPPPP
Sydney,1,3,BROTHERHOOD,steezystudio,1:14:38,@hewwoderek3318,Woooooo BRV
Sydney,1,3,BROTHERHOOD,steezystudio,1:14:40,@JCFE,BRHDD
Sydney,1,3,BROTHERHOOD,steezystudio,1:14:56,@yourhope8030,LESHGOOOOOOOOOOOOOOOO
Sydney,1,3,BROTHERHOOD,steezystudio,1:15:02,@yourhope8030,AWWWWWWWWWWWW
Sydney,1,3,BROTHERHOOD,steezystudio,1:16:02,@yourhope8030,TABLES TURNED
Sydney,1,3,BROTHERHOOD,steezystudio,1:16:06,@binhvonguyen6244,sisterhood
Sydney,1,3,BROTHERHOOD,steezystudio,1:16:10,@kyllenavarro-n1e,nah man
Sydney,1,3,BROTHERHOOD,steezystudio,1:16:27,@florencenikitalee,BROTHERHOOOOODDD
Sydney,1,3,BROTHERHOOD,steezystudio,1:16:35,@yourhope8030,SLAAAAAAAAAAAAYYYYYYYYYYYYYYYYY
Sydney,1,3,BROTHERHOOD,steezystudio,1:16:43,@kyllenavarro-n1e,slaaayyyyy
Sydney,1,3,BROTHERHOOD,steezystudio,1:16:43,@sage_clI,SISTERHOOD
Sydney,1,3,BROTHERHOOD,steezystudio,1:16:45,@Jam-hw7nz,FRANCIS EATING UP SO BAD
Sydney,1,3,BROTHERHOOD,steezystudio,1:16:53,@binhvonguyen6244,ate it down
Sydney,1,3,BROTHERHOOD,steezystudio,1:17:05,@yourhope8030,NUMBER 444444444444444444444
Sydney,1,3,BROTHERHOOD,steezystudio,1:17:05,@binhvonguyen6244,woooooooooooooooooooooooooooooooooooooooooo
Sydney,2,1,1MILLION,steezystudio,1:48:13,@klayshana,LIA KIM!
Sydney,2,1,GRV,steezystudio,1:50:31,@hewwoderek3318,COME ON FAMMMMMMM :black_heart::green_heart::black_heart::green_heart::black_heart::green_heart:
Sydney,2,1,GRV,steezystudio,1:50:48,@hewwoderek3318,LETS GOOOOOOOOOO
Sydney,2,1,GRV,steezystudio,1:51:54,@klayshana,Kaylar :fire:
Seoul,1,1,GRV,steezystudio,0:17:09,@presko5787,RAHHHHHHHH
Seoul,1,1,GRV,steezystudio,0:17:11,@sunakochan466,Hayaan niyo ibigay na natin sa kanila yan HAHAHA andyan naman si CLAY
Seoul,1,1,GRV,steezystudio,0:17:12,@presko5787,GRVVVV
Seoul,1,1,GRV,steezystudio,0:17:15,@klarzsenpaiii,OK HERE WE GO
Seoul,1,1,GRV,steezystudio,0:17:15,@arvinayee,LEFG GRVVVVVVVVV
Seoul,1,1,GRV,steezystudio,0:17:16,@ehtwmz,this stage is big asf omg
Seoul,1,1,GRV,steezystudio,0:17:18,@klarzsenpaiii,LESGO
Seoul,1,1,GRV,steezystudio,0:17:24,@sunakochan466,LISTEN TO CLAY
Seoul,1,1,GRV,steezystudio,0:17:25,@presko5787,LFGG
Seoul,1,1,GRV,steezystudio,0:17:44,@arvinayee,CLEANNNNNNNN
Seoul,1,1,GRV,steezystudio,0:17:46,@hewwoderek3318,LETS GO GRVVVVV
Seoul,1,1,GRV,steezystudio,0:17:49,@elenammorante,okkk cleannn
Seoul,1,1,GRV,steezystudio,0:18:19,@hewwoderek3318,YASSSSSSSS GRVVVVVV
Seoul,1,1,GRV,steezystudio,0:18:25,@arvinayee,RAHHHHHHHHH
Seoul,1,1,GRV,steezystudio,0:18:38,@klarzsenpaiii,OMG
Seoul,1,1,GRV,steezystudio,0:18:44,@ehtwmz,OK THAT WAS TUFF
Seoul,1,1,GRV,steezystudio,0:18:48,@oliviatokiohotel,LETS GOOOOO
Seoul,1,1,GRV,steezystudio,0:18:48,@JacobLeggett,ads bro
Seoul,1,1,GRV,steezystudio,0:18:49,@hewwoderek3318,YASSSSSSSS MATTTTTTTTTTT
Seoul,1,1,GRV,steezystudio,0:18:51,@oliviatokiohotel,AYYYY
Seoul,1,1,GRV,steezystudio,0:18:59,@Sarafadom,Someone didnt land
Seoul,1,1,GRV,steezystudio,0:19:01,@joied4718,ouchhh
Seoul,1,1,GRV,steezystudio,0:19:29,@queen_najjingo,lets gooooo
Seoul,1,1,GRV,steezystudio,0:19:35,@ellianeblondeau,"yeah, the landing seemed off. they'll show it later, or Clay probably spotted it"
Seoul,1,1,GRV,steezystudio,0:19:40,@joied4718,LOOOOOL
Seoul,1,1,GRV,steezystudio,0:19:40,@Toph.434,CLEANNN
Seoul,1,1,GRV,steezystudio,0:19:42,@oliviatokiohotel,OMGGG AAAAA
Seoul,1,1,GRV,steezystudio,0:19:42,@hewwoderek3318,OOOOOOOOOO RF CALL OUT
Seoul,1,1,GRV,steezystudio,0:19:44,@haakmeow,OH NO THEY DIDN'T
Seoul,1,1,GRV,steezystudio,0:19:46,@klarzsenpaiii,tuff
Seoul,1,1,GRV,steezystudio,0:19:47,@jeffreybtran,:smiling_face_with_tear::smiling_face_with_tear::smiling_face_with_tear:
Seoul,1,1,GRV,steezystudio,0:19:58,@kc-un7by,boring
Seoul,1,1,GRV,steezystudio,0:20:04,@oliviatokiohotel,OMG SLAYY
Seoul,1,1,ROYAL FAMILY,steezystudio,0:21:06,@ehtwmz,BRING IT HOME :crown::crown::crown:
Seoul,1,1,ROYAL FAMILY,steezystudio,0:21:06,@rhiazze,LETS GO RFFFF!!!!!
Seoul,1,1,ROYAL FAMILY,steezystudio,0:21:07,@imnoreen,did the dancer fall after he did his flips?
Seoul,1,1,ROYAL FAMILY,steezystudio,0:21:07,@elijahidl,RFFFF
Seoul,1,1,ROYAL FAMILY,steezystudio,0:21:08,@queen_najjingo,lets gooo rf
Seoul,1,1,ROYAL FAMILY,steezystudio,0:21:09,@klarzsenpaiii,lesgooo rffffff
Seoul,1,1,ROYAL FAMILY,steezystudio,0:21:10,@JacobLeggett,this bouta be a mess
Seoul,1,1,ROYAL FAMILY,steezystudio,0:21:13,@presko5787,ROYAL FAMMMMM
Seoul,1,1,ROYAL FAMILY,steezystudio,0:21:13,@Sarafadom,It was an accident
Seoul,1,1,ROYAL FAMILY,steezystudio,0:21:17,@gaxriel_3,Les go rfff
Seoul,1,1,ROYAL FAMILY,steezystudio,0:21:18,@presko5787,LEGOO
Seoul,1,1,ROYAL FAMILY,steezystudio,0:21:19,@oliviatokiohotel,when will the land be shown?
Seoul,1,1,ROYAL FAMILY,steezystudio,0:21:24,@jaehyunjepsen,the slip up was the flip but it wasnt that impactful
Seoul,1,1,ROYAL FAMILY,steezystudio,0:21:24,@irwin-rz2uq,YESSSS
Seoul,1,1,ROYAL FAMILY,steezystudio,0:21:27,@irwin-rz2uq,LETS GOOOOOO
Seoul,1,1,ROYAL FAMILY,steezystudio,0:21:32,@oliviatokiohotel,RFFFFFFF YASS
Seoul,1,1,ROYAL FAMILY,steezystudio,0:21:35,@klarzsenpaiii,OKAYYYYYYYYYY
Seoul,1,1,ROYAL FAMILY,steezystudio,0:21:42,@ehtwmz,OKAYYY
Seoul,1,1,ROYAL FAMILY,steezystudio,0:21:43,@gaxriel_3,ATEEE
Seoul,1,1,ROYAL FAMILY,steezystudio,0:21:44,@oliviatokiohotel,NAH RF WILL WIN FAHHH OMDD
Seoul,1,1,ROYAL FAMILY,steezystudio,0:21:51,@gaxriel_3,HELL YEAHHH
Seoul,1,1,ROYAL FAMILY,steezystudio,0:22:12,@oliviatokiohotel,SORRY GVR YALL ARE GOOD BUT RF?! O.M.G
Seoul,1,1,ROYAL FAMILY,steezystudio,0:22:17,@ehtwmz,OH THEY ARE EATINGGGG
Seoul,1,1,ROYAL FAMILY,steezystudio,0:22:17,@joied4718,OUH THEY EATING
Seoul,1,1,ROYAL FAMILY,steezystudio,0:22:29,@elijahidl,Ouuui shiii
Seoul,1,1,ROYAL FAMILY,steezystudio,0:22:29,@klarzsenpaiii,EATINNNNNNNNNNN
Seoul,1,1,ROYAL FAMILY,steezystudio,0:22:33,@joseeeemartiiiin,RF gets this oneee
Seoul,1,1,ROYAL FAMILY,steezystudio,0:22:37,@joseeeemartiiiin,Kaen
Seoul,1,1,ROYAL FAMILY,steezystudio,0:22:39,@MotivatedPotatoKnish,this tuff
Seoul,1,1,ROYAL FAMILY,steezystudio,0:22:41,@sunakochan466,I GUESS THEY WOKE UP FROM HIBERNATION GO RF!!!
Seoul,1,1,ROYAL FAMILY,steezystudio,0:22:48,@gaxriel_3,LEAGE
Seoul,1,1,ROYAL FAMILY,steezystudio,0:22:49,@oliviatokiohotel,OUUUUU
Seoul,1,1,ROYAL FAMILY,steezystudio,0:22:51,@gaxriel_3,ATE
Seoul,1,1,ROYAL FAMILY,steezystudio,0:22:52,@JacobLeggett,rf needs some better music
Seoul,1,1,ROYAL FAMILY,steezystudio,0:23:03,@elenammorante,AYYYYYY
Seoul,1,1,ROYAL FAMILY,steezystudio,0:23:06,@oliviatokiohotel,THAT ATE DAMNN
Seoul,1,1,ROYAL FAMILY,steezystudio,0:23:08,@klarzsenpaiii,NASTYYYYYYYYY
Seoul,1,1,ROYAL FAMILY,steezystudio,0:23:24,@MotivatedPotatoKnish,DAMN
Seoul,1,1,ROYAL FAMILY,steezystudio,0:23:24,@-yn6ro,r u enjoying it manya?!!
Seoul,1,1,ROYAL FAMILY,steezystudio,0:23:25,@mdjwhsnfien,call outt
Seoul,1,1,ROYAL FAMILY,steezystudio,0:23:31,@JacobLeggett,oh yeah rf has this
Seoul,1,1,ROYAL FAMILY,steezystudio,0:23:35,@rafahgamez3703,holy arau
Seoul,1,1,ROYAL FAMILY,steezystudio,0:23:37,@-yn6ro,less goo
Seoul,1,1,ROYAL FAMILY,steezystudio,0:23:38,@kefilweKalaloka,wow :ok_hand:
Seoul,1,1,ROYAL FAMILY,steezystudio,0:23:38,@mktnzz,OOOOH THEYRE WINNINGG
Seoul,1,1,ROYAL FAMILY,steezystudio,0:23:42,@JacobLeggett,calling out vancouver
Seoul,1,1,ROYAL FAMILY,steezystudio,0:23:47,@ehtwmz,LETS GO MOOOOOO
Seoul,1,1,ROYAL FAMILY,steezystudio,0:23:48,@oliviatokiohotel,NAH RF IS WINNING AA
Seoul,1,1,ROYAL FAMILY,steezystudio,0:23:52,@eggyroven,NOW THIS THE ROYAL CAMILY WEE KNOWWW
Seoul,1,1,ROYAL FAMILY,steezystudio,0:23:52,@sunakochan466,Yoio
Seoul,1,2,BROTHERHOOD,steezystudio,0:38:50,@CharlesSaldasal-n5c,damnnn
Seoul,1,2,BROTHERHOOD,steezystudio,0:38:50,@sunakochan466,LEZGAWWWW
Seoul,1,2,BROTHERHOOD,steezystudio,0:38:51,@jamesnapoleon9402,BROTHERHOOD
Seoul,1,2,BROTHERHOOD,steezystudio,0:38:53,@elijahidl,BROTHERHOOD :eyes::eyes::eyes::crown::crown::crown::crown::crown:BROTHERHOOD :eyes::eyes::eyes::crown::crown::crown::crown::crown:BROTHERHOOD :eyes::eyes::eyes::crown::crown::crown::crown::crown:BROTHERHOOD :eyes::eyes::eyes::crown::crown::crown::crown::crown:BROTHERHOOD :eyes::eyes::eyes::crown::crown::crown::crown::crown:BROTHERHOOD :eyes::eyes::eyes::crown::crown::crown::crown::crown:BROTHERHOOD :eyes::eyes::eyes::crown::crown::crown::crown::crown:BRDH
Seoul,1,2,BROTHERHOOD,steezystudio,0:38:57,@elijahidl,ELDONDNDNDNDND
Seoul,1,2,BROTHERHOOD,steezystudio,0:38:59,@haakmeow,AHHHHH
Seoul,1,2,BROTHERHOOD,steezystudio,0:39:00,@queen_najjingo,lets goooooo
Seoul,1,2,BROTHERHOOD,steezystudio,0:39:15,@ehtwmz,oh same song
Seoul,1,2,BROTHERHOOD,steezystudio,0:39:21,@elijahidl,YES DON'T
Seoul,1,2,BROTHERHOOD,steezystudio,0:39:23,@oliviatokiohotel,Omg
Seoul,1,2,BROTHERHOOD,steezystudio,0:39:24,@elijahidl,ELDONNN
Seoul,1,2,BROTHERHOOD,steezystudio,0:39:32,@oliviatokiohotel,AHHHYYY
Seoul,1,2,BROTHERHOOD,steezystudio,0:39:47,@klarzsenpaiii,GO ALO
Seoul,1,2,BROTHERHOOD,steezystudio,0:39:48,@elenammorante,AY AY
Seoul,1,2,BROTHERHOOD,steezystudio,0:39:58,@klarzsenpaiii,OOO HAMUZAAAAAA
Seoul,1,2,BROTHERHOOD,steezystudio,0:40:00,@elijahidl,HOLY CLEANNNN
Seoul,1,2,BROTHERHOOD,steezystudio,0:40:10,@elenammorante,OUUUUUUU
Seoul,1,2,BROTHERHOOD,steezystudio,0:40:18,@MotivatedPotatoKnish,YUHHHHH
Seoul,1,2,BROTHERHOOD,steezystudio,0:40:21,@Jam-hw7nz,letsgooo francis
Seoul,1,2,BROTHERHOOD,steezystudio,0:40:27,@sunakochan466,Aye
Seoul,1,2,BROTHERHOOD,steezystudio,0:40:27,@ehtwmz,the camerawork is much better this series
Seoul,1,2,BROTHERHOOD,steezystudio,0:40:30,@klarzsenpaiii,MIX IS INSANE
Seoul,1,2,BROTHERHOOD,steezystudio,0:40:39,@elijahidl,EYY
Seoul,1,2,BROTHERHOOD,steezystudio,0:40:54,@CharlesSaldasal-n5c,ts is their weakest set so far
Seoul,1,2,BROTHERHOOD,steezystudio,0:41:12,@sunakochan466,Yeah agreed
Seoul,1,2,BROTHERHOOD,steezystudio,0:41:12,@chanh_nguyen.,Korean knows their camera work lol
Seoul,1,2,BROTHERHOOD,steezystudio,0:41:15,@nenevss,they seem tired
Seoul,1,2,BROTHERHOOD,steezystudio,0:41:17,@natejuno_4928,The camerawork tho fr fr
Seoul,1,2,BROTHERHOOD,steezystudio,0:41:17,@queen_najjingo,agreed
Seoul,1,2,BROTHERHOOD,steezystudio,0:41:29,@kc-un7by,half of the group standing there doing nothing
Seoul,1,2,QUICK STYLE,steezystudio,0:42:22,@Unknown-dy2xj,Aww this was kinda corny
Seoul,1,2,QUICK STYLE,steezystudio,0:42:26,@queen_najjingo,but it was nice and clean
Seoul,1,2,QUICK STYLE,steezystudio,0:42:28,@RiffraffDC,The success of these routines really hinges a lot on song choice huh
Seoul,1,2,QUICK STYLE,steezystudio,0:42:29,@jamesnapoleon9402,yeah they do
Seoul,1,2,QUICK STYLE,steezystudio,0:42:30,@NimitkotianNiko,could have done better
Seoul,1,2,QUICK STYLE,steezystudio,0:42:32,@queen_najjingo,lets gooo QS
Seoul,1,2,QUICK STYLE,steezystudio,0:42:34,@RocheeCondes-r2l,THERES A ROUND 2 RIGHT?
Seoul,1,2,QUICK STYLE,steezystudio,0:42:35,@itscjhernandez,They taking easy on Quickstyle
Seoul,1,2,QUICK STYLE,steezystudio,0:42:36,@RegularDancer,"yess they look tired, wish them luck :sparkles:"
Seoul,1,2,QUICK STYLE,steezystudio,0:42:42,@yofanboiii,GO GOOO QS
Seoul,1,2,QUICK STYLE,steezystudio,0:42:55,@CharlesSaldasal-n5c,I feel scared for brotherhood :face_holding_back_tears:
Seoul,1,2,QUICK STYLE,steezystudio,0:42:58,@ehtwmz,OK LETS GOOOOO
Seoul,1,2,QUICK STYLE,steezystudio,0:43:16,@jamesnapoleon9402,brotherhood :folded_hands::folded_hands::folded_hands::folded_hands::shooting_star::face_with_tears_of_joy::face_with_tears_of_joy:
Seoul,1,2,QUICK STYLE,steezystudio,0:43:20,@IaMREIJI,ahhh damn somebodfy already fell lol
Seoul,1,2,QUICK STYLE,steezystudio,0:43:26,@elijahidl,I'm still gonna vote brdh idrc
Seoul,1,2,QUICK STYLE,steezystudio,0:43:29,@ehtwmz,I ALWAYS LOVE QS MUSIC ITS SOO DIFF
Seoul,1,2,QUICK STYLE,steezystudio,0:43:49,@sunakochan466,IM GUESSING 1M VS. RF VS.
Seoul,1,2,QUICK STYLE,steezystudio,0:43:52,@ehtwmz,OH EATTT
Seoul,1,2,QUICK STYLE,steezystudio,0:43:57,@elenammorante,OUUUU
Seoul,1,2,QUICK STYLE,steezystudio,0:44:02,@sunakochan466,2nd roast right there the shirt
Seoul,1,2,QUICK STYLE,steezystudio,0:44:04,@InsaniTy-t3z,pace too slow
Seoul,1,2,QUICK STYLE,steezystudio,0:44:09,@JhnRy1108,they kinda messy
Seoul,1,2,QUICK STYLE,steezystudio,0:44:12,@InsaniTy-t3z,boorring
Seoul,1,2,QUICK STYLE,steezystudio,0:44:16,@itscjhernandez,Not strong
Seoul,1,2,QUICK STYLE,steezystudio,0:44:22,@InsaniTy-t3z,borring af
Seoul,1,2,QUICK STYLE,steezystudio,0:44:22,@Ownmystyle90,brotherhood stilll
Seoul,1,2,QUICK STYLE,steezystudio,0:44:27,@elijahidl,Messy
Seoul,1,2,QUICK STYLE,steezystudio,0:44:28,@itscjhernandez,STILL BRDH
Seoul,1,2,QUICK STYLE,steezystudio,0:44:28,@CharlesSaldasal-n5c,I feel like brotherhood will get this though
Seoul,1,2,QUICK STYLE,steezystudio,0:44:29,@thedigitalnoah,WTH is this set
Seoul,1,2,QUICK STYLE,steezystudio,0:44:33,@elijahidl,Brdh stilln
Seoul,1,2,QUICK STYLE,steezystudio,0:44:38,@ehtwmz,this is definitely a different qs than what they’ve given in the previous locations
Seoul,1,2,QUICK STYLE,steezystudio,0:44:40,@NimitkotianNiko,brotherhood hS
Seoul,1,2,QUICK STYLE,steezystudio,0:44:42,@jamesnapoleon9402,Brhd will win this fr
Seoul,1,2,QUICK STYLE,steezystudio,0:44:44,@JhnRy1108,Brotherhood still have a change to win HAHA
Seoul,1,2,QUICK STYLE,steezystudio,0:44:46,@InsaniTy-t3z,brotherhood just give this girls a chance
Seoul,1,2,QUICK STYLE,steezystudio,0:44:47,@InsaniTy-t3z,come on
Seoul,1,2,QUICK STYLE,steezystudio,0:44:54,@NimitkotianNiko,brotherhood has chance
Seoul,1,2,QUICK STYLE,steezystudio,0:44:55,@itscjhernandez,BRDH will get back on 2nd
Seoul,1,2,QUICK STYLE,steezystudio,0:44:55,@mktnzz,they lack wow factor
Seoul,1,2,QUICK STYLE,steezystudio,0:45:05,@ehtwmz,LETS GO QUICK STYLE
Seoul,1,2,QUICK STYLE,steezystudio,0:45:15,@InsaniTy-t3z,stop dreaming
Seoul,1,2,QUICK STYLE,steezystudio,0:45:17,@InsaniTy-t3z,not a chance
Seoul,1,2,QUICK STYLE,steezystudio,0:45:19,@yofanboiii,LEZGG QS
Seoul,1,2,QUICK STYLE,steezystudio,0:45:23,@InsaniTy-t3z,pace to slow
Seoul,1,3,1MILLION,steezystudio,0:58:55,@CharlesSaldasal-n5c,Y'ALL CAN DO THIS
Seoul,1,3,1MILLION,steezystudio,0:58:56,@alien.onthisearth,WOOOO 1M LEZZGO
Seoul,1,3,1MILLION,steezystudio,0:58:59,@yofanboiii,gogogogoo 1m
Seoul,1,3,1MILLION,steezystudio,0:59:02,@elijahidl,1M
Seoul,1,3,1MILLION,steezystudio,0:59:02,@yofanboiii,eat ittt
Seoul,1,3,1MILLION,steezystudio,0:59:03,@JacobLeggett,hopefully some good energy
Seoul,1,3,1MILLION,steezystudio,0:59:16,@presko5787,LETS GOOOO
Seoul,1,3,1MILLION,steezystudio,0:59:22,@JacobLeggett,ouuuuu
Seoul,1,3,1MILLION,steezystudio,0:59:22,@elijahidl,EYEEEEE
Seoul,1,3,1MILLION,steezystudio,0:59:31,@JacobLeggett,hollonnnnnnn
Seoul,1,3,1MILLION,steezystudio,0:59:33,@yofanboiii,AAAAAAAA
Seoul,1,3,1MILLION,steezystudio,0:59:36,@ImFeja,metal intro holy
Seoul,1,3,1MILLION,steezystudio,0:59:37,@CharlesSaldasal-n5c,Jesus reference dawg
Seoul,1,3,1MILLION,steezystudio,0:59:38,@klarzsenpaiii,HOLY
Seoul,1,3,1MILLION,steezystudio,0:59:41,@klarzsenpaiii,LMAO
Seoul,1,3,1MILLION,steezystudio,0:59:42,@JacobLeggett,oh period
Seoul,1,3,1MILLION,steezystudio,0:59:44,@yofanboiii,OMGGGGG
Seoul,1,3,1MILLION,steezystudio,0:59:45,@zein-n1i,fireeeee
Seoul,1,3,1MILLION,steezystudio,1:00:04,@zein-n1i,song choiceeee bruh:fire:
Seoul,1,3,1MILLION,steezystudio,1:00:09,@Jam-hw7nz,damnnnnn
Seoul,1,3,1MILLION,steezystudio,1:00:10,@JhnRy1108,they loved lady G songs
Seoul,1,3,1MILLION,steezystudio,1:00:10,@funbts_7,holy shi
Seoul,1,3,1MILLION,steezystudio,1:00:12,@yofanboiii,LAKASS
Seoul,1,3,1MILLION,steezystudio,1:00:18,@klarzsenpaiii,OOO
Seoul,1,3,1MILLION,steezystudio,1:00:21,@funbts_7,OMG 1M ON HOME TURFF
Seoul,1,3,1MILLION,steezystudio,1:00:23,@yofanboiii,LIAAA
Seoul,1,3,1MILLION,steezystudio,1:00:28,@CharlesSaldasal-n5c,holyy
Seoul,1,3,1MILLION,steezystudio,1:00:32,@natejuno_4928,Now this is a competition set
Seoul,1,3,1MILLION,steezystudio,1:00:38,@joanin999,SWIM REFERENCE HAHAHH
Seoul,1,3,1MILLION,steezystudio,1:00:41,@yofanboiii,CLEAN AF
Seoul,1,3,1MILLION,steezystudio,1:00:41,@klarzsenpaiii,STARTING OFF WITH A BANGER
Seoul,1,3,1MILLION,steezystudio,1:00:46,@JacobLeggett,already best of the night
Seoul,1,3,1MILLION,steezystudio,1:00:51,@queen_najjingo,very clean
Seoul,1,3,1MILLION,steezystudio,1:00:55,@queen_najjingo,and dynamic
Seoul,1,3,1MILLION,steezystudio,1:00:55,@JacobLeggett,cmon wackinggggg
Seoul,1,3,1MILLION,steezystudio,1:01:15,@ThuTaFP-c9z,Nice Party
Seoul,1,3,1MILLION,steezystudio,1:01:16,@yofanboiii,AAAAAA
Seoul,1,3,1MILLION,steezystudio,1:01:22,@joanin999,they're so powerful
Seoul,1,3,1MILLION,steezystudio,1:01:27,@genius-su4ib,yooo
Seoul,1,3,1MILLION,steezystudio,1:01:31,@JacobLeggett,CMON PARTNERWORKKKK
Seoul,1,3,JAM REPUBLIC,steezystudio,1:02:45,@lauren_yy,LETS GO JRSEAAAA
Seoul,1,3,JAM REPUBLIC,steezystudio,1:02:46,@alien.onthisearth,ATE. THAT. UP.
Seoul,1,3,JAM REPUBLIC,steezystudio,1:02:46,@klarzsenpaiii,letsee jam
Seoul,1,3,JAM REPUBLIC,steezystudio,1:02:47,@presko5787,THEY COOKED THAT SET
Seoul,1,3,JAM REPUBLIC,steezystudio,1:02:48,@elijahidl,They look tired probably because of jet lack
Seoul,1,3,JAM REPUBLIC,steezystudio,1:02:49,@sunakochan466,Seoul event still not feeling everybodyyy
Seoul,1,3,JAM REPUBLIC,steezystudio,1:02:49,@rojizenguinsatao9653,the ate the last chorud
Seoul,1,3,JAM REPUBLIC,steezystudio,1:02:50,@jayj4y_16,LEZGO JAMMM
Seoul,1,3,JAM REPUBLIC,steezystudio,1:02:52,@klarzsenpaiii,leseeee
Seoul,1,3,JAM REPUBLIC,steezystudio,1:02:53,@queen_najjingo,lets goooo
Seoul,1,3,JAM REPUBLIC,steezystudio,1:02:55,@zein-n1i,Lezgoooo SEA
Seoul,1,3,JAM REPUBLIC,steezystudio,1:03:04,@yofanboiii,lets gooo jam!!
Seoul,1,3,JAM REPUBLIC,steezystudio,1:03:04,@presko5787,LETSA GO SEABLINGSSS
Seoul,1,3,JAM REPUBLIC,steezystudio,1:03:12,@slickbutshy,WOW\
Seoul,1,3,JAM REPUBLIC,steezystudio,1:03:15,@InsaniTy-t3z,lezgooo
Seoul,1,3,JAM REPUBLIC,steezystudio,1:03:22,@Jam-hw7nz,Yooooo
Seoul,1,3,JAM REPUBLIC,steezystudio,1:03:23,@mktnzz,LETS GOOOOO JRSEAAAA
Seoul,1,3,JAM REPUBLIC,steezystudio,1:03:24,@JacobLeggett,this a BATTLE
Seoul,1,3,JAM REPUBLIC,steezystudio,1:03:24,@CharlesSaldasal-n5c,Let's go seablingss
Seoul,1,3,JAM REPUBLIC,steezystudio,1:03:31,@DrakeIm-y9y,Again
Seoul,1,3,JAM REPUBLIC,steezystudio,1:03:31,@lauren_yy,OHHHH SAME MUSIC
Seoul,1,3,JAM REPUBLIC,steezystudio,1:03:37,@klarzsenpaiii,why tf does they have the similar music lmaoo
Seoul,1,3,JAM REPUBLIC,steezystudio,1:03:41,@keiholic,OH SHITTT
Seoul,1,3,JAM REPUBLIC,steezystudio,1:03:47,@nenevss,this song again?? :loudly_crying_face:
Seoul,1,3,JAM REPUBLIC,steezystudio,1:03:52,@lauren_yy,teams are allowed to do that
Seoul,1,3,JAM REPUBLIC,steezystudio,1:03:56,@sunakochan466,Aye aye
Seoul,1,3,JAM REPUBLIC,steezystudio,1:03:56,@jayj4y_16,may gc ba sila
Seoul,1,3,JAM REPUBLIC,steezystudio,1:03:57,@JacobLeggett,3 damn teams
Seoul,1,3,JAM REPUBLIC,steezystudio,1:03:58,@mktnzz,SHTTTTTT
Seoul,1,3,JAM REPUBLIC,steezystudio,1:04:00,@JhnRy1108,SAME MUSIC
Seoul,1,3,JAM REPUBLIC,steezystudio,1:04:00,@lauren_yy,AYEEEE SLOW MO
Seoul,1,3,JAM REPUBLIC,steezystudio,1:04:01,@Kontsakonsta7285,Same song again?
Seoul,1,3,JAM REPUBLIC,steezystudio,1:04:06,@sunakochan466,HAHAHA
Seoul,1,3,JAM REPUBLIC,steezystudio,1:04:10,@yofanboiii,lakaaasssss
Seoul,1,3,JAM REPUBLIC,steezystudio,1:04:11,@lauren_yy,BYEEEEEE
Seoul,1,3,JAM REPUBLIC,steezystudio,1:04:11,@mktnzz,BAWI JRSEAAAA :orange_heart::orange_heart::orange_heart:
Seoul,1,3,JAM REPUBLIC,steezystudio,1:04:11,@InsaniTy-t3z,HAHAHHAA
Seoul,1,3,JAM REPUBLIC,steezystudio,1:04:13,@rojizenguinsatao9653,lamon kay miyabi
Seoul,1,3,JAM REPUBLIC,steezystudio,1:04:13,@JhnRy1108,HAHAHAHA nagusap2 ata sa music nila
Seoul,1,3,JAM REPUBLIC,steezystudio,1:04:15,@JacobLeggett,LMFAO
Seoul,1,3,JAM REPUBLIC,steezystudio,1:04:16,@elijahidl,HELP THE MASK
Seoul,1,3,JAM REPUBLIC,steezystudio,1:04:16,@jayj4y_16,WHO R THEY BBEATIN?//
Seoul,1,3,JAM REPUBLIC,steezystudio,1:04:16,@InsaniTy-t3z,putchaaa
Seoul,1,3,JAM REPUBLIC,steezystudio,1:04:18,@eggyroven,LMAIOOO
Seoul,1,3,JAM REPUBLIC,steezystudio,1:04:18,@irwin-rz2uq,YOOO THE DISS????????????
Seoul,1,3,JAM REPUBLIC,steezystudio,1:04:18,@ImFeja,nah thats a new level of bm
Seoul,1,3,JAM REPUBLIC,steezystudio,1:04:20,@klarzsenpaiii,LMAO GAGAGAGAGA
Seoul,1,3,JAM REPUBLIC,steezystudio,1:04:20,@InsaniTy-t3z,HAHAHHA
Seoul,1,3,JAM REPUBLIC,steezystudio,1:04:21,@CarlvinMareko,They gave them music to choose from due to copyrights
Seoul,1,3,JAM REPUBLIC,steezystudio,1:04:22,@klarzsenpaiii,THE MASK
Seoul,1,3,JAM REPUBLIC,steezystudio,1:04:25,@papadylan_0,CRAZYYY
Seoul,1,3,JAM REPUBLIC,steezystudio,1:04:27,@JacobLeggett,PLEASE WHAT WAS THAT
Seoul,1,3,JAM REPUBLIC,steezystudio,1:04:28,@papadylan_0,LMAOAOOOOO
Seoul,1,3,JAM REPUBLIC,steezystudio,1:04:28,@elijahidl,I'M CRINEEEE
Seoul,1,3,JAM REPUBLIC,steezystudio,1:04:28,@InsaniTy-t3z,WTFFFFFF
Seoul,1,3,JAM REPUBLIC,steezystudio,1:04:29,@Jam-hw7nz,WOAH
Seoul,1,3,JAM REPUBLIC,steezystudio,1:04:32,@CharlesSaldasal-n5c,OHHH FUHHH
Seoul,1,3,JAM REPUBLIC,steezystudio,1:04:32,@lauren_yy,THE CALL OUTS????
Seoul,1,3,JAM REPUBLIC,steezystudio,1:04:33,@doitringsabel,OHHH
Seoul,1,3,JAM REPUBLIC,steezystudio,1:04:33,@papadylan_0,JR CRAZY FOR THAT
Seoul,1,3,JAM REPUBLIC,steezystudio,1:04:37,@papadylan_0,NAGHHH LMAOOO
Seoul,1,3,JAM REPUBLIC,steezystudio,1:04:38,@ArmyZenTiny4Lyfe,thats what i was gonna say. they use the same music? good to see different interpretations
Seoul,1,3,JAM REPUBLIC,steezystudio,1:04:39,@Nabi_moonlight,Miyabiiii
Seoul,1,3,JAM REPUBLIC,steezystudio,1:04:41,@JacobLeggett,hollon this is mad close
Seoul,1,3,JAM REPUBLIC,steezystudio,1:04:41,@jayj4y_16,POKER FACE ALSO????
Seoul,1,3,JAM REPUBLIC,steezystudio,1:04:41,@irwin-rz2uq,EYYY
Seoul,1,3,JAM REPUBLIC,steezystudio,1:04:45,@alien.onthisearth,WELL THAT'S TOUGH
Seoul,1,3,JAM REPUBLIC,steezystudio,1:04:45,@sunakochan466,Yaaaaas!!
Seoul,1,3,JAM REPUBLIC,steezystudio,1:04:47,@InsaniTy-t3z,lezgoooooo
Seoul,1,3,JAM REPUBLIC,steezystudio,1:04:50,@JavIziah,ohh shes eating
Seoul,1,3,JAM REPUBLIC,steezystudio,1:04:50,@lauren_yy,BIW BOW BOW BOW
Seoul,1,3,JAM REPUBLIC,steezystudio,1:04:51,@elijahidl,DANMMMMMM
Seoul,1,3,JAM REPUBLIC,steezystudio,1:04:52,@klarzsenpaiii,OKAY?
Seoul,1,3,JAM REPUBLIC,steezystudio,1:04:57,@JacobLeggett,miyabi so clean
Seoul,1,3,JAM REPUBLIC,steezystudio,1:04:57,@mktnzz,YESSSSSS
Seoul,1,3,JAM REPUBLIC,steezystudio,1:05:00,@InsaniTy-t3z,looking for an upset hahahaha
Seoul,1,3,JAM REPUBLIC,steezystudio,1:05:01,@jayj4y_16,MAY LABAN JRSEAAA YOOO
Seoul,1,3,JAM REPUBLIC,steezystudio,1:05:02,@federecoy4981,DAMNNNN
Seoul,1,3,JAM REPUBLIC,steezystudio,1:05:04,@irwin-rz2uq,AYY?????
Seoul,1,3,JAM REPUBLIC,steezystudio,1:05:06,@mktnzz,JRSEAAA FTW!!!!!!
Seoul,1,3,JAM REPUBLIC,steezystudio,1:05:07,@sditoks8568,YOOOOOOOOOWWWWW
Seoul,1,3,JAM REPUBLIC,steezystudio,1:05:07,@eggyroven,HOLD UPPPPPP
Seoul,1,3,JAM REPUBLIC,steezystudio,1:05:07,@lauren_yy,WAIT THIS IS A CLOSE SCORE
Seoul,1,3,JAM REPUBLIC,steezystudio,1:05:08,@rafahgamez3703,holy call outs
Seoul,1,3,JAM REPUBLIC,steezystudio,1:05:08,@yshnrys,THEYRE SO MADDD GAHWISBSJNED
Seoul,1,3,JAM REPUBLIC,steezystudio,1:05:12,@doitringsabel,not the poker face reference
Seoul,1,3,JAM REPUBLIC,steezystudio,1:05:14,@irwin-rz2uq,THE IMPROVED A LOTTT
Seoul,2,1,ROYAL FAMILY,steezystudio,1:32:47,@alaizaJean20,San ko pwedi mapanood Ang junior?
Seoul,2,1,ROYAL FAMILY,steezystudio,1:32:57,@snehakumari4868,lesgooooooo
Seoul,2,1,ROYAL FAMILY,steezystudio,1:32:58,@dvwr,LESGOOOOOOOOO
Seoul,2,1,ROYAL FAMILY,steezystudio,1:33:00,@ImFeja,????
Seoul,2,1,ROYAL FAMILY,steezystudio,1:33:01,@kavoooo1,let's goooo
Seoul,2,1,ROYAL FAMILY,steezystudio,1:33:01,@jaeiou_,i'm so excited naihi ako eme
Seoul,2,1,ROYAL FAMILY,steezystudio,1:33:02,@sunakochan466,They would upload the junior i think
Seoul,2,1,ROYAL FAMILY,steezystudio,1:33:03,@klarzsenpaiii,here we go?
Seoul,2,1,ROYAL FAMILY,steezystudio,1:33:11,@Yleviathan,where can I watch Jr and community division?
Seoul,2,1,ROYAL FAMILY,steezystudio,1:33:27,@jaeiou_,WOAHHHHH
Seoul,2,1,ROYAL FAMILY,steezystudio,1:33:40,@mdrnio_moffi,damnn
Seoul,2,1,ROYAL FAMILY,steezystudio,1:33:48,@mdrnio_moffi,rf might take the crown
Seoul,2,1,ROYAL FAMILY,steezystudio,1:33:50,@thedigitalnoah,Dayyyym
Seoul,2,1,ROYAL FAMILY,steezystudio,1:33:55,@migoreu,this stage big as hell omg
Seoul,2,1,ROYAL FAMILY,steezystudio,1:34:05,@kavoooo1,oohhhhh
Seoul,2,1,ROYAL FAMILY,steezystudio,1:34:24,@thedigitalnoah,Ahhhh
Seoul,2,1,ROYAL FAMILY,steezystudio,1:34:30,@maki.sugarfree,RFFFFF
Seoul,2,1,ROYAL FAMILY,steezystudio,1:34:32,@yooo_seoji,hmmkay miss red hair
Seoul,2,1,ROYAL FAMILY,steezystudio,1:34:37,@kavoooo1,yeahh this is too good they are going to win
Seoul,2,1,ROYAL FAMILY,steezystudio,1:34:40,@ellianeblondeau,yaaaas
Seoul,2,1,ROYAL FAMILY,steezystudio,1:34:40,@sunakochan466,Oh no they recycled a song again
Seoul,2,1,ROYAL FAMILY,steezystudio,1:34:57,@jbrevilleza3636,smh
Seoul,2,1,ROYAL FAMILY,steezystudio,1:34:59,@kavoooo1,oooohh
Seoul,2,1,ROYAL FAMILY,steezystudio,1:35:02,@Yleviathan,deeyymmm lezgo RF
Seoul,2,1,ROYAL FAMILY,steezystudio,1:35:05,@migoreu,OKAYYYYY
Seoul,2,1,ROYAL FAMILY,steezystudio,1:35:06,@klarzsenpaiii,why the cam shaking tho HAHAHAHAH
Seoul,2,1,ROYAL FAMILY,steezystudio,1:35:07,@thedigitalnoah,Woahhh
Seoul,2,1,ROYAL FAMILY,steezystudio,1:35:09,@kavoooo1,didnt they use this song before
Seoul,2,1,ROYAL FAMILY,steezystudio,1:35:23,@yooo_seoji,formation and spacing really is their strength
Seoul,2,1,BROTHERHOOD,steezystudio,1:36:50,@KurtKydae,saja boysssss
Seoul,2,1,BROTHERHOOD,steezystudio,1:36:53,@PrinceJoshuaIballar,THEY ARE JUST SAVING UP FROM EARLIER
Seoul,2,1,BROTHERHOOD,steezystudio,1:36:53,@jayj4y_16,LEZGO BHHHHHH
Seoul,2,1,BROTHERHOOD,steezystudio,1:36:54,@HhhBbnnk,Lmao they done got into character
Seoul,2,1,BROTHERHOOD,steezystudio,1:36:55,@kavoooo1,hahahahahha saja boys
Seoul,2,1,BROTHERHOOD,steezystudio,1:36:55,@jbrevilleza3636,BROOOOO
Seoul,2,1,BROTHERHOOD,steezystudio,1:36:58,@rhiazze,THT WAS SICK
Seoul,2,1,BROTHERHOOD,steezystudio,1:36:59,@dvwr,LMAOO SAJA BOYS
Seoul,2,1,BROTHERHOOD,steezystudio,1:37:01,@jayj4y_16,"WOOOWWWWWWWSNMSHG,EGE KF"
Seoul,2,1,BROTHERHOOD,steezystudio,1:37:01,@irwin-rz2uq,BUBBLE POP
Seoul,2,1,BROTHERHOOD,steezystudio,1:37:01,@inaayanathan621,saja brotherhood incoming
Seoul,2,1,BROTHERHOOD,steezystudio,1:37:02,@Hwasa.-.,they are ready to eatttt
Seoul,2,1,BROTHERHOOD,steezystudio,1:37:02,@rtbd.6933,bamde de com
Seoul,2,1,BROTHERHOOD,steezystudio,1:37:03,@Yleviathan,HAHAHAHAH Sahood!
Seoul,2,1,BROTHERHOOD,steezystudio,1:37:06,@irwin-rz2uq,SODA POP
Seoul,2,1,BROTHERHOOD,steezystudio,1:37:06,@ellianeblondeau,RF's song choices are kindaaaa not giving. tbh. It's like they're incohesive so the momentum flunks.
Seoul,2,1,BROTHERHOOD,steezystudio,1:37:09,@klarzsenpaiii,we expecting your idol???
Seoul,2,1,BROTHERHOOD,steezystudio,1:37:09,@sunakochan466,They woke up thank goodness
Seoul,2,1,BROTHERHOOD,steezystudio,1:37:13,@rhiazze,ow sja boys
Seoul,2,1,BROTHERHOOD,steezystudio,1:37:14,@klarzsenpaiii,OH SHIT
Seoul,2,1,BROTHERHOOD,steezystudio,1:37:21,@funbts_7,TAKE DOWNNN
Seoul,2,1,BROTHERHOOD,steezystudio,1:37:24,@jaeiou_,sajaaaa bi
Seoul,2,1,BROTHERHOOD,steezystudio,1:37:24,@irwin-rz2uq,LMFAOOOOOO
Seoul,2,1,BROTHERHOOD,steezystudio,1:37:25,@rhiazze,ILABAS SI RUMI
Seoul,2,1,BROTHERHOOD,steezystudio,1:37:25,@keiholic,MNO WAY LMFAOOO
Seoul,2,1,BROTHERHOOD,steezystudio,1:37:27,@irwin-rz2uq,OMGGG
Seoul,2,1,BROTHERHOOD,steezystudio,1:37:27,@nikkisimbillo,oooooo
Seoul,2,1,BROTHERHOOD,steezystudio,1:37:29,@jbrevilleza3636,DAAAAAMNN
Seoul,2,1,BROTHERHOOD,steezystudio,1:37:30,@jaeiou_,AHHHH I'M WETT
Seoul,2,1,BROTHERHOOD,steezystudio,1:37:30,@klarzsenpaiii,OKAY??????
Seoul,2,1,BROTHERHOOD,steezystudio,1:37:31,@kpop_fan1434,OOOOO
Seoul,2,1,BROTHERHOOD,steezystudio,1:37:32,@jaeiou_,jk
Seoul,2,1,BROTHERHOOD,steezystudio,1:37:32,@InsaniTy-t3z,ohh shit
Seoul,2,1,BROTHERHOOD,steezystudio,1:37:33,@rhiazze,RUMI LABAS
Seoul,2,1,BROTHERHOOD,steezystudio,1:37:35,@kavoooo1,ooh
Seoul,2,1,BROTHERHOOD,steezystudio,1:37:38,@rhiazze,EYYYYY
Seoul,2,1,BROTHERHOOD,steezystudio,1:37:39,@rhiazze,ANGAS
Seoul,2,1,BROTHERHOOD,steezystudio,1:37:40,@klarzsenpaiii,KNEW THAT THEY GON USE THIS
Seoul,2,1,BROTHERHOOD,steezystudio,1:37:41,@kavoooo1,hahaha
Seoul,2,1,BROTHERHOOD,steezystudio,1:37:43,@ImFeja,The neck rotations with the hats look so good my god
Seoul,2,1,BROTHERHOOD,steezystudio,1:37:43,@mdrnio_moffi,1 million wswf reference
Seoul,2,1,BROTHERHOOD,steezystudio,1:37:44,@sunakochan466,AYeAHHHHHHHH
Seoul,2,1,BROTHERHOOD,steezystudio,1:37:44,@rhiazze,LETS GO BH
Seoul,2,1,BROTHERHOOD,steezystudio,1:37:46,@Yleviathan,oohhhh!!!
Seoul,2,1,BROTHERHOOD,steezystudio,1:37:48,@klarzsenpaiii,LMAO THE SFX
Seoul,2,1,BROTHERHOOD,steezystudio,1:37:51,@lem6282,They cooked
Seoul,2,1,BROTHERHOOD,steezystudio,1:37:56,@thedigitalnoah,erm
Seoul,2,1,BROTHERHOOD,steezystudio,1:37:59,@irwin-rz2uq,OH THEYRE TAKING IT
Seoul,2,1,BROTHERHOOD,steezystudio,1:38:01,@kavoooo1,such a banger
Seoul,2,1,BROTHERHOOD,steezystudio,1:38:05,@rhiazze,1m wasnt in wswf
Seoul,2,1,BROTHERHOOD,steezystudio,1:38:06,@shen_shanq,YOOOOOOOO THIS IS A BANG
Seoul,2,1,BROTHERHOOD,steezystudio,1:38:09,@simeon5100,HOLLYYY SHIIIIIII
Seoul,2,1,BROTHERHOOD,steezystudio,1:38:11,@keiholic,IN SEOUL TOO????
Seoul,2,1,BROTHERHOOD,steezystudio,1:38:12,@Yleviathan,EEEYYYYY
Seoul,2,1,BROTHERHOOD,steezystudio,1:38:14,@irwin-rz2uq,geniuses holy
Seoul,2,1,BROTHERHOOD,steezystudio,1:38:15,@jaeiou_,they know their crowd
Seoul,2,1,BROTHERHOOD,steezystudio,1:38:15,@dvwr,OK OK OKKKK
Seoul,2,1,BROTHERHOOD,steezystudio,1:38:18,@sunakochan466,THEY WOKE UPPPPPPP
Seoul,2,1,BROTHERHOOD,steezystudio,1:38:19,@haakmeow,oh they saved up fr round 2
Seoul,2,1,BROTHERHOOD,steezystudio,1:38:20,@kavoooo1,they are going to win
Seoul,2,1,BROTHERHOOD,steezystudio,1:38:27,@rhiazze,QUICKSTYLES MUSIC
Seoul,2,1,BROTHERHOOD,steezystudio,1:38:28,@eggyroven,MEMPHIS JOOKIN WHATTT
Seoul,2,1,BROTHERHOOD,steezystudio,1:38:32,@jung-zy8or,oh....
Seoul,2,1,BROTHERHOOD,steezystudio,1:38:32,@ImFeja,YOOO
Seoul,2,1,BROTHERHOOD,steezystudio,1:38:37,@mdrnio_moffi,SO CLEAN WTHH
Seoul,2,1,BROTHERHOOD,steezystudio,1:38:37,@dvwr,the audio is crap
Seoul,2,1,BROTHERHOOD,steezystudio,1:38:39,@InsaniTy-t3z,wtfffff
Seoul,2,1,BROTHERHOOD,steezystudio,1:38:41,@4aplaya,what is this ahahqhq
Seoul,2,1,BROTHERHOOD,steezystudio,1:38:43,@sept2039,@rhiazze they were
Seoul,2,1,BROTHERHOOD,steezystudio,1:38:43,@yuemoooon,BRUH I MISSED NA END LIVE SA TIKTOK
Seoul,2,1,BROTHERHOOD,steezystudio,1:38:45,@japp4477,SHESH
Seoul,2,1,BROTHERHOOD,steezystudio,1:38:46,@jung-zy8or,may nagkamali huhu
Seoul,2,1,BROTHERHOOD,steezystudio,1:38:50,@jung-zy8or,sana hindi
Seoul,2,1,BROTHERHOOD,steezystudio,1:38:50,@owenstuart1420,what happen...
Seoul,2,1,BROTHERHOOD,steezystudio,1:38:59,@natejuno_4928,THIS IS WHAT IM TALKIN BOUT
Seoul,2,1,BROTHERHOOD,steezystudio,1:39:05,@PhilipILC,omg what theeeeee
Seoul,2,1,BROTHERHOOD,steezystudio,1:39:08,@Yleviathan,may nagkamali hanep
Seoul,2,1,BROTHERHOOD,steezystudio,1:39:09,@nenevss,oh we so back
Seoul,2,1,BROTHERHOOD,steezystudio,1:39:13,@kavoooo1,this is amazing
Seoul,2,1,BROTHERHOOD,steezystudio,1:39:14,@PhilipILC,dayummmm:loudly_crying_face::loudly_crying_face:
Seoul,2,1,BROTHERHOOD,steezystudio,1:39:17,@nikkisimbillo,!!!!!
Seoul,2,1,BROTHERHOOD,steezystudio,1:39:20,@klarzsenpaiii,OHHHHHHHH?????????
Seoul,2,1,1MILLION,steezystudio,1:40:50,@kavoooo1,they will probably lose
Seoul,2,1,1MILLION,steezystudio,1:40:58,@sunakochan466,1M WILL WIN
Seoul,2,1,1MILLION,steezystudio,1:41:03,@Yleviathan,okay let see 1M
Seoul,2,1,1MILLION,steezystudio,1:41:29,@ImFeja,SPIDERVERSE MY GOAT MOVIE
Seoul,2,1,1MILLION,steezystudio,1:41:32,@JDN-pro,1m winning this one
Seoul,2,1,1MILLION,steezystudio,1:41:34,@ImFeja,Wassup danger
Seoul,2,1,1MILLION,steezystudio,1:41:43,@sqxxx516,SPIDERMANNN
Seoul,2,1,1MILLION,steezystudio,1:41:45,@jbrevilleza3636,eme eme nito di p naman nag peperform 1Million :rolling_on_the_floor_laughing:
Seoul,2,1,1MILLION,steezystudio,1:41:46,@funbts_7,1M WINNING
Seoul,2,1,1MILLION,steezystudio,1:42:02,@JDN-pro,Alam nayan
Seoul,2,1,1MILLION,steezystudio,1:42:11,@imnoreen,nooo ... this ain't the songggggg
Seoul,2,1,1MILLION,steezystudio,1:42:17,@rhiazze,keep the wide-view damn
Seoul,2,1,1MILLION,steezystudio,1:42:19,@ImFeja,Hard song to dance to
Seoul,2,1,1MILLION,steezystudio,1:42:19,@noonXr,ohh this routine is strong!
Seoul,2,1,1MILLION,steezystudio,1:42:21,@ChrisBrianSabandal,royal familyy
Seoul,2,1,1MILLION,steezystudio,1:42:23,@kavoooo1,this song is kinda mid
Seoul,2,1,1MILLION,steezystudio,1:42:23,@irwin-rz2uq,very smart ideas
Seoul,2,1,1MILLION,steezystudio,1:42:27,@rhiazze,i luv this song
Seoul,2,1,1MILLION,steezystudio,1:42:29,@ImFeja,Thats nice tho
Seoul,2,1,1MILLION,steezystudio,1:42:30,@shounayuno,nah brthrhood gonna win again
Seoul,2,1,1MILLION,steezystudio,1:42:30,@ArmyZenTiny4Lyfe,ok that was hot
Seoul,2,1,1MILLION,steezystudio,1:42:36,@genuinegaia,bhd 'bout to take them down
Seoul,2,1,1MILLION,steezystudio,1:42:38,@Yleviathan,ouuucchhhh
Seoul,2,1,1MILLION,steezystudio,1:42:38,@mdrnio_moffi,"good routine, but bad song"
Seoul,2,1,1MILLION,steezystudio,1:42:41,@imnoreen,ya no brotherhood got it.
Seoul,2,1,1MILLION,steezystudio,1:42:43,@leighdinaya,oh they're winning
Seoul,2,1,1MILLION,steezystudio,1:42:45,@ramoskim1032,When is brotherhood?
Seoul,2,1,1MILLION,steezystudio,1:42:46,@kavoooo1,brotherhood will win
Seoul,2,1,1MILLION,steezystudio,1:42:48,@CalehlGabrielSamarista-dy3es,Why did you end it on tiktok
Seoul,2,1,1MILLION,steezystudio,1:42:50,@klarzsenpaiii,oh shi
Seoul,2,1,1MILLION,steezystudio,1:42:51,@nenevss,"actual choreo is mid, visuals are nice tho"
Seoul,2,1,1MILLION,steezystudio,1:42:52,@rhiazze,bh is done
Seoul,2,1,1MILLION,steezystudio,1:42:53,@JDN-pro,Dami g adds
Seoul,2,1,1MILLION,steezystudio,1:42:54,@kkkup41,SPIDERMAAAAAAAAAAN
Seoul,2,1,1MILLION,steezystudio,1:42:55,@imnoreen,the song is holding them back lol
Seoul,2,1,1MILLION,steezystudio,1:42:56,@rhiazze,this is the last set
Seoul,2,1,1MILLION,steezystudio,1:42:57,@Yleviathan,ooohhhh!!!
Seoul,2,1,1MILLION,steezystudio,1:42:59,@presko5787,now this is stronggg
Seoul,2,1,1MILLION,steezystudio,1:42:59,@jaeiou_,dangg debby
Seoul,2,1,1MILLION,steezystudio,1:43:00,@rhiazze,OH WOW
Seoul,2,1,1MILLION,steezystudio,1:43:00,@ArmyZenTiny4Lyfe,im leaning wofh royal fam rn. let's see how 1M lands
Seoul,2,1,1MILLION,steezystudio,1:43:01,@sept2039,every single time.
Seoul,2,1,1MILLION,steezystudio,1:43:03,@presko5787,1mil
Seoul,2,1,1MILLION,steezystudio,1:43:03,@rhiazze,WOAHHHH
Seoul,2,1,1MILLION,steezystudio,1:43:04,@klarzsenpaiii,abilijin
Seoul,2,1,1MILLION,steezystudio,1:43:05,@ramoskim1032,When is brotherhood guys?
Seoul,2,1,1MILLION,steezystudio,1:43:05,@grceael,pildi na
Seoul,2,1,1MILLION,steezystudio,1:43:06,@johnkennethsantos9314,l ads
Seoul,2,1,1MILLION,steezystudio,1:43:06,@rhiazze,WHO IS HER
Seoul,2,1,1MILLION,steezystudio,1:43:09,@rhiazze,WHO WAS THAT
Seoul,2,1,1MILLION,steezystudio,1:43:11,@funbts_7,WOAJHHJJJJJ
Seoul,2,1,1MILLION,steezystudio,1:43:11,@officialchachnel,teka nasa rf paako nakanood huhu
Seoul,2,1,1MILLION,steezystudio,1:43:13,@sept2039,fucking ate
Seoul,2,1,1MILLION,steezystudio,1:43:14,@rhiazze,SO GOOD
Seoul,2,1,1MILLION,steezystudio,1:43:16,@kavoooo1,this song is ass but the choreography is good
Seoul,2,1,1MILLION,steezystudio,1:43:17,@joanin999,this is the best match up of the day
Seoul,2,1,1MILLION,steezystudio,1:43:19,@funbts_7,TEHYY GOT IT
Seoul,2,1,1MILLION,steezystudio,1:43:19,@IaMREIJI,1st brotherhood
Seoul,2,1,1MILLION,steezystudio,1:43:22,@kkkup41,Creativity top but choreography is a bit underwhelming
Seoul,2,1,1MILLION,steezystudio,1:43:25,@แมดเธอว์,the wswf moment i CANTTT
Seoul,2,1,1MILLION,steezystudio,1:43:26,@fvoclipx,song is hella asw
Seoul,2,1,1MILLION,steezystudio,1:43:28,@imnoreen,its quite obvious brotherhood had the winning routine for this 2nd round lol
Seoul,2,1,1MILLION,steezystudio,1:43:30,@rhiazze,@kavoooo1 true
Seoul,2,1,1MILLION,steezystudio,1:43:30,@eggyroven,They won’t
Seoul,2,1,1MILLION,steezystudio,1:43:32,@migoreu,THE SWSWF MOMENTTT
Seoul,1,1,GRV,idl.global,0:14:04,@Bitcxbed,OMGGGGGGG
Seoul,1,1,GRV,idl.global,0:14:04,@ayakasimp6217,tapos na ang community division!
Seoul,1,1,GRV,idl.global,0:14:04,@ririsgonewild,LETS GOO GRVVV
Seoul,1,1,GRV,idl.global,0:14:04,@Lucian7377,Kaka start pa lang
Seoul,1,1,GRV,idl.global,0:14:04,@johnvanabad5237,WOAH FIHNALLY RF TAKES COIN TOSS
Seoul,1,1,GRV,idl.global,0:14:05,@llaylllahh,GRVVV
Seoul,1,1,GRV,idl.global,0:14:05,@luclucille,LETS GO RF AND GRVVVVV
Seoul,1,1,GRV,idl.global,0:14:07,@Bitcxbed,IM EXCITED
Seoul,1,1,GRV,idl.global,0:14:07,@UwU-on8kq,LESSGO RFFFF
Seoul,1,1,GRV,idl.global,0:14:07,@vyanzee6,RFFFFFF
Seoul,1,1,GRV,idl.global,0:14:07,@Lucian7377,First match
Seoul,1,1,GRV,idl.global,0:14:07,@RubyCrystal-u1y,oh oh what
Seoul,1,1,GRV,idl.global,0:14:08,@davemagar8418,:elbowcough::elbowcough:
Seoul,1,1,GRV,idl.global,0:14:08,@jlzrxo,crowns up GOODLUCK GRV !!!
Seoul,1,1,GRV,idl.global,0:14:08,@ely.v00,next p brhd
Seoul,1,1,GRV,idl.global,0:14:08,@thee_soleichanel,LETSSS GOOOOOOOOO
Seoul,1,1,GRV,idl.global,0:14:09,@xjiaqiluo,LETS GO GRV
Seoul,1,1,GRV,idl.global,0:14:09,@loraileys,OH MY GOFDDDD
Seoul,1,1,GRV,idl.global,0:14:09,@ririsgonewild,YEAHH GRVV
Seoul,1,1,GRV,idl.global,0:14:10,@AKAGum00,I feel like that was a huge mistake...
Seoul,1,1,GRV,idl.global,0:14:10,@llaylllahh,pls grvv
Seoul,1,1,GRV,idl.global,0:14:10,@connellyzdiaz4529,SHOW EM WHO WE AREEEEEE RFFFFFF
Seoul,1,1,GRV,idl.global,0:14:11,@jesshiachristhiaguardafavo6987,watching this for my bf
Seoul,1,1,GRV,idl.global,0:14:13,@tn3cniverd187,LETS GOOO
Seoul,1,1,GRV,idl.global,0:14:14,@vahnyk,LESGOOOOO
Seoul,1,1,GRV,idl.global,0:14:14,@llaylllahh,ily grvvv
Seoul,1,1,GRV,idl.global,0:14:15,@dingdongring_7541,wow its like i cant hear the clay translating whats happening in eng
Seoul,1,1,GRV,idl.global,0:14:16,@vyanzee6,ROYAL FAMILY
Seoul,1,1,GRV,idl.global,0:14:16,@realorencatayoc2728,LEZGO RFFFF
Seoul,1,1,GRV,idl.global,0:14:16,@curtaquino8426,lessgooo
Seoul,1,1,GRV,idl.global,0:14:16,@jarellejarap5688,LETSSS GIIIIIOOOOOOOOOO GRVV
Seoul,1,1,GRV,idl.global,0:14:16,@seowonschiaseed,YEAAAAA
Seoul,1,1,GRV,idl.global,0:14:17,@davemagar8418,:medal-yellow-first-red::medal-yellow-first-red::medal-yellow-first-red::medal-yellow-first-red:
Seoul,1,1,GRV,idl.global,0:14:17,@rionvert,WOOOOOO
Seoul,1,1,GRV,idl.global,0:14:18,@Bitcxbed,I NO KOREAN BUT I AM EXCIIITED
Seoul,1,1,GRV,idl.global,0:14:19,@heinzfel,GOOD LUCK GRV
Seoul,1,1,GRV,idl.global,0:14:19,@st.tsa.09,LESGO GRVV
Seoul,1,1,GRV,idl.global,0:14:20,@not_having_a_good_time,"""no river'??? yeah he hates y'alls annoying asses"
Seoul,1,1,GRV,idl.global,0:14:20,@seowonschiaseed,KOREKOREKOREKOREKOREKORE
Seoul,1,1,GRV,idl.global,0:14:20,@layvora3219,GRV take this one home mannnn cmonnnnnnn
Seoul,1,1,GRV,idl.global,0:14:22,@drypanie,laki ng stagw
Seoul,1,1,GRV,idl.global,0:14:24,@ClydeLacambra,GRV!!!
Seoul,1,1,GRV,idl.global,0:14:27,@JJPrintingshop-s8b8o,let's goooooooooooo
Seoul,1,1,GRV,idl.global,0:14:27,@shounayuno,those who are complaining about the language being use are just stupid as f
Seoul,1,1,GRV,idl.global,0:14:28,@RubyCrystal-u1y,goodluck
Seoul,1,1,GRV,idl.global,0:14:29,@nevieluvs,GO BROTHERHOOODDDDD
Seoul,1,1,GRV,idl.global,0:14:30,@connellyzdiaz4529,goodluck t bothj x
Seoul,1,1,GRV,idl.global,0:14:34,@RubyCrystal-u1y,hayan na
Seoul,1,1,GRV,idl.global,0:14:40,@quintcarlgamer8552,LETSS GOOOWWWWWWW VANCOUVER!!
Seoul,1,1,GRV,idl.global,0:14:40,@blazeninja7764,lets GOOOOOOOOOOOOOOOOO
Seoul,1,1,GRV,idl.global,0:14:43,@loraileys,Oo weak opening :loudly_crying_face:
Seoul,1,1,GRV,idl.global,0:14:44,@shounayuno,cleaaaan
Seoul,1,1,GRV,idl.global,0:14:45,@DNCharLeys,cleannn
Seoul,1,1,GRV,idl.global,0:14:45,@vensleepy,SO SMOOTH
Seoul,1,1,GRV,idl.global,0:14:47,@johngabrielcadiz,GO RF THIS IS YOUR REDEMPTION
Seoul,1,1,GRV,idl.global,0:14:48,@UwU-on8kq,THE SYNCCC
Seoul,1,1,GRV,idl.global,0:14:51,@bonkersz0,let's gooooo
Seoul,1,1,GRV,idl.global,0:14:51,@Reiddddddddd,hype rhe room up guys
Seoul,1,1,GRV,idl.global,0:14:56,@Bitcxbed,THIS GIVES BRHD SYDNEY VIBES
Seoul,1,1,GRV,idl.global,0:14:59,@johngabrielcadiz,RF!!!!
Seoul,1,1,GRV,idl.global,0:15:00,@kizuumi0420,AYE
Seoul,1,1,GRV,idl.global,0:15:00,@Pokie-e8n,soo weakkk
Seoul,1,1,GRV,idl.global,0:15:00,@ririsgonewild,YEAHH GRVVV
Seoul,1,1,GRV,idl.global,0:15:02,@connellyzdiaz4529,letssss goooo royalll fammmmm
Seoul,1,1,GRV,idl.global,0:15:03,@sofiacardonagallego,STOP TEXTING OME WE CANT SEE PART OF THE TV CUZ OF THESE COMMENTS
Seoul,1,1,GRV,idl.global,0:15:05,@veronica-yw2vo,LETS GO SO CLEAN
Seoul,1,1,GRV,idl.global,0:15:07,@xeiyano,hundred thou to a hundred thou
Seoul,1,1,GRV,idl.global,0:15:09,@sofiacardonagallego,Stop texting
Seoul,1,1,GRV,idl.global,0:15:10,@Riza-r1v,GRVVVVV
Seoul,1,1,GRV,idl.global,0:15:11,@connellyzdiaz4529,RFFFFFFFFF
Seoul,1,1,GRV,idl.global,0:15:12,@itsmenebula-nox,wawwww
Seoul,1,1,GRV,idl.global,0:15:13,@not_having_a_good_time,what song is this??
Seoul,1,1,GRV,idl.global,0:15:13,@ccalvinator,waiting for moments
Seoul,1,1,GRV,idl.global,0:15:17,@thee_soleichanel,AYEEEEEEE
Seoul,1,1,GRV,idl.global,0:15:17,@swiftie_33,PLEASE
Seoul,1,1,GRV,idl.global,0:15:17,@Pokie-e8n,oohhhh
Seoul,1,1,GRV,idl.global,0:15:18,@JeCzar,1MILLION!!! SUPPORT FROM PHILIPPINES
Seoul,1,1,GRV,idl.global,0:15:19,@connellyzdiaz4529,LETSSS GOOOOOOOO XXXXX
Seoul,1,1,GRV,idl.global,0:15:19,@shiryu1094,brotherhood
Seoul,1,1,GRV,idl.global,0:15:19,@derin8953,lezgoo
Seoul,1,1,GRV,idl.global,0:15:19,@CANAAN-x,Vincent ate that part
Seoul,1,1,GRV,idl.global,0:15:21,@realorencatayoc2728,Sheesh that’s clean
Seoul,1,1,GRV,idl.global,0:15:25,@justwavvv,luh bat ganyan yung lighting hahahha
Seoul,1,1,GRV,idl.global,0:15:26,@pieceofdoe,Kinda slow
Seoul,1,1,GRV,idl.global,0:15:29,@MJH977,THE MUSIC GOES HAARD
Seoul,1,1,GRV,idl.global,0:15:29,@JaredEarnshaw,This crowd is crickets
Seoul,1,1,GRV,idl.global,0:15:29,@vahnyk,yoooo
Seoul,1,1,GRV,idl.global,0:15:30,@rubysayer3025,Ohhhh SHIITTT
Seoul,1,1,GRV,idl.global,0:15:32,@tookakuidude1121,uh oh
Seoul,1,1,GRV,idl.global,0:15:32,@kizuumi0420,mkay that ate
Seoul,1,1,GRV,idl.global,0:15:33,@chaima8056,did brotherhood already pass ??
Seoul,1,1,GRV,idl.global,0:15:33,@veronica-yw2vo,OHHH THE SHADE
Seoul,1,1,GRV,idl.global,0:15:33,@DnRaven,RIVER NOVIN!!!
Seoul,1,1,GRV,idl.global,0:15:34,@Bitcxbed,the song is custom
Seoul,1,1,GRV,idl.global,0:15:34,@taynguyener,Oh NO
Seoul,1,1,GRV,idl.global,0:15:35,@AKAGum00,damn
Seoul,1,1,GRV,idl.global,0:15:35,@vyanzee6,uhh
Seoul,1,1,GRV,idl.global,0:15:36,@QLe,crash
Seoul,1,1,GRV,idl.global,0:15:36,@celestiean,SMOOTHHHH
Seoul,1,1,GRV,idl.global,0:15:37,@heekiluna6050,aray mo
Seoul,1,1,GRV,idl.global,0:15:38,@Sean_S_00,OH NO
Seoul,1,1,GRV,idl.global,0:15:38,@johnemigguelvinavilez9447,DAMNNN
Seoul,1,1,GRV,idl.global,0:15:39,@taynguyener,HE FELLLL
Seoul,1,1,GRV,idl.global,0:15:40,@lili_blink000,Ayeeee3
Seoul,1,1,GRV,idl.global,0:15:40,@arh1d3a,HEEEEEEELL YEAH
Seoul,1,1,GRV,idl.global,0:15:40,@MJH977,OH DAMN
Seoul,1,1,GRV,idl.global,0:15:41,@jjjjjjjoshu,the crowd ...?
Seoul,1,1,GRV,idl.global,0:15:42,@ClydeLacambra,oh no
Seoul,1,1,GRV,idl.global,0:15:43,@TheGrifhinx,... shit
Seoul,1,1,GRV,idl.global,0:15:44,@molls-g8z,uhhhh
Seoul,1,1,GRV,idl.global,0:15:44,@reignlawrenceantonio9101,dmn he messed up
Seoul,1,1,GRV,idl.global,0:15:44,@kizuumi0420,WHY IS THE CROWD DEAD IM CRINE
Seoul,1,1,GRV,idl.global,0:15:44,@JeCzar,they messed up
Seoul,1,1,GRV,idl.global,0:15:44,@christiankyleescoto2160,bro fix these angles
Seoul,1,1,GRV,idl.global,0:15:45,@swiftie_33,SHITTT IS SO GOODDD
Seoul,1,1,GRV,idl.global,0:15:45,@rekadanko4675,Uh ohh
Seoul,1,1,GRV,idl.global,0:15:46,@yowzzz05,did he fell
Seoul,1,1,GRV,idl.global,0:15:46,@naeniaa,NAHHHH
Seoul,1,1,GRV,idl.global,0:15:46,@whlskey,car was tuff
Seoul,1,1,GRV,idl.global,0:15:47,@ninoarieldiocampo3939,awh
Seoul,1,1,GRV,idl.global,0:15:47,@lili_blink000,Ayeeee woaahhh
Seoul,1,1,GRV,idl.global,0:15:47,@not_having_a_good_time,I WOKE U IN A NEW BUGGAAATTTTIIIII
Seoul,1,1,GRV,idl.global,0:15:48,@UwU-on8kq,lol the wheels
Seoul,1,1,GRV,idl.global,0:15:49,@chanomatty,yun lang
Seoul,1,1,GRV,idl.global,0:15:49,@xen_mm,SHIIII
Seoul,1,1,GRV,idl.global,0:15:49,@mdfarithibrahimm448,Boring
Seoul,1,1,GRV,idl.global,0:15:50,@Un.Popular.Opinion,Dammmn
Seoul,1,1,GRV,idl.global,0:15:50,@kenfident,aray nya
Seoul,1,1,GRV,idl.global,0:15:51,@azherdondriano214,Nah
Seoul,1,1,GRV,idl.global,0:15:52,@Cazy_dy,the crowd is not giving
Seoul,1,1,GRV,idl.global,0:15:52,@ninoarieldiocampo3939,thats heartbreaking
Seoul,1,1,GRV,idl.global,0:15:53,@Un.Popular.Opinion,RF have a chaaance
Seoul,1,1,GRV,idl.global,0:15:54,@christiankyleescoto2160,fix the angles
Seoul,1,1,GRV,idl.global,0:15:54,@RubyCrystal-u1y,ohhhhhhjjjjjjj
Seoul,1,1,GRV,idl.global,0:15:54,@Gam3Bo1KD,Parang Play safe sila IMO
Seoul,1,1,GRV,idl.global,0:15:55,@Andrea-cg3yx,SONG CHOICEEE!!! LOVE IT
Seoul,1,1,GRV,idl.global,0:15:55,@gz.29,AYEEEE
Seoul,1,1,GRV,idl.global,0:15:56,@ivandummy-o6x5d,grv
Seoul,1,1,GRV,idl.global,0:15:56,@kizuumi0420,who messed up whar
Seoul,1,1,GRV,idl.global,0:15:56,@leelu-z1g,OMG!!!!
Seoul,1,1,GRV,idl.global,0:15:57,@Zszumi,ayee
Seoul,1,1,GRV,idl.global,0:15:58,@ohhtris,DEAD CROWD
Seoul,1,1,GRV,idl.global,0:16:00,@yins8542,was that a mistake?
Seoul,1,1,GRV,idl.global,0:16:00,@connellyzdiaz4529,okayyy
Seoul,1,1,GRV,idl.global,0:16:01,@yoopsie,HE DIDNT LANDDD
Seoul,1,1,GRV,idl.global,0:16:02,@LeeKangDan,Skip
Seoul,1,1,GRV,idl.global,0:16:03,@Iovenia00,lol the crowd don’t care
Seoul,1,1,GRV,idl.global,0:16:04,@celestiean,AYEEEEEEEEEEEEE
Seoul,1,1,GRV,idl.global,0:16:05,@guuuu7j7654,The crowd is dead
Seoul,1,1,GRV,idl.global,0:16:05,@ateezinmydirection,error ba yung tambling?
Seoul,1,1,GRV,idl.global,0:16:06,@kizuumi0420,AYE I LIKE THAT
Seoul,1,1,GRV,idl.global,0:16:06,@BlessieVentigan-b6s,eyyyyyyy
Seoul,1,1,GRV,idl.global,0:16:06,@rynfrrr,i think they are lowering the crowd volume
Seoul,1,1,GRV,idl.global,0:16:06,@Bitcxbed,IN KOREA CROWDS DONT TALK DURING PERFORMANCES
Seoul,1,1,GRV,idl.global,0:16:06,@channe156,77!!!!
Seoul,1,1,GRV,idl.global,0:16:07,@wicked.c7212,hmmm
Seoul,1,1,GRV,idl.global,0:16:07,@molls-g8z,not engaging
Seoul,1,1,GRV,idl.global,0:16:08,@realorencatayoc2728,lezgo
Seoul,1,1,GRV,idl.global,0:16:09,@johnmatthewmanaog6057,A FAULTY FALLL
Seoul,1,1,GRV,idl.global,0:16:09,@JDN-pro,Owww
Seoul,1,1,GRV,idl.global,0:16:11,@Andrea-cg3yx,may mali sila kanina eh
Seoul,1,1,GRV,idl.global,0:16:12,@LydiaKuhn-z5u,He missed the tuck
Seoul,1,1,GRV,idl.global,0:16:14,@shiryu1094,umay
Seoul,1,1,GRV,idl.global,0:16:14,@AKAGum00,idk mann this might be a missss
Seoul,1,1,GRV,idl.global,0:16:16,@RubyCrystal-u1y,crowd silent as helll
Seoul,1,1,GRV,idl.global,0:16:16,@Bitcxbed,STUDY KOREAN CULTUE BEFORE JUDGING
Seoul,1,1,GRV,idl.global,0:16:16,@JDN-pro,He messed up
Seoul,1,1,GRV,idl.global,0:16:19,@ririsgonewild,CMONN
Seoul,1,1,GRV,idl.global,0:16:20,@davemagar8418,so disappointinf
Seoul,1,1,GRV,idl.global,0:16:20,@seowonschiaseed,KOREAN CROWDS STAY SILENT OUT OF RESPECT
Seoul,1,1,GRV,idl.global,0:16:24,@ClydeLacambra,NICE BAWI GRV!!!
Seoul,1,1,GRV,idl.global,0:16:24,@JeCzar,their set is not giving
Seoul,1,1,GRV,idl.global,0:16:25,@heekiluna6050,BRO EVERYONE ARE JUST WAITING FOR BROTHERHOOD PERFORMANCE HAHHAA
Seoul,1,1,GRV,idl.global,0:16:26,@stooopeeed,RF CAN WIN WITH THIS SHI
Seoul,1,1,GRV,idl.global,0:16:27,@arh1d3a,Cleannnn
Seoul,1,1,GRV,idl.global,0:16:29,@kizuumi0420,im here for brotherhood but dang id still scream ts out of my lungs braur ToT
Seoul,1,1,GRV,idl.global,0:16:30,@Sean_S_00,REFERENCE
Seoul,1,1,GRV,idl.global,0:16:31,@yins8542,BRV :shushing_face:
Seoul,1,1,GRV,idl.global,0:16:32,@ayakasimp6217,camera works is greate this time huh!
Seoul,1,1,GRV,idl.global,0:16:33,@hye2there,ayy
Seoul,1,1,GRV,idl.global,0:16:35,@taliabailey6015,:fire::fire::fire::fire:
Seoul,1,1,GRV,idl.global,0:16:35,@shounayuno,wow clean combo
Seoul,1,1,GRV,idl.global,0:16:35,@yowzzz05,THEY'RE THROWING SHADE AT RD
Seoul,1,1,GRV,idl.global,0:16:36,@Bitcxbed,EXACTLY CHIA SEED IS RIGHT
Seoul,1,1,GRV,idl.global,0:16:36,@patriciadesquitado871,Whoa whoa whoa
Seoul,1,1,GRV,idl.global,0:16:37,@sinnombre2r345,"this is normal, i don´t see something new"
Seoul,1,1,GRV,idl.global,0:16:38,@yowzzz05,RF
Seoul,1,1,GRV,idl.global,0:16:38,@karlmarx1st,BULOK NA NAPPRESSURE NA SILA INGAY NIYO KASI E
Seoul,1,1,GRV,idl.global,0:16:39,@MJH977,AYEEE
Seoul,1,1,GRV,idl.global,0:16:39,@CANAAN-x,RF reference
Seoul,1,1,GRV,idl.global,0:16:39,@ginalyndizon2400,when did the live start guys? just now?
Seoul,1,1,GRV,idl.global,0:16:40,@ririsgonewild,YOOOOO
Seoul,1,1,GRV,idl.global,0:16:40,@handsomewolf1909,HOLY CALLOUT
Seoul,1,1,GRV,idl.global,0:16:40,@connellyzdiaz4529,okayyyy
Seoul,1,1,GRV,idl.global,0:16:41,@JeCzar,its still clean tho
Seoul,1,1,GRV,idl.global,0:16:41,@johnmatthewmanaog6057,rf got that extra point
Seoul,1,1,GRV,idl.global,0:16:41,@riacakes_xoxo,Oof
Seoul,1,1,GRV,idl.global,0:16:41,@rayn6152,oh the call outs
Seoul,1,1,GRV,idl.global,0:16:42,@notkenma,CALL OUTTT
Seoul,1,1,GRV,idl.global,0:16:42,@Nyx_ze67,DISS
Seoul,1,1,GRV,idl.global,0:16:43,@Sean_S_00,AYO999 REFERENCE
Seoul,1,1,GRV,idl.global,0:16:43,@loraileys,theres nothing special
Seoul,1,1,GRV,idl.global,0:16:43,@andreitamboong5620,owwwwa
Seoul,1,1,GRV,idl.global,0:16:43,@markilaset09,THE RF REFERENCE
Seoul,1,1,GRV,idl.global,0:16:44,@tn3cniverd187,HAHHAHA
Seoul,1,1,GRV,idl.global,0:16:44,@reignlawrenceantonio9101,OOHHHHH call ouutttt
Seoul,1,1,GRV,idl.global,0:16:44,@Andrea-cg3yx,YOOOOOOOO
Seoul,1,1,GRV,idl.global,0:16:45,@ikeeee_0,LOLLLL
Seoul,1,1,GRV,idl.global,0:16:45,@ninoarieldiocampo3939,"SHUT UP WITH ""KOREAN CROWN DOESNT CARE"" THEY JUST RESPECT THE PERFORMANCE"
Seoul,1,1,GRV,idl.global,0:16:45,@LucasPasig,nah the RF shade
Seoul,1,1,GRV,idl.global,0:16:46,@ikeeee_0,adasdada
Seoul,1,1,GRV,idl.global,0:16:46,@axlcrd17,shade
Seoul,1,1,GRV,idl.global,0:16:46,@molls-g8z,crowd isnt silent guys wdym
Seoul,1,1,GRV,idl.global,0:16:47,@Gam3Bo1KD,grabeng call back yun ah
Seoul,1,1,GRV,idl.global,0:16:47,@otakulisa,SHADE SEENNNNNNNN
Seoul,1,1,GRV,idl.global,0:16:49,@veronica-yw2vo,AYEEEE CALLES OUT
Seoul,1,1,GRV,idl.global,0:16:49,@TheGrifhinx,LET'S GO TIME TO DO THE DISSES
Seoul,1,1,GRV,idl.global,0:16:49,@vahnyk,lmaoo
Seoul,1,1,GRV,idl.global,0:16:53,@RubyCrystal-u1y,ohhhhh
Seoul,1,1,GRV,idl.global,0:16:53,@vahnyk,SHDEEEE
Seoul,1,1,GRV,idl.global,0:16:56,@Andrea-cg3yx,call back agad????
Seoul,1,1,GRV,idl.global,0:16:57,@ipadsabahay,yooo why no cheer from the peoplee
Seoul,1,1,GRV,idl.global,0:16:57,@winnieauyeung09,ateee
Seoul,1,1,GRV,idl.global,0:16:58,@gerardreytas6322,boring set
Seoul,1,1,GRV,idl.global,0:16:58,@francisjosephsola,hahahaha lmao
Seoul,1,1,GRV,idl.global,0:16:58,@vensleepy,where the diss i didnt see it
Seoul,1,1,GRV,idl.global,0:16:58,@Andrea-cg3yx,bilis ah
Seoul,1,1,GRV,idl.global,0:16:59,@vahnyk,THE SHADEEEE
Seoul,1,1,GRV,idl.global,0:17:00,@realorencatayoc2728,Clean wow
Seoul,1,1,GRV,idl.global,0:17:01,@thee_soleichanel,yeah I think we forget there are different crowd standards in different countries
Seoul,1,1,GRV,idl.global,0:17:01,@justinequibod8,what a call back
Seoul,1,1,GRV,idl.global,0:17:02,@ayen_cat04,LEZGOOO GRV
Seoul,1,1,GRV,idl.global,0:17:03,@vensleepy,BUT THEY WERE SO SMOOTH
Seoul,1,1,GRV,idl.global,0:17:04,@kizuumi0420,OMG AINT NO WAY
Seoul,1,1,GRV,idl.global,0:17:05,@seowonschiaseed,1MILLIONNN
Seoul,1,1,GRV,idl.global,0:17:06,@russellmagat3576,THE SHADE!!!!???
Seoul,1,1,GRV,idl.global,0:17:07,@user-pj8fu2uf,the shadeee
Seoul,1,1,GRV,idl.global,0:17:07,@toshq_q,L song
Seoul,1,1,ROYAL FAMILY,idl.global,0:18:06,@xeiyano,KUNG MAKAPAGREKLAMO AKALA MO JUDGE TALAGA HAHAHSHAHAHA
Seoul,1,1,ROYAL FAMILY,idl.global,0:18:06,@jisyng,i dont get the hype at all
Seoul,1,1,ROYAL FAMILY,idl.global,0:18:06,@winnieauyeung09,:face-red-smiling-live:
Seoul,1,1,ROYAL FAMILY,idl.global,0:18:06,@jekeiya,LESZGOOOOOOOOOOOOO RFFFFFFFFFFFFFFFFFFFFFFFFFFFFFFFFFFFFFFFFFFFFFF
Seoul,1,1,ROYAL FAMILY,idl.global,0:18:06,@arh1d3a,Реально мясо
Seoul,1,1,ROYAL FAMILY,idl.global,0:18:06,@ZymonRigor,RRFFF
Seoul,1,1,ROYAL FAMILY,idl.global,0:18:07,@kylerom3992,the fall is gonna cost
Seoul,1,1,ROYAL FAMILY,idl.global,0:18:07,@xaroulaspanou,stop fxcking hating yall its not like y can do better
Seoul,1,1,ROYAL FAMILY,idl.global,0:18:07,@WillyWonkachocolatefactory990,it was MID
Seoul,1,1,ROYAL FAMILY,idl.global,0:18:07,@PRINCEJACOBOPACO,RF THIS TIMEEEEEEEEEEEE BRUHHHHHHHH NAGKAMALI GRV
Seoul,1,1,ROYAL FAMILY,idl.global,0:18:07,@MJH977,RF LETS GOOO\
Seoul,1,1,ROYAL FAMILY,idl.global,0:18:08,@meow_meowieee,THE REFERENCE :loudly_crying_face::loudly_crying_face::loudly_crying_face:
Seoul,1,1,ROYAL FAMILY,idl.global,0:18:08,@ZymonRigor,RFFF
Seoul,1,1,ROYAL FAMILY,idl.global,0:18:08,@DJJD17,Crowns up!:crown::yellow_heart:
Seoul,1,1,ROYAL FAMILY,idl.global,0:18:08,@DnRaven,RIVER NOVIN :fire::fire::fire::fire:
Seoul,1,1,ROYAL FAMILY,idl.global,0:18:08,@alma.gv2,crowd dead af
Seoul,1,1,ROYAL FAMILY,idl.global,0:18:09,@angelotzy2518,lezz gooooo
Seoul,1,1,ROYAL FAMILY,idl.global,0:18:09,@Migszxh,that's so insane
Seoul,1,1,ROYAL FAMILY,idl.global,0:18:10,@bellamybellamy5869,Saan magvote?
Seoul,1,1,ROYAL FAMILY,idl.global,0:18:10,@rooknite,CMON
Seoul,1,1,ROYAL FAMILY,idl.global,0:18:10,@rayn6152,this might be the chance of RF to finally advance to R2
Seoul,1,1,ROYAL FAMILY,idl.global,0:18:11,@ayela562,Very clean but not as charismatic as I hoped
Seoul,1,1,ROYAL FAMILY,idl.global,0:18:11,@cakebatter012,"beginning was mid, got better towards the end"
Seoul,1,1,ROYAL FAMILY,idl.global,0:18:12,@yowzzz05,how are they suppose to see loll
Seoul,1,1,ROYAL FAMILY,idl.global,0:18:12,@jekeiya,RFFFFF RFFF RFFFFFFFFFFFFFFFFFFFFFFFF
Seoul,1,1,ROYAL FAMILY,idl.global,0:18:12,@coralie8073,Guys did he fell during the backflip :loudly_crying_face::loudly_crying_face:
Seoul,1,1,ROYAL FAMILY,idl.global,0:18:12,@vhs_dreams_yt,clean but week
Seoul,1,1,ROYAL FAMILY,idl.global,0:18:12,@luclucille,LETSS GOOO RFFF
Seoul,1,1,ROYAL FAMILY,idl.global,0:18:13,@d.s-i2d,sad slip and song choice :(
Seoul,1,1,ROYAL FAMILY,idl.global,0:18:13,@vyanzee6,:eyes-pink-heart-shape::eyes-pink-heart-shape:
Seoul,1,1,ROYAL FAMILY,idl.global,0:18:14,@enashinoo,VERY clean but not striking
Seoul,1,1,ROYAL FAMILY,idl.global,0:18:14,@BriannaHamilton-lr9zg,Nha the call out was not it ahhahaha
Seoul,1,1,ROYAL FAMILY,idl.global,0:18:15,@winnieauyeung09,:yellow_heart::yellow_heart::yellow_heart::yellow_heart:
Seoul,1,1,ROYAL FAMILY,idl.global,0:18:15,@meow_meowieee,LET'S GO RF! :fire:
Seoul,1,1,ROYAL FAMILY,idl.global,0:18:16,@encrts,the calloutttt
Seoul,1,1,ROYAL FAMILY,idl.global,0:18:17,@vhs_dreams_yt,clean but weak
Seoul,1,1,ROYAL FAMILY,idl.global,0:18:17,@krizelleganancial,boring oof
Seoul,1,1,ROYAL FAMILY,idl.global,0:18:17,@luisandreidelarosa3505,i think something happened thats not their 100%
Seoul,1,1,ROYAL FAMILY,idl.global,0:18:17,@rooknite,Ywaahaghaahaha
Seoul,1,1,ROYAL FAMILY,idl.global,0:18:18,@JCT.MINGUITO,goooo
Seoul,1,1,ROYAL FAMILY,idl.global,0:18:18,@DavejasperDandan,eyyyy
Seoul,1,1,ROYAL FAMILY,idl.global,0:18:18,@czyrinetorres6887,mas good yung sydney nila
Seoul,1,1,ROYAL FAMILY,idl.global,0:18:19,@donalenesadventures,WOWOWOW
Seoul,1,1,ROYAL FAMILY,idl.global,0:18:19,@heekiluna6050,YEAH THATS RIGGHT CLEAN BUT WEAK
Seoul,1,1,ROYAL FAMILY,idl.global,0:18:20,@DJJD17,Royal Family〜:yellow_heart:
Seoul,1,1,ROYAL FAMILY,idl.global,0:18:21,@Yondamotivs,bhood already done?
Seoul,1,1,ROYAL FAMILY,idl.global,0:18:22,@UwU-on8kq,RF U GOT THIS
Seoul,1,1,ROYAL FAMILY,idl.global,0:18:23,@ivandummy-o6x5d,tf u mean wek
Seoul,1,1,ROYAL FAMILY,idl.global,0:18:24,@pieceofdoe,ROOTING FOR THIS ON
Seoul,1,1,ROYAL FAMILY,idl.global,0:18:24,@Migszxh,love this kind of dance competition
Seoul,1,1,ROYAL FAMILY,idl.global,0:18:25,@AKAGum00,GRV throwing the battle to win a bet LOL
Seoul,1,1,ROYAL FAMILY,idl.global,0:18:25,@Helyum3,thet didnt give their everything on it
Seoul,1,1,ROYAL FAMILY,idl.global,0:18:25,@xeiyano,go rf :collision::collision:
Seoul,1,1,ROYAL FAMILY,idl.global,0:18:26,@heinzfel,i think the backflip flopped
Seoul,1,1,ROYAL FAMILY,idl.global,0:18:26,@BENEDICT-j1b,OH YEAA
Seoul,1,1,ROYAL FAMILY,idl.global,0:18:27,@yourbaddie143,VOTE FOR GRV!!!!!
Seoul,1,1,ROYAL FAMILY,idl.global,0:18:27,@seowonschiaseed,RFRFRFRFRFRFRFRFRFRFRFRFRF
Seoul,1,1,ROYAL FAMILY,idl.global,0:18:27,@molls-g8z,CROWNED
Seoul,1,1,ROYAL FAMILY,idl.global,0:18:28,@donalenesadventures,KILLED THAT
Seoul,1,1,ROYAL FAMILY,idl.global,0:18:29,@MJH977,ICONIC POSE OFC
Seoul,1,1,ROYAL FAMILY,idl.global,0:18:29,@yowzzz05,RF FIREEEEE
Seoul,1,1,ROYAL FAMILY,idl.global,0:18:30,@Helyum3,OH
Seoul,1,1,ROYAL FAMILY,idl.global,0:18:30,@DJJD17,let'sgo!
Seoul,1,1,ROYAL FAMILY,idl.global,0:18:31,@takeyyshi,crowd dead sf
Seoul,1,1,ROYAL FAMILY,idl.global,0:18:31,@yourbaddie143,:green_heart::green_heart::green_heart::green_heart::green_heart::green_heart:
Seoul,1,1,ROYAL FAMILY,idl.global,0:18:31,@patriciadesquitado871,Whoa
Seoul,1,1,ROYAL FAMILY,idl.global,0:18:33,@stooopeeed,grv lose
Seoul,1,1,ROYAL FAMILY,idl.global,0:18:33,@vahnyk,OOHH
Seoul,1,1,ROYAL FAMILY,idl.global,0:18:35,@PRINCEJACOBOPACO,DAMNNNNNNNN
Seoul,1,1,ROYAL FAMILY,idl.global,0:18:36,@brainwavetony6201,PA SHOUTOUT KAY __JUDE TORIAGA__
Seoul,1,1,ROYAL FAMILY,idl.global,0:18:36,@Uknown_creature,Broo lesgow
Seoul,1,1,ROYAL FAMILY,idl.global,0:18:37,@JCT.MINGUITO,shout out sa ako
Seoul,1,1,ROYAL FAMILY,idl.global,0:18:37,@lucien_friess,colddd
Seoul,1,1,ROYAL FAMILY,idl.global,0:18:38,@rooknite,DADSSS
Seoul,1,1,ROYAL FAMILY,idl.global,0:18:39,@seowonschiaseed,OMG GGGGG
Seoul,1,1,ROYAL FAMILY,idl.global,0:18:39,@oma1036,OH SHI
Seoul,1,1,ROYAL FAMILY,idl.global,0:18:39,@johngabrielcadiz,SHEEESH SO CLEAN
Seoul,1,1,ROYAL FAMILY,idl.global,0:18:39,@channe156,The song choice!!!
Seoul,1,1,ROYAL FAMILY,idl.global,0:18:40,@DavejasperDandan,brotherhood :fire::fire::fire::fire::fire::fire::fire::fire:
Seoul,1,1,ROYAL FAMILY,idl.global,0:18:40,@sinnombre2r345,grrat song choice
Seoul,1,1,ROYAL FAMILY,idl.global,0:18:40,@brainwavetony6201,!\PA SHOUTOUT KAY __JUDE TORIAGA__
Seoul,1,1,ROYAL FAMILY,idl.global,0:18:40,@johnemigguelvinavilez9447,WHOOOAAA
Seoul,1,1,ROYAL FAMILY,idl.global,0:18:41,@rooknite,ADSSS
Seoul,1,1,ROYAL FAMILY,idl.global,0:18:41,@arh1d3a,HOLYYYYYY
Seoul,1,1,ROYAL FAMILY,idl.global,0:18:41,@juliachiu228,GRV:green_heart:GRV:green_heart:GRV:green_heart:GRV:green_heart:GRV:green_heart:GRV:green_heart:
Seoul,1,1,ROYAL FAMILY,idl.global,0:18:41,@KurtczackToledo,HOLY SHEETTTT
Seoul,1,1,ROYAL FAMILY,idl.global,0:18:42,@heekiluna6050,kice ads
Seoul,1,1,ROYAL FAMILY,idl.global,0:18:43,@seowonschiaseed,FIREE
Seoul,1,1,ROYAL FAMILY,idl.global,0:18:43,@derin8953,REDEMPTION ARC
Seoul,1,1,ROYAL FAMILY,idl.global,0:18:43,@realorencatayoc2728,I agree with the clean but weak
Seoul,1,1,ROYAL FAMILY,idl.global,0:18:45,@DJJD17,nice!
Seoul,1,1,ROYAL FAMILY,idl.global,0:18:46,@shounayuno,okay rf
Seoul,1,1,ROYAL FAMILY,idl.global,0:18:46,@T818-s6d,OH MAI GOD
Seoul,1,1,ROYAL FAMILY,idl.global,0:18:46,@MeltonLagrimas,Go rffffff
Seoul,1,1,ROYAL FAMILY,idl.global,0:18:48,@bonkersz0,LET'S GOOO
Seoul,1,1,ROYAL FAMILY,idl.global,0:18:49,@kizuumi0420,LEZGAUR RFAM
Seoul,1,1,ROYAL FAMILY,idl.global,0:18:49,@seowonschiaseed,SO MUCH BETTERR
Seoul,1,1,ROYAL FAMILY,idl.global,0:18:49,@xeiyano,SONG CHOICEEEE
Seoul,1,1,ROYAL FAMILY,idl.global,0:18:50,@JeCzar,oop that was kinda messy
Seoul,1,1,ROYAL FAMILY,idl.global,0:18:51,@bea-ok3pl,THE AD
Seoul,1,1,ROYAL FAMILY,idl.global,0:18:52,@RubyCrystal-u1y,ohhhh
Seoul,1,1,ROYAL FAMILY,idl.global,0:18:52,@CANAAN-x,Family Ties is such a good pick
Seoul,1,1,ROYAL FAMILY,idl.global,0:18:52,@lhscjkdn,GRV REMAINS BETTER
Seoul,1,1,ROYAL FAMILY,idl.global,0:18:53,@lucien_friess,nahhh they cold
Seoul,1,1,ROYAL FAMILY,idl.global,0:18:54,@Andrea-cg3yx,YOOOOOOO
Seoul,1,1,ROYAL FAMILY,idl.global,0:18:55,@whlskey,nice ads
Seoul,1,1,ROYAL FAMILY,idl.global,0:18:55,@PRINCEJACOBOPACO,RF THID TIME
Seoul,1,1,ROYAL FAMILY,idl.global,0:18:58,@dafi-quakc,EY EY EYYYY
Seoul,1,1,ROYAL FAMILY,idl.global,0:19:00,@xeiyano,RF REDEMPTION ARC??
Seoul,1,1,ROYAL FAMILY,idl.global,0:19:01,@MarcGaffud,TF IS THAT AD
Seoul,1,1,ROYAL FAMILY,idl.global,0:19:05,@jesshiachristhiaguardafavo6987,ouu shiii
Seoul,1,1,ROYAL FAMILY,idl.global,0:19:06,@Helyum3,rf clearly win
Seoul,1,1,ROYAL FAMILY,idl.global,0:19:06,@patriciadesquitado871,That flannel
Seoul,1,1,ROYAL FAMILY,idl.global,0:19:07,@kavitas_13,Guys has brotherhood been on yet
Seoul,1,1,ROYAL FAMILY,idl.global,0:19:07,@JCT.MINGUITO,but my add
Seoul,1,1,ROYAL FAMILY,idl.global,0:19:09,@enashinoo,Yeah rf is taking this
Seoul,1,1,ROYAL FAMILY,idl.global,0:19:09,@realorencatayoc2728,Wowwwwoww rf
Seoul,1,1,ROYAL FAMILY,idl.global,0:19:09,@tookakuidude1121,finally rf is coming back to their senses
Seoul,1,1,ROYAL FAMILY,idl.global,0:19:10,@DJJD17,wowwwwwwwww
Seoul,1,1,ROYAL FAMILY,idl.global,0:19:10,@PRINCEJACOBOPACO,RF THIS TIMEEEEEEEEEEEE BRUHHHHHHHH NAGKAMALI GRVRF THIS TIMEEEEEEEEEEEE BRUHHHHHHHH NAGKAMALI GRV
Seoul,1,1,ROYAL FAMILY,idl.global,0:19:11,@seowonschiaseed,bit messt tho
Seoul,1,1,ROYAL FAMILY,idl.global,0:19:11,@swiftie_33,REDEMPTION FR
Seoul,1,1,ROYAL FAMILY,idl.global,0:19:12,@UwU-on8kq,woajhhh
Seoul,1,1,ROYAL FAMILY,idl.global,0:19:12,@ClydeLacambra,YUPP THEY'RE GONNA WIN!!!!
Seoul,1,1,ROYAL FAMILY,idl.global,0:19:13,@arh1d3a,Аййййййй
Seoul,1,1,ROYAL FAMILY,idl.global,0:19:13,@AKAGum00,where is the energy??? both teams feel empty
Seoul,1,1,ROYAL FAMILY,idl.global,0:19:14,@vyanzee6,AYE3E
Seoul,1,1,ROYAL FAMILY,idl.global,0:19:14,@jeido_zzz,messy
Seoul,1,1,ROYAL FAMILY,idl.global,0:19:15,@cenamoncenamobuns,oh yeah rf has a better tracklist
Seoul,1,1,ROYAL FAMILY,idl.global,0:19:17,@winnieauyeung09,uh no
Seoul,1,1,ROYAL FAMILY,idl.global,0:19:18,@ayen_cat04,OOHHH I THINK RF WILL GET THAT
Seoul,1,1,ROYAL FAMILY,idl.global,0:19:19,@UwU-on8kq,REDEMTIONNNN
Seoul,1,1,ROYAL FAMILY,idl.global,0:19:21,@aniishahahaha,ayyyy
Seoul,1,1,ROYAL FAMILY,idl.global,0:19:22,@ArgelJosephTamelin,WHY THEY HAVE SAME ROUTINE EVERY YEAR
Seoul,1,1,ROYAL FAMILY,idl.global,0:19:22,@luzz.._auwenn,CRAZZYYYY ROYAL FAMILYYYYY
Seoul,1,1,ROYAL FAMILY,idl.global,0:19:22,@kizuumi0420,LORD THE AFROOOOO
Seoul,1,1,ROYAL FAMILY,idl.global,0:19:22,@bdullzz,MY RF I WANNA CRYY
Seoul,1,1,ROYAL FAMILY,idl.global,0:19:23,@JCT.MINGUITO,hehe michael jackson
Seoul,1,1,ROYAL FAMILY,idl.global,0:19:25,@RafaelWFH,MESSY!!!!
Seoul,1,1,ROYAL FAMILY,idl.global,0:19:25,@molls-g8z,BROTHERHOOD HAS NOT GONE YET EVERYONE
Seoul,1,1,ROYAL FAMILY,idl.global,0:19:28,@garfieldbreadlover09,oh they r def taking it
Seoul,1,1,ROYAL FAMILY,idl.global,0:19:29,@winnieauyeung09,This is so much better
Seoul,1,1,ROYAL FAMILY,idl.global,0:19:30,@toshq_q,RF MIGHT WIN THIS MATCH
Seoul,1,1,ROYAL FAMILY,idl.global,0:19:31,@cenamoncenamobuns,grv felt empty
Seoul,1,1,ROYAL FAMILY,idl.global,0:19:31,@vyanzee6,AFROO
Seoul,1,1,ROYAL FAMILY,idl.global,0:19:33,@MJH977,hmmm idk
Seoul,1,1,ROYAL FAMILY,idl.global,0:19:35,@lxashr_,why is there ads
Seoul,1,1,ROYAL FAMILY,idl.global,0:19:36,@rheanadalucan,eldonnnnnn
Seoul,1,1,ROYAL FAMILY,idl.global,0:19:37,@kizuumi0420,AYEEEEE
Seoul,1,1,ROYAL FAMILY,idl.global,0:19:39,@heekiluna6050,MESSY
Seoul,1,1,ROYAL FAMILY,idl.global,0:19:39,@connellyzdiaz4529,RFFFFFFF
Seoul,1,1,ROYAL FAMILY,idl.global,0:19:42,@kizuumi0420,THEY ATE THAT
Seoul,1,1,ROYAL FAMILY,idl.global,0:19:42,@DNCharLeys,JACKETS ON WAIST HIDE THE MOVEMENT SAD
Seoul,1,1,ROYAL FAMILY,idl.global,0:19:43,@kunsyaman,woahhhh
Seoul,1,1,ROYAL FAMILY,idl.global,0:19:47,@typeonegativefan0,just no
Seoul,1,1,ROYAL FAMILY,idl.global,0:19:48,@jjjjjjjoshu,AAAYYYYYY
Seoul,1,1,ROYAL FAMILY,idl.global,0:19:48,@luzz.._auwenn,RFFFFFFF YOU GOT THIS.
Seoul,1,1,ROYAL FAMILY,idl.global,0:19:49,@JCT.MINGUITO,B KAMI UMAY
Seoul,1,1,ROYAL FAMILY,idl.global,0:19:49,@Pokie-e8n,much better
Seoul,1,1,ROYAL FAMILY,idl.global,0:19:50,@winnieauyeung09,RF is eating guys
Seoul,1,1,ROYAL FAMILY,idl.global,0:19:51,@xeiyano,#BRINGDONALDHOME
Seoul,1,1,ROYAL FAMILY,idl.global,0:19:51,@kylerom3992,rf got it
Seoul,1,1,ROYAL FAMILY,idl.global,0:19:52,@jjjjjjjoshu,NOOO THIS IS NOT MID
Seoul,1,1,ROYAL FAMILY,idl.global,0:19:52,@seowonschiaseed,danggg
Seoul,1,1,ROYAL FAMILY,idl.global,0:19:55,@vulcanifilio,"grv felt empty, RF def feels better here"
Seoul,1,1,ROYAL FAMILY,idl.global,0:19:56,@xaroulaspanou,yeahhhh
Seoul,1,1,ROYAL FAMILY,idl.global,0:19:57,@DJJD17,:yellow_heart::yellow_heart::yellow_heart:
Seoul,1,1,ROYAL FAMILY,idl.global,0:19:59,@seowonschiaseed,:face-blue-wide-eyes::face-blue-wide-eyes::face-blue-wide-eyes::face-blue-wide-eyes::face-blue-wide-eyes::face-blue-wide-eyes::face-blue-wide-eyes::face-blue-wide-eyes:
Seoul,1,1,ROYAL FAMILY,idl.global,0:19:59,@aniishahahaha,woah
Seoul,1,1,ROYAL FAMILY,idl.global,0:20:00,@sinnombre2r345,rf with afrobeats nothing new
Seoul,1,1,ROYAL FAMILY,idl.global,0:20:00,@zennenwong8412,weaaaaak set
Seoul,1,1,ROYAL FAMILY,idl.global,0:20:00,@jeido_zzz,mid
Seoul,1,1,ROYAL FAMILY,idl.global,0:20:01,@Jude-td4hf,OOOOOH
Seoul,1,1,ROYAL FAMILY,idl.global,0:20:01,@loraileys,ohoooo
Seoul,1,1,ROYAL FAMILY,idl.global,0:20:02,@Tantadolp,0 7 SWEEEPPPPPP
Seoul,1,1,ROYAL FAMILY,idl.global,0:20:02,@heinzfel,ooh shade
Seoul,1,1,ROYAL FAMILY,idl.global,0:20:02,@vyanzee6,AYE333
Seoul,1,1,ROYAL FAMILY,idl.global,0:20:02,@arh1d3a,Афигеть
Seoul,1,1,ROYAL FAMILY,idl.global,0:20:03,@ikeeee_0,FIREEEE
Seoul,1,1,ROYAL FAMILY,idl.global,0:20:04,@peewwiii,L
Seoul,1,1,ROYAL FAMILY,idl.global,0:20:04,@Eievuy,That cam is so disgustingly bad quality what was that
Seoul,1,1,ROYAL FAMILY,idl.global,0:20:04,@Andrea-cg3yx,MAYGADDDDDD
Seoul,1,1,ROYAL FAMILY,idl.global,0:20:05,@kunsyaman,AHHHHHHH
Seoul,1,1,ROYAL FAMILY,idl.global,0:20:05,@Ynasy_Ynasy,nahhh grv>royal fam
Seoul,1,1,ROYAL FAMILY,idl.global,0:20:06,@Michael_Pe,RF GOTTA HAS TO WIN THIS
Seoul,1,1,ROYAL FAMILY,idl.global,0:20:06,@taynguyener,AYEEEEW
Seoul,1,1,ROYAL FAMILY,idl.global,0:20:06,@winnieauyeung09,:yellow_heart::yellow_heart::yellow_heart::yellow_heart::yellow_heart::yellow_heart:
Seoul,1,1,ROYAL FAMILY,idl.global,0:20:07,@Na-i-saroiGassah,LESSGOoOo
Seoul,1,1,ROYAL FAMILY,idl.global,0:20:08,@UwU-on8kq,oh sorry what
Seoul,1,1,ROYAL FAMILY,idl.global,0:20:08,@cenamoncenamobuns,eyy
Seoul,1,1,ROYAL FAMILY,idl.global,0:20:09,@vahnyk,aeeee
Seoul,1,1,ROYAL FAMILY,idl.global,0:20:09,@ayen_cat04,RF NASTYY
Seoul,1,1,ROYAL FAMILY,idl.global,0:20:09,@toshq_q,RF WIN
Seoul,1,1,ROYAL FAMILY,idl.global,0:20:09,@meowskiing,ggs grv
Seoul,1,1,ROYAL FAMILY,idl.global,0:20:11,@reignlawrenceantonio9101,rf might take this one
Seoul,1,1,ROYAL FAMILY,idl.global,0:20:11,@lovekristina7498,I love you royal fam but pls take Inspo from old gen cmon
Seoul,1,1,ROYAL FAMILY,idl.global,0:20:11,@kizuumi0420,herl the bass shakin the cam KJAHSDKJAHSDKHJASD
Seoul,1,1,ROYAL FAMILY,idl.global,0:20:11,@PRINCEJACOBOPACO,DAMNNNNNNNNNN
Seoul,1,1,ROYAL FAMILY,idl.global,0:20:12,@arh1d3a,AYEEEEEE MY GIRL
Seoul,1,1,ROYAL FAMILY,idl.global,0:20:13,@thee_soleichanel,OOOOOO
Seoul,1,1,ROYAL FAMILY,idl.global,0:20:13,@lexiewescott445,THIS GOTTA WIN
Seoul,1,1,ROYAL FAMILY,idl.global,0:20:13,@shiloh_kr,this sooo RFc2018
Seoul,1,1,ROYAL FAMILY,idl.global,0:20:14,@DJJD17,momomomo
Seoul,1,1,ROYAL FAMILY,idl.global,0:20:14,@Jude-td4hf,HOLYSHITTT
Seoul,1,1,ROYAL FAMILY,idl.global,0:20:16,@jepjepsahur3,I think rf will win 1st r
Seoul,1,1,ROYAL FAMILY,idl.global,0:20:17,@stooopeeed,could be mid but strong unlike GRV...
Seoul,1,1,ROYAL FAMILY,idl.global,0:20:19,@Uknown_creature,Ohhhhh
Seoul,1,1,ROYAL FAMILY,idl.global,0:20:19,@enashinoo,OUUUU SHIIIII
Seoul,1,1,ROYAL FAMILY,idl.global,0:20:19,@patriciadesquitado871,Oooohhh
Seoul,1,1,ROYAL FAMILY,idl.global,0:20:19,@vulcanifilio,i thought it was my net
Seoul,1,1,ROYAL FAMILY,idl.global,0:20:20,@justinequibod8,nahhhhhhhhhhh
Seoul,1,1,ROYAL FAMILY,idl.global,0:20:20,@kizuumi0420,STANNNKKKKKKKKK
Seoul,1,1,ROYAL FAMILY,idl.global,0:20:20,@yowzzz05,WAITTTT
Seoul,1,1,ROYAL FAMILY,idl.global,0:20:20,@KurtczackToledo,DIUSSSSS
Seoul,1,1,ROYAL FAMILY,idl.global,0:20:21,@PRINCEJACOBOPACO,DAMNNNNNNN
Seoul,1,1,ROYAL FAMILY,idl.global,0:20:21,@axlcrd17,Period
Seoul,1,1,ROYAL FAMILY,idl.global,0:20:22,@lexiewescott445,SHEEEET
Seoul,1,1,ROYAL FAMILY,idl.global,0:20:22,@winnieauyeung09,ok afro
Seoul,1,1,ROYAL FAMILY,idl.global,0:20:22,@christiankyleescoto2160,camera angles pmo
Seoul,1,1,ROYAL FAMILY,idl.global,0:20:23,@enashinoo,GRV COOKED
Seoul,1,1,ROYAL FAMILY,idl.global,0:20:23,@JCT.MINGUITO,aray mo pangit ng sayaw ng rf
Seoul,1,1,ROYAL FAMILY,idl.global,0:20:23,@UwU-on8kq,WOAH]
Seoul,1,1,ROYAL FAMILY,idl.global,0:20:23,@loraileys,omggg
Seoul,1,1,ROYAL FAMILY,idl.global,0:20:23,@kizuumi0420,SWERVVEEEE
Seoul,1,1,ROYAL FAMILY,idl.global,0:20:24,@heekiluna6050,weak so many exits
Seoul,1,1,ROYAL FAMILY,idl.global,0:20:24,@DJJD17,moanaaaaaaaaaaa!
Seoul,1,1,ROYAL FAMILY,idl.global,0:20:24,@yowzzz05,THE SONGGG
Seoul,1,1,ROYAL FAMILY,idl.global,0:20:24,@rayn6152,oh the call out
Seoul,1,1,ROYAL FAMILY,idl.global,0:20:25,@PRINCEJACOBOPACO,DAMANNNNNN
Seoul,1,1,ROYAL FAMILY,idl.global,0:20:25,@Ynasy_Ynasy,GRV>ROAL YAM
Seoul,1,1,ROYAL FAMILY,idl.global,0:20:25,@lili_blink000,Nahhhhh
Seoul,1,1,ROYAL FAMILY,idl.global,0:20:26,@mochicake5121,W
Seoul,1,1,ROYAL FAMILY,idl.global,0:20:26,@rayn6152,lol
Seoul,1,1,ROYAL FAMILY,idl.global,0:20:26,@vahnyk,THE SHADEEE
Seoul,1,1,ROYAL FAMILY,idl.global,0:20:27,@quintcarlgamer8552,another repeat music
Seoul,1,1,ROYAL FAMILY,idl.global,0:20:28,@vyanzee6,AYEEE CALL OUTS THE SONGG
Seoul,1,1,ROYAL FAMILY,idl.global,0:20:28,@KarlaPatiag,doja cat
Seoul,1,1,ROYAL FAMILY,idl.global,0:20:28,@xeiyano,HOLYY
Seoul,1,1,ROYAL FAMILY,idl.global,0:20:28,@PRINCEJACOBOPACO,DAMNNNNNNNNN
Seoul,1,1,ROYAL FAMILY,idl.global,0:20:29,@ipadsabahay,WHAT THE FRUCKKK
Seoul,1,1,ROYAL FAMILY,idl.global,0:20:29,@seowonschiaseed,SONG CHOICE IS FIREE
Seoul,1,1,ROYAL FAMILY,idl.global,0:20:30,@tookakuidude1121,damnnnnnnnnnnnnnnnnnnnnn
Seoul,1,1,ROYAL FAMILY,idl.global,0:20:30,@KurtczackToledo,DISSSSEDDDD WTFFFFF
Seoul,1,1,ROYAL FAMILY,idl.global,0:20:30,@vahnyk,SHADEEEEE
Seoul,1,1,ROYAL FAMILY,idl.global,0:20:31,@jeido_zzz,arms all over the place
Seoul,1,1,ROYAL FAMILY,idl.global,0:20:31,@AKAGum00,the mid offs LMAOOOOO
Seoul,1,1,ROYAL FAMILY,idl.global,0:20:32,@kunsyaman,set feels better widecam
Seoul,1,1,ROYAL FAMILY,idl.global,0:20:33,@Helyum3,the girl in the middle is insane
Seoul,1,1,ROYAL FAMILY,idl.global,0:20:33,@winnieauyeung09,eatinggg
Seoul,1,1,ROYAL FAMILY,idl.global,0:20:34,@channe156,They diss the grv
Seoul,1,1,ROYAL FAMILY,idl.global,0:20:34,@UwU-on8kq,EATIINNGG]
Seoul,1,1,ROYAL FAMILY,idl.global,0:20:34,@jairozkentbazarsoria2253,eattttt
Seoul,1,1,ROYAL FAMILY,idl.global,0:20:34,@Lucian7377,THE REFERENCE HAHAHAHAHAHA
Seoul,1,1,ROYAL FAMILY,idl.global,0:20:35,@eve4560,Sheeshhh
Seoul,1,1,ROYAL FAMILY,idl.global,0:20:35,@Felix21xv,OMGGG CALLED OUTTT
Seoul,1,1,ROYAL FAMILY,idl.global,0:20:36,@hmmmmmmm00001,OH MY GDO
Seoul,1,1,ROYAL FAMILY,idl.global,0:20:36,@vahnyk,SHADEEE
Seoul,1,1,ROYAL FAMILY,idl.global,0:20:36,@KurtczackToledo,HOLLY CALLOUYTTTTT
Seoul,1,1,ROYAL FAMILY,idl.global,0:20:36,@heinzfel,ooohh
Seoul,1,1,ROYAL FAMILY,idl.global,0:20:37,@markilaset09,their spacing always so good omg
Seoul,1,1,ROYAL FAMILY,idl.global,0:20:37,@abigksukaadureenn,HOLYYYY
Seoul,1,1,ROYAL FAMILY,idl.global,0:20:38,@bonkersz0,grv shade
Seoul,1,1,ROYAL FAMILY,idl.global,0:20:38,@quintcarlgamer8552,song choise was repeated
Seoul,1,1,ROYAL FAMILY,idl.global,0:20:38,@putt._puttt,TUFF
Seoul,1,1,ROYAL FAMILY,idl.global,0:20:39,@mochicake5121,"WATTHEHE,,"
Seoul,1,1,ROYAL FAMILY,idl.global,0:20:40,@realorencatayoc2728,Aow
Seoul,1,1,ROYAL FAMILY,idl.global,0:20:40,@patriciadesquitado871,HAHAHAHAHA
Seoul,1,1,ROYAL FAMILY,idl.global,0:20:41,@terrencegustilo9591,Royal Family ate!!
Seoul,1,1,ROYAL FAMILY,idl.global,0:20:41,@ayen_cat04,SAME SONG GRV USED LOL
Seoul,1,1,ROYAL FAMILY,idl.global,0:20:42,@winnieauyeung09,Ayeeeee
Seoul,1,1,ROYAL FAMILY,idl.global,0:20:42,@ccalvinator,their spacing is just so fucking insane
Seoul,1,1,ROYAL FAMILY,idl.global,0:20:42,@Kyle-108,royal family absolutely demolished grv easy
Seoul,1,1,ROYAL FAMILY,idl.global,0:20:43,@Andrea-cg3yx,YOOOOOOOOOO
Seoul,1,1,ROYAL FAMILY,idl.global,0:20:43,@vyanzee6,AYEE DISS
Seoul,1,1,ROYAL FAMILY,idl.global,0:20:44,@ジェイソン0,eating
Seoul,1,1,ROYAL FAMILY,idl.global,0:20:45,@Sparklebutterfly14,calling out grvvvv
Seoul,1,1,ROYAL FAMILY,idl.global,0:20:45,@xeiyano,GRV CALLOUT???
Seoul,1,1,ROYAL FAMILY,idl.global,0:20:46,@ClydeLacambra,GRAHHHHHHHHH
Seoul,1,1,ROYAL FAMILY,idl.global,0:20:46,@kizuumi0420,AYEEEEEEEEEEEEEE
Seoul,1,1,ROYAL FAMILY,idl.global,0:20:46,@abigksukaadureenn,DAWGGGG IM HAVING GOOSEBUMPS
Seoul,1,1,ROYAL FAMILY,idl.global,0:20:47,@JeCzar,WOAHH
Seoul,1,1,ROYAL FAMILY,idl.global,0:20:49,@vyanzee6,WOW22
Seoul,1,1,ROYAL FAMILY,idl.global,0:20:49,@thee_soleichanel,Oh my
Seoul,1,1,ROYAL FAMILY,idl.global,0:20:50,@eve4560,Lowk fireeee
Seoul,1,1,ROYAL FAMILY,idl.global,0:20:50,@kevinbriang.garcia6398,WOWWWW\
Seoul,1,1,ROYAL FAMILY,idl.global,0:20:50,@yowzzz05,THE JUMPPPP
Seoul,1,1,ROYAL FAMILY,idl.global,0:20:50,@enashinoo,RF NOT AS CLEAN AS GRV BUT BETTER CHOREOGRAPHY
Seoul,1,1,ROYAL FAMILY,idl.global,0:20:50,@derin8953,WWWW
Seoul,1,1,ROYAL FAMILY,idl.global,0:20:51,@bigalbalbrandon8731,Ayyoooo
Seoul,1,1,ROYAL FAMILY,idl.global,0:20:51,@tookakuidude1121,@quintcarlgamer8552 you dumb this was a callout to grv
Seoul,1,1,ROYAL FAMILY,idl.global,0:20:51,@kizuumi0420,THE DISSINGGG
Seoul,1,1,ROYAL FAMILY,idl.global,0:20:53,@niczzparwk6136,Rf takes this one
Seoul,1,1,ROYAL FAMILY,idl.global,0:20:53,@beabapookiee,Crazy
Seoul,1,1,ROYAL FAMILY,idl.global,0:20:53,@aniishahahaha,dayummm
Seoul,1,1,ROYAL FAMILY,idl.global,0:20:54,@vyanzee6,DAMNN
Seoul,1,1,ROYAL FAMILY,idl.global,0:20:54,@PRINCEJACOBOPACO,SPACING IS TOP TIERRRR
Seoul,1,1,ROYAL FAMILY,idl.global,0:20:54,@Jude-td4hf,WOHAAAAAA
Seoul,1,1,ROYAL FAMILY,idl.global,0:20:55,@abigksukaadureenn,YOOOO
Seoul,1,1,ROYAL FAMILY,idl.global,0:20:55,@stooopeeed,RF WON!!!!
Seoul,1,1,ROYAL FAMILY,idl.global,0:20:55,@cailin11,A
Seoul,1,2,BROTHERHOOD,idl.global,0:35:47,@guuuu7j7654,OMGGGG
Seoul,1,2,BROTHERHOOD,idl.global,0:35:47,@hyunjinswife2248,naks ng POVEDA vs XAVIER hahaha
Seoul,1,2,BROTHERHOOD,idl.global,0:35:47,@karlmarx1st,UP VS ATENEO
Seoul,1,2,BROTHERHOOD,idl.global,0:35:47,@mokipop3069,RAGHHDHDHD IM SO SCARED
Seoul,1,2,BROTHERHOOD,idl.global,0:35:47,@UwU-on8kq,SECOND IS INSANE
Seoul,1,2,BROTHERHOOD,idl.global,0:35:47,@ririsgonewild,hey so the competition is in Korea + the audience is mainly Korean:double_exclamation_mark:
Seoul,1,2,BROTHERHOOD,idl.global,0:35:48,@justagalwholovesdance,GEE QUICKSTYLE IS COOOKKKKEDDD
Seoul,1,2,BROTHERHOOD,idl.global,0:35:48,@yowzzz05,ELDON CENTERRRR
Seoul,1,2,BROTHERHOOD,idl.global,0:35:48,@kunsyaman,YUPI VS ARENEYOW AHY
Seoul,1,2,BROTHERHOOD,idl.global,0:35:48,@whlskey,pooakyyyy
Seoul,1,2,BROTHERHOOD,idl.global,0:35:48,@ifskate420,LETS GO BROTHERHOOD
Seoul,1,2,BROTHERHOOD,idl.global,0:35:48,@SiyamiKI,LETS GOO
Seoul,1,2,BROTHERHOOD,idl.global,0:35:49,@takeyyshi,KETZGOOO
Seoul,1,2,BROTHERHOOD,idl.global,0:35:49,@meow_meowieee,GOOOOOO
Seoul,1,2,BROTHERHOOD,idl.global,0:35:49,@terrencegustilo9591,Lets goo Brotherhood
Seoul,1,2,BROTHERHOOD,idl.global,0:35:49,@LEEKAH8,Perrriiiooddd!!!
Seoul,1,2,BROTHERHOOD,idl.global,0:35:49,@whlskey,okkkkk
Seoul,1,2,BROTHERHOOD,idl.global,0:35:50,@takeyyshi,SHI
Seoul,1,2,BROTHERHOOD,idl.global,0:35:50,@kenjifd,LET'S GOOOO BROOHOOODDD
Seoul,1,2,BROTHERHOOD,idl.global,0:35:51,@Michaelpeleg67,Let’s goooooo
Seoul,1,2,BROTHERHOOD,idl.global,0:35:51,@bernice-8923,BRHDDDDDDD LETS GOOOOOOOO
Seoul,1,2,BROTHERHOOD,idl.global,0:35:51,@Katrisha-n8f,B
Seoul,1,2,BROTHERHOOD,idl.global,0:35:51,@hectorthesheep,sooooo excitedddd
Seoul,1,2,BROTHERHOOD,idl.global,0:35:51,@academicsfirst,iskos vs ateneans eyyy
Seoul,1,2,BROTHERHOOD,idl.global,0:35:51,@whlskey,okkkayyyy
Seoul,1,2,BROTHERHOOD,idl.global,0:35:52,@mutyayumang872,BTOTHERRRHOOOODDDDDD
Seoul,1,2,BROTHERHOOD,idl.global,0:35:52,@lawrence5718,LET’S GOOOO BROTHERHOOD
Seoul,1,2,BROTHERHOOD,idl.global,0:35:52,@Its_ur_bunnyny,:red_heart::red_heart::red_heart::red_heart::red_heart:
Seoul,1,2,BROTHERHOOD,idl.global,0:35:52,@frannymalzar,LETS GOOOOOOO
Seoul,1,2,BROTHERHOOD,idl.global,0:35:52,@invisible2130,brotherrhoooood
Seoul,1,2,BROTHERHOOD,idl.global,0:35:52,@fankino7295,UP vs Ateneo. Battle of Katipunan
Seoul,1,2,BROTHERHOOD,idl.global,0:35:52,@joOhners,LESSS GOO!
Seoul,1,2,BROTHERHOOD,idl.global,0:35:52,@pieceofdoe,:maple_leaf::maple_leaf::maple_leaf::maple_leaf::maple_leaf::maple_leaf::maple_leaf::maple_leaf:
Seoul,1,2,BROTHERHOOD,idl.global,0:35:53,@cdn.igrisss,lesgooooo
Seoul,1,2,BROTHERHOOD,idl.global,0:35:53,@karlmarx1st,up vs ateneo
Seoul,1,2,BROTHERHOOD,idl.global,0:35:53,@aireenjuncardaño-n9b,GOOOO
Seoul,1,2,BROTHERHOOD,idl.global,0:35:53,@rubysayer3025,LETS GO BRHD
Seoul,1,2,BROTHERHOOD,idl.global,0:35:53,@patriciadesquitado871,BRHD goalie? HAHAHA
Seoul,1,2,BROTHERHOOD,idl.global,0:35:53,@lovie7347,IM SO SCAREDDDD
Seoul,1,2,BROTHERHOOD,idl.global,0:35:53,@angelotzy2518,brotherhood vs sisterhood
Seoul,1,2,BROTHERHOOD,idl.global,0:35:54,@lolly_chachaerrieme,LESGOOO QUICKSTYLEE & BROTHERHOOD
Seoul,1,2,BROTHERHOOD,idl.global,0:35:54,@cenamoncenamobuns,LETSGO
Seoul,1,2,BROTHERHOOD,idl.global,0:35:54,@broski7902,GOALKEEPERS VS STRIKERS HOLYYYYYYY
Seoul,1,2,BROTHERHOOD,idl.global,0:35:54,@jeido_zzz,ELDON IN FRON
Seoul,1,2,BROTHERHOOD,idl.global,0:35:56,@choiimarc2002,WHATTTTT
Seoul,1,2,BROTHERHOOD,idl.global,0:35:56,@Its_ur_bunnyny,:red_heart::red_heart::red_heart::red_heart::red_heart::red_heart::red_heart:
Seoul,1,2,BROTHERHOOD,idl.global,0:35:56,@UwU-on8kq,HONESTLY THINK THEY GONNA COOK
Seoul,1,2,BROTHERHOOD,idl.global,0:35:57,@cenamoncenamobuns,LETSGOOOO
Seoul,1,2,BROTHERHOOD,idl.global,0:35:57,@johnemigguelvinavilez9447,BROTHERHOOOODDDDD
Seoul,1,2,BROTHERHOOD,idl.global,0:35:58,@takeyyshi,LETZGOO
Seoul,1,2,BROTHERHOOD,idl.global,0:35:58,@bladibab1214,LETS GOOOOO BROTHERHOOD
Seoul,1,2,BROTHERHOOD,idl.global,0:35:59,@eclipse.official1014,Brotherhoooooood
Seoul,1,2,BROTHERHOOD,idl.global,0:35:59,@asmadiallo5388,
Seoul,1,2,BROTHERHOOD,idl.global,0:36:00,@bonkersz0,LETS GOOOO BRHD
Seoul,1,2,BROTHERHOOD,idl.global,0:36:00,@sanriookinawa2701,GOO BROTHERHOOD!!!
Seoul,1,2,BROTHERHOOD,idl.global,0:36:00,@UwU-on8kq,BROTHER HOOD
Seoul,1,2,BROTHERHOOD,idl.global,0:36:00,@aliahm.6726,FIFA??
Seoul,1,2,BROTHERHOOD,idl.global,0:36:01,@Yondamotivs,MOVEIT VS ANGKAS
Seoul,1,2,BROTHERHOOD,idl.global,0:36:01,@justagalwholovesdance,QUICKSTYLE IS COOKED
Seoul,1,2,BROTHERHOOD,idl.global,0:36:01,@ririsgonewild,CMON BROTHERHOOD
Seoul,1,2,BROTHERHOOD,idl.global,0:36:02,@rayn6152,oooohhh
Seoul,1,2,BROTHERHOOD,idl.global,0:36:02,@RubyCrystal-u1y,ohhhh!!!!!!!!!
Seoul,1,2,BROTHERHOOD,idl.global,0:36:03,@KarlaPatiag,LEZZGOOOO BROTHERHOOD
Seoul,1,2,BROTHERHOOD,idl.global,0:36:03,@frannymalzar,LETS WINNTHIS
Seoul,1,2,BROTHERHOOD,idl.global,0:36:03,@takeyyshi,SHETT
Seoul,1,2,BROTHERHOOD,idl.global,0:36:03,@Chen-ow5ey,let's goooooooooooooooo
Seoul,1,2,BROTHERHOOD,idl.global,0:36:04,@ThereseViane,GOOOO BRHDDD BABYYY!! :revolving_hearts::revolving_hearts:
Seoul,1,2,BROTHERHOOD,idl.global,0:36:05,@Riza-r1v,BRHD DEVOUR THEM
Seoul,1,2,BROTHERHOOD,idl.global,0:36:06,@CarmelleDelarosa-j8m,PROUD SAINYO SI RENE
Seoul,1,2,BROTHERHOOD,idl.global,0:36:07,@AKAGum00,NO WAY
Seoul,1,2,BROTHERHOOD,idl.global,0:36:08,@UwU-on8kq,Y
Seoul,1,2,BROTHERHOOD,idl.global,0:36:09,@MJH977,OMGGGGGGGGG
Seoul,1,2,BROTHERHOOD,idl.global,0:36:09,@aerisgarces3008,GENDER REVEALLL
Seoul,1,2,BROTHERHOOD,idl.global,0:36:09,@academicsfirst,ELDON
Seoul,1,2,BROTHERHOOD,idl.global,0:36:10,@JayThomAyco-xu3br,LEZZGOOOO QS
Seoul,1,2,BROTHERHOOD,idl.global,0:36:11,@bea-ok3pl,BRHD
Seoul,1,2,BROTHERHOOD,idl.global,0:36:11,@kunsyaman,POVEDA AT XAVIER ANG PEG
Seoul,1,2,BROTHERHOOD,idl.global,0:36:11,@rizalino808,Let's go BROTHERHOOD
Seoul,1,2,BROTHERHOOD,idl.global,0:36:13,@jamesbidam8887,SAME WITH RF
Seoul,1,2,BROTHERHOOD,idl.global,0:36:13,@davemagar8418,same sonf?
Seoul,1,2,BROTHERHOOD,idl.global,0:36:14,@takeyyshi,IOSHUUI
Seoul,1,2,BROTHERHOOD,idl.global,0:36:14,@x2elite906,fuh yes
Seoul,1,2,BROTHERHOOD,idl.global,0:36:16,@UwU-on8kq,WOAHHH
Seoul,1,2,BROTHERHOOD,idl.global,0:36:16,@takeyyshi,OHSHI
Seoul,1,2,BROTHERHOOD,idl.global,0:36:16,@joOhners,OKK!!
Seoul,1,2,BROTHERHOOD,idl.global,0:36:17,@Nostalgico225,i love this crowwwddd
Seoul,1,2,BROTHERHOOD,idl.global,0:36:17,@Riza-r1v,BROTHERHOOD DEVOUR THEM
Seoul,1,2,BROTHERHOOD,idl.global,0:36:18,@xsant2828,DAMNNNNN
Seoul,1,2,BROTHERHOOD,idl.global,0:36:19,@kizuumi0420,LETSGOOOOOOOOOOOO
Seoul,1,2,BROTHERHOOD,idl.global,0:36:20,@MJH977,OH HOLY
Seoul,1,2,BROTHERHOOD,idl.global,0:36:20,@takeyyshi,GAGI
Seoul,1,2,BROTHERHOOD,idl.global,0:36:21,@marlonruiz3486,OOOOOOOOOOH
Seoul,1,2,BROTHERHOOD,idl.global,0:36:23,@Erikaiden,BR0THERHOOD
Seoul,1,2,BROTHERHOOD,idl.global,0:36:24,@vahnyk,AYEEEE3E
Seoul,1,2,BROTHERHOOD,idl.global,0:36:25,@hyunjinswife2248,hahaa ANGKAS at MOVE IT hayp kayo haha
Seoul,1,2,BROTHERHOOD,idl.global,0:36:25,@kizuumi0420,Ws IN THE CHATT
Seoul,1,2,BROTHERHOOD,idl.global,0:36:27,@UwU-on8kq,DAMNNNN\
Seoul,1,2,BROTHERHOOD,idl.global,0:36:27,@shiiwhoareyou,OUHHH
Seoul,1,2,BROTHERHOOD,idl.global,0:36:27,@cenamoncenamobuns,New dance trend
Seoul,1,2,BROTHERHOOD,idl.global,0:36:30,@asteriawho,OKAAAYYYY
Seoul,1,2,BROTHERHOOD,idl.global,0:36:30,@cenamoncenamobuns,new tiktok dance
Seoul,1,2,BROTHERHOOD,idl.global,0:36:30,@CANAAN-x,Family Ties again :eyes:
Seoul,1,2,BROTHERHOOD,idl.global,0:36:31,@jeio7737,hmm
Seoul,1,2,BROTHERHOOD,idl.global,0:36:31,@Kyle-108,TYEAAAAHHH
Seoul,1,2,BROTHERHOOD,idl.global,0:36:31,@sinnombre2r345,the song
Seoul,1,2,BROTHERHOOD,idl.global,0:36:32,@AKAGum00,EWWWWWWWWW
Seoul,1,2,BROTHERHOOD,idl.global,0:36:34,@UwU-on8kq,WOAHHHH\
Seoul,1,2,BROTHERHOOD,idl.global,0:36:34,@JFilmCreates,BROTHERHOODDD SHOW THEM WHAT ALL OF YOU CAND O
Seoul,1,2,BROTHERHOOD,idl.global,0:36:35,@cenamoncenamobuns,OUU SHII
Seoul,1,2,BROTHERHOOD,idl.global,0:36:39,@rayn6152,a call out right at the start?
Seoul,1,2,BROTHERHOOD,idl.global,0:36:39,@justwavvv,gago may ads
Seoul,1,2,BROTHERHOOD,idl.global,0:36:40,@MarcGaffud,COC
Seoul,1,2,BROTHERHOOD,idl.global,0:36:44,@jairozkentbazarsoria2253,DAYTONNNNNN SARAPPPP
Seoul,1,2,BROTHERHOOD,idl.global,0:36:44,@luzz.._auwenn,harvesting eldon's aura bro
Seoul,1,2,BROTHERHOOD,idl.global,0:36:44,@takeyyshi,ANGKAS MOVEIT ANLALA
Seoul,1,2,BROTHERHOOD,idl.global,0:36:44,@UwU-on8kq,TEAAAAAA
Seoul,1,2,BROTHERHOOD,idl.global,0:36:45,@academicsfirst,DAYTON
Seoul,1,2,BROTHERHOOD,idl.global,0:36:45,@rubysayer3025,NASTY
Seoul,1,2,BROTHERHOOD,idl.global,0:36:47,@takeyyshi,:loudly_crying_face::loudly_crying_face::loudly_crying_face:
Seoul,1,2,BROTHERHOOD,idl.global,0:36:47,@Bilfat081,OH NOT FAMILY TIES
Seoul,1,2,BROTHERHOOD,idl.global,0:36:48,@Bitcxbed,QS IS SLIMEEEE
Seoul,1,2,BROTHERHOOD,idl.global,0:36:50,@ikeeee_0,FUCKING ADS
Seoul,1,2,BROTHERHOOD,idl.global,0:36:51,@frannymalzar,SLAYTON
Seoul,1,2,BROTHERHOOD,idl.global,0:36:51,@b__2710,KENDRICKKK
Seoul,1,2,BROTHERHOOD,idl.global,0:36:53,@UwU-on8kq,FACIALSSSS
Seoul,1,2,BROTHERHOOD,idl.global,0:36:53,@shiryu1094,angasss
Seoul,1,2,BROTHERHOOD,idl.global,0:36:55,@PookieMoosie,they're so fun I love it
Seoul,1,2,BROTHERHOOD,idl.global,0:36:57,@shiryu1094,shhessh
Seoul,1,2,BROTHERHOOD,idl.global,0:36:57,@ririsgonewild,HUMUZAA
Seoul,1,2,BROTHERHOOD,idl.global,0:36:57,@Lee2oo3o-v8p,Quickstyle eat them up
Seoul,1,2,BROTHERHOOD,idl.global,0:36:59,@Madieieieie,Whaetttt
Seoul,1,2,BROTHERHOOD,idl.global,0:37:00,@mutyayumang872,DANGGGGGGG GOOO HUMUZZAAA
Seoul,1,2,BROTHERHOOD,idl.global,0:37:00,@jemsbiii,matalo naman kayo
Seoul,1,2,BROTHERHOOD,idl.global,0:37:01,@rionvert,wooooo
Seoul,1,2,BROTHERHOOD,idl.global,0:37:01,@melissalin1713,ELDOOOOOON
Seoul,1,2,BROTHERHOOD,idl.global,0:37:02,@TongkanKawayan,yey
Seoul,1,2,BROTHERHOOD,idl.global,0:37:02,@AKAGum00,OKAY THE REVERSE
Seoul,1,2,BROTHERHOOD,idl.global,0:37:03,@kunsyaman,moveit vs angkas yow
Seoul,1,2,BROTHERHOOD,idl.global,0:37:03,@nopabyam,ELDON WHAT THE FAWK
Seoul,1,2,BROTHERHOOD,idl.global,0:37:04,@shiryu1094,eyyyy!!1
Seoul,1,2,BROTHERHOOD,idl.global,0:37:05,@frannymalzar,HUDIVAAAAA
Seoul,1,2,BROTHERHOOD,idl.global,0:37:05,@hyunjinswife2248,SAN BEDA vs CEU
Seoul,1,2,BROTHERHOOD,idl.global,0:37:05,@SapphireOjiaku,ahhhhhhh slaytonnnnnnn 177777
Seoul,1,2,BROTHERHOOD,idl.global,0:37:08,@Kyle-108,BEAT EM UP
Seoul,1,2,BROTHERHOOD,idl.global,0:37:09,@kunsyaman,GENDER REVEAL
Seoul,1,2,BROTHERHOOD,idl.global,0:37:09,@cenamoncenamobuns,OUUUUUUUUUUU SHIIII
Seoul,1,2,BROTHERHOOD,idl.global,0:37:10,@taynguyener,BEAT EM IP
Seoul,1,2,BROTHERHOOD,idl.global,0:37:12,@takeyyshi,ANGKAS MOVEIT LETCHEEE
Seoul,1,2,BROTHERHOOD,idl.global,0:37:12,@UwU-on8kq,OUHHHHH
Seoul,1,2,BROTHERHOOD,idl.global,0:37:13,@shiryu1094,lets goo!1
Seoul,1,2,BROTHERHOOD,idl.global,0:37:15,@meowskiing,CRAZY SMOOTH
Seoul,1,2,BROTHERHOOD,idl.global,0:37:17,@mylanasyasaragih8740,HELLLL YEAHHHH
Seoul,1,2,BROTHERHOOD,idl.global,0:37:17,@Baylif_au,EWWWWW so clean
Seoul,1,2,BROTHERHOOD,idl.global,0:37:18,@kunsyaman,beat em uppp
Seoul,1,2,BROTHERHOOD,idl.global,0:37:18,@melissalin1713,DAYTOOOOOOOON
Seoul,1,2,BROTHERHOOD,idl.global,0:37:18,@UwU-on8kq,LIGHTSSSSS
Seoul,1,2,BROTHERHOOD,idl.global,0:37:22,@AKAGum00,GET THE ANGLES RIGHT
Seoul,1,2,BROTHERHOOD,idl.global,0:37:22,@claveriapauliversono.494,THE CAMERA ANGLESS AYYEEEE
Seoul,1,2,BROTHERHOOD,idl.global,0:37:23,@firespear2557,I expected more outta brotherhood...
Seoul,1,2,BROTHERHOOD,idl.global,0:37:26,@TongkanKawayan,brotherhood:fire::fire:
Seoul,1,2,BROTHERHOOD,idl.global,0:37:28,@eve4560,AYYYYYYY
Seoul,1,2,BROTHERHOOD,idl.global,0:37:28,@cenamoncenamobuns,OUUU THEY STOLE THEIR SONG
Seoul,1,2,BROTHERHOOD,idl.global,0:37:28,@hyunjinswife2248,SAN BEDA VS PERPETUAL
Seoul,1,2,BROTHERHOOD,idl.global,0:37:28,@SerenDing,Let’s go brotherhood
Seoul,1,2,BROTHERHOOD,idl.global,0:37:29,@UwU-on8kq,HA
Seoul,1,2,BROTHERHOOD,idl.global,0:37:29,@MeltonLagrimas,Guys kahit 2nd na yung rf ok na :crown:
Seoul,1,2,BROTHERHOOD,idl.global,0:37:30,@claveriapauliversono.494,PROPS TO THE CAMERA TEAM
Seoul,1,2,BROTHERHOOD,idl.global,0:37:31,@jeio7737,oooo
Seoul,1,2,BROTHERHOOD,idl.global,0:37:32,@winnieauyeung09,eat them uppp
Seoul,1,2,BROTHERHOOD,idl.global,0:37:32,@slayonika,eww
Seoul,1,2,BROTHERHOOD,idl.global,0:37:38,@UwU-on8kq,THE HYPE ISNT ENOUGH
Seoul,1,2,BROTHERHOOD,idl.global,0:37:38,@kunsyaman,LABAN SINO MAS ANGAT SINO MANGANGANAK
Seoul,1,2,BROTHERHOOD,idl.global,0:37:40,@MJH977,bruh i fell on my ass being too hype LOL
Seoul,1,2,BROTHERHOOD,idl.global,0:37:40,@Kaiisntavailable,JON RAYYYY
Seoul,1,2,BROTHERHOOD,idl.global,0:37:40,@swiftie_33,OMGG
Seoul,1,2,BROTHERHOOD,idl.global,0:37:40,@ririsgonewild,YEA JON RAY
Seoul,1,2,BROTHERHOOD,idl.global,0:37:40,@cenamoncenamobuns,THEIR SONG CHOICE WAS SIMILAR TO QUICKSTYLE
Seoul,1,2,BROTHERHOOD,idl.global,0:37:40,@loraileys,GIRL WHY DOES EVERYONES SONG CHOICE SUCK
Seoul,1,2,BROTHERHOOD,idl.global,0:37:41,@trusolievatruther,same impact lang sa grv but yall glazing bru
Seoul,1,2,BROTHERHOOD,idl.global,0:37:41,@EmilyThomas-l1u,why is this like not as good as their other sets
Seoul,1,2,BROTHERHOOD,idl.global,0:37:42,@ahmadfadhil7431,their move is sooo TIKTOK
Seoul,1,2,BROTHERHOOD,idl.global,0:37:42,@takeyyshi,SHIII
Seoul,1,2,BROTHERHOOD,idl.global,0:37:44,@PookieMoosie,ahhhh the backflip
Seoul,1,2,BROTHERHOOD,idl.global,0:37:44,@claveriapauliversono.494,SMOOTH CAMERA VISUALLSSSS
Seoul,1,2,BROTHERHOOD,idl.global,0:37:45,@luzz.._auwenn,kinda boring sofar when its brotherhood
Seoul,1,2,BROTHERHOOD,idl.global,0:37:45,@Lee2oo3o-v8p,Quickstyle eat them uppp
Seoul,1,2,BROTHERHOOD,idl.global,0:37:46,@swiftie_33,COOKINGGG
Seoul,1,2,BROTHERHOOD,idl.global,0:37:46,@melissalin1713,WHACKING
Seoul,1,2,BROTHERHOOD,idl.global,0:37:49,@hyunjinswife2248,ITS A GIRL!!!!
Seoul,1,2,BROTHERHOOD,idl.global,0:37:49,@DNCharLeys,NEED MROE OOMPH COME ON BROTHERHOOD
Seoul,1,2,BROTHERHOOD,idl.global,0:37:49,@ahmadfadhil7431,TIKTOKKK
Seoul,1,2,BROTHERHOOD,idl.global,0:37:49,@cenamoncenamobuns,ANOTHER JERSYE SEGMENT LETSGOO
Seoul,1,2,BROTHERHOOD,idl.global,0:37:49,@melissalin1713,FRANCISSSSSSSSSS
Seoul,1,2,BROTHERHOOD,idl.global,0:37:49,@garfieldbreadlover09,JOHN RAYYYY
Seoul,1,2,BROTHERHOOD,idl.global,0:37:51,@jeio7737,tired?
Seoul,1,2,BROTHERHOOD,idl.global,0:37:51,@MJH977,"crowd making me mad, they so dead"
Seoul,1,2,BROTHERHOOD,idl.global,0:37:57,@cenamoncenamobuns,YESSIRRR
Seoul,1,2,BROTHERHOOD,idl.global,0:37:57,@takeyyshi,ANONG GENDER REVWAL AHHWHA
Seoul,1,2,BROTHERHOOD,idl.global,0:38:00,@AnaPopescu-x1y,THEY EAT THIS UP
Seoul,1,2,BROTHERHOOD,idl.global,0:38:00,@firespear2557,I EXPECTED MORE BROTHERHOOD................
Seoul,1,2,BROTHERHOOD,idl.global,0:38:01,@jairozkentbazarsoria2253,CAPTAINSSSSS
Seoul,1,2,BROTHERHOOD,idl.global,0:38:03,@BriannaHamilton-lr9zg,Whos gonna say it
Seoul,1,2,BROTHERHOOD,idl.global,0:38:03,@thee_soleichanel,AYE CAPTAINS
Seoul,1,2,BROTHERHOOD,idl.global,0:38:03,@kunsyaman,LETS GO KELVINNNN
Seoul,1,2,BROTHERHOOD,idl.global,0:38:04,@RuthieTaufa-f2u,hamuza
Seoul,1,2,BROTHERHOOD,idl.global,0:38:04,@ahmadfadhil7431,is like TIKTOKERS THOO
Seoul,1,2,BROTHERHOOD,idl.global,0:38:04,@hendrymiu,wth.this is weak
Seoul,1,2,BROTHERHOOD,idl.global,0:38:05,@takeyyshi,"crowd dead af, tas sa 1m mamaya ang ingay nan lala"
Seoul,1,2,BROTHERHOOD,idl.global,0:38:05,@TheGrifhinx,It's... ok? It's not better than their last sets e
Seoul,1,2,BROTHERHOOD,idl.global,0:38:05,@christianjohn2257,RF NA TOH
Seoul,1,2,BROTHERHOOD,idl.global,0:38:06,@frannymalzar,SYNCHRONIZATION BADDIES
Seoul,1,2,BROTHERHOOD,idl.global,0:38:06,@zoe.life16,NAME OF THE BROTHERHOOD ???
Seoul,1,2,BROTHERHOOD,idl.global,0:38:06,@cakebatter012,CAPTAINSSS
Seoul,1,2,BROTHERHOOD,idl.global,0:38:07,@trusolievatruther,ts lowk their weakest dance
Seoul,1,2,BROTHERHOOD,idl.global,0:38:07,@jemsbiii,no new moves??
Seoul,1,2,BROTHERHOOD,idl.global,0:38:09,@AttillahAlog,more plsss :((
Seoul,1,2,BROTHERHOOD,idl.global,0:38:10,@johngabrielcadiz,I HAVE A FEELING GUYS HUHUHUHU
Seoul,1,2,BROTHERHOOD,idl.global,0:38:11,@vensleepy,ADRIAN AND SCOTTT WHAT THE HELLLL
Seoul,1,2,BROTHERHOOD,idl.global,0:38:11,@hyunjinswife2248,"TAHIMIK KORYAN FANS, RESERVED SIGAW NILA SA 1M"
Seoul,1,2,BROTHERHOOD,idl.global,0:38:13,@RuthieTaufa-f2u,:fire::fire::fire:
Seoul,1,2,BROTHERHOOD,idl.global,0:38:15,@d.s-i2d,not feeling this
Seoul,1,2,BROTHERHOOD,idl.global,0:38:16,@vensleepy,ARE THEY CRAZYYYY
Seoul,1,2,BROTHERHOOD,idl.global,0:38:16,@SapphireOjiaku,ahhhhhhhhhh
Seoul,1,2,BROTHERHOOD,idl.global,0:38:17,@luzz.._auwenn,brotherhood i need moreeeeee
Seoul,1,2,BROTHERHOOD,idl.global,0:38:17,@AttillahAlog,weak :((
Seoul,1,2,BROTHERHOOD,idl.global,0:38:17,@heinzfel,ADRIANNN
Seoul,1,2,BROTHERHOOD,idl.global,0:38:18,@heinzfel,SCOTTT
Seoul,1,2,BROTHERHOOD,idl.global,0:38:20,@HawaAlexis,AYEEEEE THEY CLLEANNNNN
Seoul,1,2,BROTHERHOOD,idl.global,0:38:20,@academicsfirst,ANGAS GAGO
Seoul,1,2,BROTHERHOOD,idl.global,0:38:21,@karlmarx1st,1M COULD NEVER BE THIS UNDERWHELMING
Seoul,1,2,BROTHERHOOD,idl.global,0:38:21,@jemsbiii,No new moves??
Seoul,1,2,BROTHERHOOD,idl.global,0:38:22,@AnaSalgado-n1l,I am kinda bored
Seoul,1,2,BROTHERHOOD,idl.global,0:38:24,@xshckwave,Oh this kinda weak
Seoul,1,2,BROTHERHOOD,idl.global,0:38:25,@christianjohn2257,RF 1st place
Seoul,1,2,BROTHERHOOD,idl.global,0:38:25,@PookieMoosie,their musicality is so freeeeesh
Seoul,1,2,BROTHERHOOD,idl.global,0:38:25,@TongkanKawayan,brotherhood:fire::fire:brotherhood:fire::fire:
Seoul,1,2,BROTHERHOOD,idl.global,0:38:26,@Bitcxbed,FIREEEEEEEEEEEEE
Seoul,1,2,BROTHERHOOD,idl.global,0:38:28,@aguxtd,wooo
Seoul,1,2,QUICK STYLE,idl.global,0:39:21,@savage_general9740,BRHD's Weakest Set LOL
Seoul,1,2,QUICK STYLE,idl.global,0:39:21,@phoenixtafa.,ummmmmmmmm
Seoul,1,2,QUICK STYLE,idl.global,0:39:21,@j.feelinright,SO CLEANNNN BUT NOT SO VIBEY
Seoul,1,2,QUICK STYLE,idl.global,0:39:21,@whlskey,they did quickstyle
Seoul,1,2,QUICK STYLE,idl.global,0:39:21,@UwU-on8kq,QS
Seoul,1,2,QUICK STYLE,idl.global,0:39:21,@neonc4ts,OK IM SCARED
Seoul,1,2,QUICK STYLE,idl.global,0:39:21,@baoncv,it’s their weakest performance i’m sorry
Seoul,1,2,QUICK STYLE,idl.global,0:39:21,@Rambo1x,IDEAS RAN OUT FR
Seoul,1,2,QUICK STYLE,idl.global,0:39:22,@terrencegustilo9591,Idk why pero feel ko baka makuha to ng QS
Seoul,1,2,QUICK STYLE,idl.global,0:39:22,@maryerenea8653,quickstyle have a chance
Seoul,1,2,QUICK STYLE,idl.global,0:39:22,@PowerTheCrew,i feel like they were holding back
Seoul,1,2,QUICK STYLE,idl.global,0:39:22,@nevieluvs,C;EAM ASFFFFFF
Seoul,1,2,QUICK STYLE,idl.global,0:39:22,@jeido_zzz,crowd so fucking boring
Seoul,1,2,QUICK STYLE,idl.global,0:39:22,@guuuu7j7654,Song choice was weak
Seoul,1,2,QUICK STYLE,idl.global,0:39:22,@Abbie_ss,audience is dead
Seoul,1,2,QUICK STYLE,idl.global,0:39:23,@rtyoen7270,Mid
Seoul,1,2,QUICK STYLE,idl.global,0:39:23,@1uvhrrs,Omgg
Seoul,1,2,QUICK STYLE,idl.global,0:39:23,@SiyamiKI,oh noo
Seoul,1,2,QUICK STYLE,idl.global,0:39:23,@ahmadfadhil7431,THEIR LIKE EXSAUSTED
Seoul,1,2,QUICK STYLE,idl.global,0:39:25,@zoe.life16,NAME OF THE BROTHERHOOD SONGS ?
Seoul,1,2,QUICK STYLE,idl.global,0:39:25,@Rankthisvids,LETSSSSGOOOO BROTHERHOODDDDD
Seoul,1,2,QUICK STYLE,idl.global,0:39:25,@7valeritha,yeah i dont know was a little bit boring
Seoul,1,2,QUICK STYLE,idl.global,0:39:25,@brileyt27,hmmmmm
Seoul,1,2,QUICK STYLE,idl.global,0:39:26,@JorosTabugara,dare i say they seemed tired... but maybe that's just me
Seoul,1,2,QUICK STYLE,idl.global,0:39:26,@lettuce_sphere,ok hell good but somethings missing
Seoul,1,2,QUICK STYLE,idl.global,0:39:26,@frannymalzar,its so underwhelming compared to their other ones:pensive_face::pensive_face::pensive_face::pensive_face:
Seoul,1,2,QUICK STYLE,idl.global,0:39:26,@Thatonegirlyuna,WERRKKKKK
Seoul,1,2,QUICK STYLE,idl.global,0:39:27,@LuvmeYukii,"it was leaning more towards quick styles normal set, simple, but suuuperr cleannn"
Seoul,1,2,QUICK STYLE,idl.global,0:39:27,@UwU-on8kq,QSQSQSQSQS
Seoul,1,2,QUICK STYLE,idl.global,0:39:27,@Anagnxstou,COME ON BRHD
Seoul,1,2,QUICK STYLE,idl.global,0:39:28,@jettipie,STILL ATE IT THOUGHHHH
Seoul,1,2,QUICK STYLE,idl.global,0:39:28,@hotfudgesundae879,it felt repetitive
Seoul,1,2,QUICK STYLE,idl.global,0:39:28,@Hannah___,not the haters in the comments lmfaooo
Seoul,1,2,QUICK STYLE,idl.global,0:39:29,@christianjohn2257,i think this is on quickstyle
Seoul,1,2,QUICK STYLE,idl.global,0:39:29,@harrybui1264,Sorry but not their best work :loudly_crying_face:
Seoul,1,2,QUICK STYLE,idl.global,0:39:29,@karrllrr,QUICK STYLEEEE
Seoul,1,2,QUICK STYLE,idl.global,0:39:30,@vensleepy,LETS GOOOOOOOOOOO
Seoul,1,2,QUICK STYLE,idl.global,0:39:30,@TongkanKawayan,brotherhood:fire::fire:brotherhood:fire::fire:brotherhood:fire::fire:
Seoul,1,2,QUICK STYLE,idl.global,0:39:30,@muhammadrafaadnanisyaaf2668,"damnn what a hard attack on qs, its the style that i wouldve guess that qs use, good luck qs"
Seoul,1,2,QUICK STYLE,idl.global,0:39:30,@ahmadfadhil7431,ithink guutts
Seoul,1,2,QUICK STYLE,idl.global,0:39:31,@JaredEarnshaw,Omggggg
Seoul,1,2,QUICK STYLE,idl.global,0:39:31,@slayonika,who dis
Seoul,1,2,QUICK STYLE,idl.global,0:39:32,@Erikaiden,BROTHERHOOD FOR THE WIN
Seoul,1,2,QUICK STYLE,idl.global,0:39:32,@vensleepy,QUICKSTYLE
Seoul,1,2,QUICK STYLE,idl.global,0:39:33,@luclucille,50/50
Seoul,1,2,QUICK STYLE,idl.global,0:39:33,@cdn.igrisss,for sure taking the fan votes tho HAHAHAHA
Seoul,1,2,QUICK STYLE,idl.global,0:39:34,@MJH977,oOK LETS GOO QS
Seoul,1,2,QUICK STYLE,idl.global,0:39:34,@pandapower9959,clean
Seoul,1,2,QUICK STYLE,idl.global,0:39:34,@YlordjeamTolosa,rf still top 1
Seoul,1,2,QUICK STYLE,idl.global,0:39:35,@RocoNic,"y'all wdym boring, IT WAS CLEANNN"
Seoul,1,2,QUICK STYLE,idl.global,0:39:35,@Rankthisvids,OKAY OKAY LETAGOOOO
Seoul,1,2,QUICK STYLE,idl.global,0:39:35,@diwilobhoy8980,SANA NAGBUDOTS NALANG BH
Seoul,1,2,QUICK STYLE,idl.global,0:39:36,@Reiddddddddd,L crowd EWWW WTF KOREA
Seoul,1,2,QUICK STYLE,idl.global,0:39:36,@Riza-r1v,something's missingggg
Seoul,1,2,QUICK STYLE,idl.global,0:39:37,@Anagnxstou,ATEEE BRHD
Seoul,1,2,QUICK STYLE,idl.global,0:39:37,@thisISyouish,BH be like okay lets chill and let us lose. Been winning for weeks and its tiring :face_with_tears_of_joy:
Seoul,1,2,QUICK STYLE,idl.global,0:39:37,@notkenma,GET IT GIRLLLSSS
Seoul,1,2,QUICK STYLE,idl.global,0:39:38,@princesimbulan5074,not bad but not good
Seoul,1,2,QUICK STYLE,idl.global,0:39:38,@bellejeanarpilleda4465,PLEASEE LANGG
Seoul,1,2,QUICK STYLE,idl.global,0:39:38,@DaelRafaeljohn,pmutag pildi bay
Seoul,1,2,QUICK STYLE,idl.global,0:39:39,@rayn6152,QS pls do something
Seoul,1,2,QUICK STYLE,idl.global,0:39:39,@aguxtd,oh wowwww
Seoul,1,2,QUICK STYLE,idl.global,0:39:39,@Lehiteemo,Stage too big to feel energy
Seoul,1,2,QUICK STYLE,idl.global,0:39:40,@heinzfel,that was boring
Seoul,1,2,QUICK STYLE,idl.global,0:39:40,@hyunjinswife2248,"PRACTICE LANG DAW NG BRHD, RESERVED ENERGY VS 1M"
Seoul,1,2,QUICK STYLE,idl.global,0:39:40,@loraileys,quickstyle pull up.
Seoul,1,2,QUICK STYLE,idl.global,0:39:40,@takeyyshi,kinakabahan ako parang ggao kaung lahat
Seoul,1,2,QUICK STYLE,idl.global,0:39:41,@Rankthisvids,BROTHERHOOD WIN
Seoul,1,2,QUICK STYLE,idl.global,0:39:41,@jaminpascual5560,There was a fcking ad for bh performance
Seoul,1,2,QUICK STYLE,idl.global,0:39:42,@MJH977,OHHHH
Seoul,1,2,QUICK STYLE,idl.global,0:39:42,@zoe.life16,NAME OF THE BOTHEHOOD SONG ?
Seoul,1,2,QUICK STYLE,idl.global,0:39:42,@Rahkiroad,oshi...........
Seoul,1,2,QUICK STYLE,idl.global,0:39:43,@renankylebartolata8828,cnu d2 mga nag upcat knina
Seoul,1,2,QUICK STYLE,idl.global,0:39:44,@eve4560,Lets go girlsss
Seoul,1,2,QUICK STYLE,idl.global,0:39:44,@MJH977,SO COOL
Seoul,1,2,QUICK STYLE,idl.global,0:39:45,@Bitcxbed,QUICK STYLE IS SLIMEEEEEEE
Seoul,1,2,QUICK STYLE,idl.global,0:39:45,@bea-ok3pl,IT WAS SO CLEAN BUT A BIT BORING I HOPE THEY DO BETTER IN ROUND 2
Seoul,1,2,QUICK STYLE,idl.global,0:39:45,@ReVeLy-ez3qt,WAIT WAIT HOLD ONNNNN
Seoul,1,2,QUICK STYLE,idl.global,0:39:46,@Akio-w1o7l,i fear it’s their weakest one yet
Seoul,1,2,QUICK STYLE,idl.global,0:39:46,@kevinbriang.garcia6398,WOW!
Seoul,1,2,QUICK STYLE,idl.global,0:39:47,@jeduthunzang,i think it’s the jet lag damn
Seoul,1,2,QUICK STYLE,idl.global,0:39:48,@UwU-on8kq,KOREAN SONG IS KOREA
Seoul,1,2,QUICK STYLE,idl.global,0:39:48,@harrybui1264,They’re running out of steam it has been going downhill since Sydney
Seoul,1,2,QUICK STYLE,idl.global,0:39:49,@ninojamessuson2553,hate to say this but i feel likeee
Seoul,1,2,QUICK STYLE,idl.global,0:39:49,@cenamoncenamobuns,OUUU
Seoul,1,2,QUICK STYLE,idl.global,0:39:50,@craftyporky5584,Clean but the standard for brotherhood is so high now
Seoul,1,2,QUICK STYLE,idl.global,0:39:51,@Rahkiroad,ayo
Seoul,1,2,QUICK STYLE,idl.global,0:39:51,@cenamoncenamobuns,OUUUUUUUUUUUUU
Seoul,1,2,QUICK STYLE,idl.global,0:39:52,@vahnyk,lmao
Seoul,1,2,QUICK STYLE,idl.global,0:39:52,@Hannah___,just wait til round 2 y’alll :head_shaking_vertically:
Seoul,1,2,QUICK STYLE,idl.global,0:39:53,@patriciadesquitado871,OKAAAAY
Seoul,1,2,QUICK STYLE,idl.global,0:39:54,@aguxtd,coollllll
Seoul,1,2,QUICK STYLE,idl.global,0:39:54,@gi_722,Oh
Seoul,1,2,QUICK STYLE,idl.global,0:39:55,@UwU-on8kq,EATING
Seoul,1,2,QUICK STYLE,idl.global,0:39:56,@loraileys,omgggg
Seoul,1,2,QUICK STYLE,idl.global,0:39:59,@toshikobiko,aye
Seoul,1,2,QUICK STYLE,idl.global,0:39:59,@eve4560,Okurrr
Seoul,1,2,QUICK STYLE,idl.global,0:39:59,@savage_general9740,OKAY UHMMMM...
Seoul,1,2,QUICK STYLE,idl.global,0:40:00,@aguxtd,quick style is lowkey starting off good
Seoul,1,2,QUICK STYLE,idl.global,0:40:00,@vahnyk,nah brother for the win
Seoul,1,2,QUICK STYLE,idl.global,0:40:01,@Reiddddddddd,L crowd Eww wtf korea
Seoul,1,2,QUICK STYLE,idl.global,0:40:01,@alvindharmasaputra4849,OH QUICKSTYLE GONNA EAT
Seoul,1,2,QUICK STYLE,idl.global,0:40:01,@jeio7737,AYE AYE AYE
Seoul,1,2,QUICK STYLE,idl.global,0:40:02,@swiftie_33,its mid
Seoul,1,2,QUICK STYLE,idl.global,0:40:02,@passdanoobie,messy asf
Seoul,1,2,QUICK STYLE,idl.global,0:40:03,@cenamoncenamobuns,OKAYY
Seoul,1,2,QUICK STYLE,idl.global,0:40:03,@dafi-quakc,BROTHERHOOD ATE
Seoul,1,2,QUICK STYLE,idl.global,0:40:04,@tobioweb5500,qs has a chance!!
Seoul,1,2,QUICK STYLE,idl.global,0:40:04,@lovie7347,IM SCAREDDD
Seoul,1,2,QUICK STYLE,idl.global,0:40:05,@DJJD17,:light_blue_heart::blue_heart::light_blue_heart::blue_heart:
Seoul,1,2,QUICK STYLE,idl.global,0:40:05,@Jddry,"Im thinking they definitely are saving the bigger performances for the later rounds, could that bite them in the butt?"
Seoul,1,2,QUICK STYLE,idl.global,0:40:05,@loraileys,girl
Seoul,1,2,QUICK STYLE,idl.global,0:40:05,@miyowww,y'all saying its boring bc the last ones became a trend loll
Seoul,1,2,QUICK STYLE,idl.global,0:40:06,@ahmadfadhil7431,they became borring
Seoul,1,2,QUICK STYLE,idl.global,0:40:07,@savage_general9740,This is better...
Seoul,1,2,QUICK STYLE,idl.global,0:40:07,@takeyyshi,nah
Seoul,1,2,QUICK STYLE,idl.global,0:40:07,@rubysayer3025,Ooo this is gonna be tough
Seoul,1,2,QUICK STYLE,idl.global,0:40:08,@bruhify786,if brotherhood was boring this is worse
Seoul,1,2,QUICK STYLE,idl.global,0:40:09,@takeyyshi,nag
Seoul,1,2,QUICK STYLE,idl.global,0:40:09,@lexiewescott445,I LOVE BRHD BUT NOOO
Seoul,1,2,QUICK STYLE,idl.global,0:40:11,@hroyhn,this is eh too
Seoul,1,2,QUICK STYLE,idl.global,0:40:11,@gomdoes,hello din ang link
Seoul,1,2,QUICK STYLE,idl.global,0:40:11,@RiyaManmode,ttok the fan vote alreadyy
Seoul,1,2,QUICK STYLE,idl.global,0:40:12,@ahmadfadhil7431,QUIICCKKSSS
Seoul,1,2,QUICK STYLE,idl.global,0:40:12,@DNCharLeys,um....
Seoul,1,2,QUICK STYLE,idl.global,0:40:13,@khushb00333K,:light_blue_heart::light_blue_heart::light_blue_heart: Quick style :light_blue_heart::light_blue_heart::light_blue_heart::light_blue_heart::light_blue_heart::light_blue_heart: Quick style :light_blue_heart::light_blue_heart::light_blue_heart::light_blue_heart::light_blue_heart::light_blue_heart: Quick style :light_blue_heart::light_blue_heart::light_blue_heart:
Seoul,1,2,QUICK STYLE,idl.global,0:40:14,@stupidlynene5633,NAH THEY SWITCHED STYLES
Seoul,1,2,QUICK STYLE,idl.global,0:40:14,@hyunsuksicecream5227,Korea is such a boring crowd lmao
Seoul,1,2,QUICK STYLE,idl.global,0:40:15,@LaurenceOrcana,yessssss
Seoul,1,2,QUICK STYLE,idl.global,0:40:15,@aguxtd,song choice is defo strange
Seoul,1,2,QUICK STYLE,idl.global,0:40:16,@deannavior,LEZG QUICKSTYLE
Seoul,1,2,QUICK STYLE,idl.global,0:40:17,@Sammy-uj1,OHH SHIII
Seoul,1,2,QUICK STYLE,idl.global,0:40:17,@melissalin1713,OH MY GOD
Seoul,1,2,QUICK STYLE,idl.global,0:40:17,@owenstuart1420,WOAAHHH
Seoul,1,2,QUICK STYLE,idl.global,0:40:18,@ahmadfadhil7431,QUIIICCCKKKKSSS
Seoul,1,2,QUICK STYLE,idl.global,0:40:18,@cenamoncenamobuns,OKAU
Seoul,1,2,QUICK STYLE,idl.global,0:40:18,@vahnyk,messy lol
Seoul,1,2,QUICK STYLE,idl.global,0:40:19,@mikehawk8744,So far both Boeing
Seoul,1,2,QUICK STYLE,idl.global,0:40:19,@kunsyaman,GAGOOOOOO
Seoul,1,2,QUICK STYLE,idl.global,0:40:19,@Banana-ph4vq,Gg brotherhood won
Seoul,1,2,QUICK STYLE,idl.global,0:40:20,@takeyyshi,brotherhood isnt that bad wth
Seoul,1,2,QUICK STYLE,idl.global,0:40:22,@j.feelinright,ARE THEY USING KOREAN SONG?
Seoul,1,2,QUICK STYLE,idl.global,0:40:22,@ahmadfadhil7431,QUUIICCCKKKSSSSSSS
Seoul,1,2,QUICK STYLE,idl.global,0:40:24,@u8dren,go angkas queens
Seoul,1,2,QUICK STYLE,idl.global,0:40:25,@aguxtd,woah this is pretty cool tho
Seoul,1,2,QUICK STYLE,idl.global,0:40:25,@hyunjinswife2248,FOOTBALL vs BASEBALL
Seoul,1,2,QUICK STYLE,idl.global,0:40:26,@Anagnxstou,it’s ok it’s very messy though
Seoul,1,2,QUICK STYLE,idl.global,0:40:26,@aguxtd,niceeee
Seoul,1,2,QUICK STYLE,idl.global,0:40:27,@mathyunghyunsukieee3957,still Brotherhood
Seoul,1,2,QUICK STYLE,idl.global,0:40:27,@AKAGum00,wait the vibes are pretty good
Seoul,1,2,QUICK STYLE,idl.global,0:40:27,@loraileys,already more fun
Seoul,1,2,QUICK STYLE,idl.global,0:40:27,@arianborgonia7645,SHETTTTT
Seoul,1,2,QUICK STYLE,idl.global,0:40:28,@Sammy-uj1,THEY EATING
Seoul,1,2,QUICK STYLE,idl.global,0:40:28,@ArnettaCherilynDarmoyo,DAS CRAZYYYY
Seoul,1,2,QUICK STYLE,idl.global,0:40:29,@AnaSalgado-n1l,no I’m bored too
Seoul,1,2,QUICK STYLE,idl.global,0:40:29,@Rambo1x,BRHD WHAT DID YOU DOOOOO
Seoul,1,2,QUICK STYLE,idl.global,0:40:30,@j.feelinright,IS THAT A KOREAN SONG?
Seoul,1,2,QUICK STYLE,idl.global,0:40:31,@takeyyshi,"brhd still clean af, yall js hating"
Seoul,1,2,QUICK STYLE,idl.global,0:40:33,@imonly0,wth
Seoul,1,2,QUICK STYLE,idl.global,0:40:34,@hroyhn,brotherhoodddddd
Seoul,1,2,QUICK STYLE,idl.global,0:40:34,@jeido_zzz,OUT OF BEAT
Seoul,1,2,QUICK STYLE,idl.global,0:40:34,@ashsomejakebugarin7076,I think quick style will win
Seoul,1,2,QUICK STYLE,idl.global,0:40:34,@xshckwave,Oh nvm bhd wasn’t that bad LMFAOO
Seoul,1,2,QUICK STYLE,idl.global,0:40:35,@Kyle-108,BOOOOORRIIINNNGNGGGGGGG
Seoul,1,2,QUICK STYLE,idl.global,0:40:35,@veronica-yw2vo,hina din
Seoul,1,2,QUICK STYLE,idl.global,0:40:35,@UwU-on8kq,WOAJ
Seoul,1,2,QUICK STYLE,idl.global,0:40:35,@Nicole_saplrn,BRHD FOR DA WINN
Seoul,1,2,QUICK STYLE,idl.global,0:40:36,@alexespaultancio6917,BAWI BROTHERHOOD R2
Seoul,1,2,QUICK STYLE,idl.global,0:40:37,@Anagnxstou,Can’t wait to see brhd 2nd set!
Seoul,1,2,QUICK STYLE,idl.global,0:40:37,@jhayceejurada611,kelan Ang upeepz?
Seoul,1,2,QUICK STYLE,idl.global,0:40:38,@oma1036,VisLaud
Seoul,1,2,QUICK STYLE,idl.global,0:40:38,@Smithanonymous,Guys let’s be nicer
Seoul,1,2,QUICK STYLE,idl.global,0:40:39,@sheillabuchana5772,GUYS THE SONG IS NORWEGIAN
Seoul,1,2,QUICK STYLE,idl.global,0:40:39,@takeyyshi,BRHD STILL CLEAN AFFF
Seoul,1,2,QUICK STYLE,idl.global,0:40:39,@tsukki5536,wth is that
Seoul,1,2,QUICK STYLE,idl.global,0:40:39,@UwU-on8kq,CANONO
Seoul,1,2,QUICK STYLE,idl.global,0:40:39,@Themushroomball,entrance was strong idk
Seoul,1,2,QUICK STYLE,idl.global,0:40:40,@luzz.._auwenn,VIBBEEEZZZ
Seoul,1,2,QUICK STYLE,idl.global,0:40:40,@passdanoobie,7-0
Seoul,1,2,QUICK STYLE,idl.global,0:40:40,@Nicole_saplrn,Brhdd
Seoul,1,2,QUICK STYLE,idl.global,0:40:41,@DaveGarcia-n8z,"ROUND 1 PALANG YAN, WARM PALANG NG BRHD YAN:hand_with_index_finger_and_thumb_crossed::hand_with_index_finger_and_thumb_crossed::hand_with_index_finger_and_thumb_crossed:"
Seoul,1,2,QUICK STYLE,idl.global,0:40:42,@nevieluvs,kinda messy
Seoul,1,2,QUICK STYLE,idl.global,0:40:42,@justinjusto30,NOT SYNCCCC
Seoul,1,2,QUICK STYLE,idl.global,0:40:42,@lovie7347,ITS EUROEANNNN STYLE
Seoul,1,2,QUICK STYLE,idl.global,0:40:42,@cenamoncenamobuns,SO SHAPR
Seoul,1,2,QUICK STYLE,idl.global,0:40:43,@rizalino808,OK Quickstyle I did not expect this but pop off
Seoul,1,2,QUICK STYLE,idl.global,0:40:44,@takeyyshi,YALL JS HATINN
Seoul,1,2,QUICK STYLE,idl.global,0:40:44,@Rankthisvids,BISAYA NGA DAKO 6767
Seoul,1,2,QUICK STYLE,idl.global,0:40:44,@UwU-on8kq,SO PRETTY
Seoul,1,2,QUICK STYLE,idl.global,0:40:45,@notkenma,THE ADULT COMMUNITY DIVISION CAN WIN AGAINST THIS HONESTLY
Seoul,1,2,QUICK STYLE,idl.global,0:40:45,@aguxtd,wowowow
Seoul,1,2,QUICK STYLE,idl.global,0:40:46,@frannymalzar,this is as underwhelming as brd ngl
Seoul,1,2,QUICK STYLE,idl.global,0:40:47,@arh1d3a,AYEEEEEE
Seoul,1,2,QUICK STYLE,idl.global,0:40:47,@nishimurr0,yall only saying bhrd was boring bc the other 2 turned into tt trends they did good
Seoul,1,2,QUICK STYLE,idl.global,0:40:47,@aguxtd,LOVE
Seoul,1,2,QUICK STYLE,idl.global,0:40:48,@yowzzz05,okay shade
Seoul,1,2,QUICK STYLE,idl.global,0:40:49,@hyunjinswife2248,COLLEGE TEAM VS INTRAMS
Seoul,1,2,QUICK STYLE,idl.global,0:40:49,@swiftie_33,Im n9t a fan
Seoul,1,2,QUICK STYLE,idl.global,0:40:50,@cenamoncenamobuns,OUUUUUUUUUUUUUUUU
Seoul,1,2,QUICK STYLE,idl.global,0:40:51,@imonly0,5-2 BRHF
Seoul,1,2,QUICK STYLE,idl.global,0:40:51,@MJH977,Ohh
Seoul,1,2,QUICK STYLE,idl.global,0:40:51,@vensleepy,SO SO
Seoul,1,2,QUICK STYLE,idl.global,0:40:51,@Rahkiroad,dissed
Seoul,1,2,QUICK STYLE,idl.global,0:40:51,@aliahm.6726,ngl QS won already
Seoul,1,2,QUICK STYLE,idl.global,0:40:52,@ashleycaasi9027,boreng neto
Seoul,1,2,QUICK STYLE,idl.global,0:40:52,@TongkanKawayan,brotherhood:fire::fire:brotherhood:fire::fire:brotherhood:fire::fire:brotherhood:fire::fire:
Seoul,1,2,QUICK STYLE,idl.global,0:40:52,@Sammy-uj1,YALL ARE SO BIASED LOL
Seoul,1,2,QUICK STYLE,idl.global,0:40:53,@luclucille,OKAY LOL BROTHERHOOD DEF HAVE THE CHANCE AGAIN
Seoul,1,2,QUICK STYLE,idl.global,0:40:53,@kevinbriang.garcia6398,THE DISSSSS
Seoul,1,2,QUICK STYLE,idl.global,0:40:53,@taliabailey6015,OOOOOOO
Seoul,1,2,QUICK STYLE,idl.global,0:40:53,@arianborgonia7645,BRUHHH
Seoul,1,2,QUICK STYLE,idl.global,0:40:54,@czyrinetorres6887,not clean
Seoul,1,2,QUICK STYLE,idl.global,0:40:54,@reignlawrenceantonio9101,OHHH SHADEEEE
Seoul,1,2,QUICK STYLE,idl.global,0:40:54,@kylerom3992,OOOHH
Seoul,1,2,QUICK STYLE,idl.global,0:40:54,@tookakuidude1121,"oh no, they did not censored the cuss words, it might be an dedution"
Seoul,1,2,QUICK STYLE,idl.global,0:40:54,@jemsbiii,WHAT IS THAT LOL
Seoul,1,2,QUICK STYLE,idl.global,0:40:55,@okp1763,the call outttt
Seoul,1,2,QUICK STYLE,idl.global,0:40:55,@misteritalian1009,im suprised the weakest matchup so far rn has brotherhood in it lol
Seoul,1,2,QUICK STYLE,idl.global,0:40:56,@vahnyk,lolll
Seoul,1,2,QUICK STYLE,idl.global,0:40:56,@SerenDing,So boring
Seoul,1,2,QUICK STYLE,idl.global,0:40:57,@Nicole_saplrn,yoo this fireee
Seoul,1,2,QUICK STYLE,idl.global,0:40:57,@heinzfel,OOOHHH
Seoul,1,2,QUICK STYLE,idl.global,0:40:57,@mikehawk8744,?
Seoul,1,2,QUICK STYLE,idl.global,0:40:57,@xshckwave,WAIT THAT DISS LMAOOO
Seoul,1,2,QUICK STYLE,idl.global,0:40:58,@hroyhn,ehhh
Seoul,1,2,QUICK STYLE,idl.global,0:40:58,@cakebatter012,not cleannnn
Seoul,1,2,QUICK STYLE,idl.global,0:40:58,@Gam3Bo1KD,bro quickstyles NO.18 is making Mistakes again
Seoul,1,2,QUICK STYLE,idl.global,0:40:58,@emilykim5520,the diss
Seoul,1,2,QUICK STYLE,idl.global,0:40:58,@mokipop3069,THE CALLOUT
Seoul,1,2,QUICK STYLE,idl.global,0:40:58,@bellejeanarpilleda4465,eyyy that step on toxic by brotherhood
Seoul,1,2,QUICK STYLE,idl.global,0:40:59,@SBH-25,For know brotherhood has it
Seoul,1,2,QUICK STYLE,idl.global,0:40:59,@ReVeLy-ez3qt,SHADE OKAY
Seoul,1,2,QUICK STYLE,idl.global,0:41:00,@vahnyk,dissss
Seoul,1,2,QUICK STYLE,idl.global,0:41:00,@jjjjjjjoshu,just copying atp
Seoul,1,2,QUICK STYLE,idl.global,0:41:01,@kunsyaman,THE JON RAY REF LMAOOOOO
Seoul,1,2,QUICK STYLE,idl.global,0:41:01,@rubysayer3025,AHHH THE CALLOUT
Seoul,1,2,QUICK STYLE,idl.global,0:41:01,@toshq_q,wtf
Seoul,1,2,QUICK STYLE,idl.global,0:41:03,@garfieldbreadlover09,JOHN RAY LMAO
Seoul,1,2,QUICK STYLE,idl.global,0:41:03,@MeltonLagrimas,pangit :grinning_squinting_face:hahahaha joke
Seoul,1,2,QUICK STYLE,idl.global,0:41:03,@frannymalzar,THE DISSAA
Seoul,1,2,QUICK STYLE,idl.global,0:41:03,@Kyle-108,soooooo boring
Seoul,1,2,QUICK STYLE,idl.global,0:41:05,@ririsgonewild,ok call out??
Seoul,1,2,QUICK STYLE,idl.global,0:41:05,@rheanadalucan,bh goatttt
Seoul,1,2,QUICK STYLE,idl.global,0:41:05,@takeyyshi,what r we doing
Seoul,1,2,QUICK STYLE,idl.global,0:41:06,@Akio-w1o7l,THE SHADEEEEE LMAO
Seoul,1,2,QUICK STYLE,idl.global,0:41:06,@gi_722,Mock
Seoul,1,2,QUICK STYLE,idl.global,0:41:06,@UwU-on8kq,WOAHHHHHH
Seoul,1,2,QUICK STYLE,idl.global,0:41:07,@malennamae,Idk they kinda remind me of highschool dance team
Seoul,1,2,QUICK STYLE,idl.global,0:41:08,@rizalino808,the call out of Jon Ray
Seoul,1,2,QUICK STYLE,idl.global,0:41:09,@jeio7737,dang
Seoul,1,2,QUICK STYLE,idl.global,0:41:09,@_bub0.bub0,UH OHHHHHH
Seoul,1,2,QUICK STYLE,idl.global,0:41:10,@bea-ok3pl,JON RAY CALL OUTT
Seoul,1,2,QUICK STYLE,idl.global,0:41:10,@beamendoza2148,what's happening??? can't feel the vibe of every group tonight :weary_face:
Seoul,1,2,QUICK STYLE,idl.global,0:41:11,@xshckwave,4-3
Seoul,1,2,QUICK STYLE,idl.global,0:41:13,@zoer.xo03,THE SHADE
Seoul,1,2,QUICK STYLE,idl.global,0:41:13,@hyunjinswife2248,EASY 7-0
Seoul,1,2,QUICK STYLE,idl.global,0:41:13,@jhanbro,not that clean :loudly_crying_face:
Seoul,1,2,QUICK STYLE,idl.global,0:41:14,@harrybui1264,They’re lucky they’re going against quickstyle cause :loudly_crying_face:
Seoul,1,2,QUICK STYLE,idl.global,0:41:14,@Fenryst,"what is quickstyle's ""style"" btw?"
Seoul,1,2,QUICK STYLE,idl.global,0:41:14,@jjjjjjjoshu,what dat mean
Seoul,1,2,QUICK STYLE,idl.global,0:41:14,@icecreamlover-soup,messy but good
Seoul,1,2,QUICK STYLE,idl.global,0:41:15,@BazzaM8,hella mid
Seoul,1,2,QUICK STYLE,idl.global,0:41:15,@Helyum3,brhd wins
Seoul,1,2,QUICK STYLE,idl.global,0:41:15,@MeltonLagrimas,pangit hahahaha jokeeee
Seoul,1,2,QUICK STYLE,idl.global,0:41:15,@aniishahahaha,AAAAAAYYY
Seoul,1,2,QUICK STYLE,idl.global,0:41:15,@enashinoo,QUICKSTYLE HAS TO PRACTICE CLEANLINESS BROOO SO MESSY
Seoul,1,2,QUICK STYLE,idl.global,0:41:16,@mikouxei,both weak lol
Seoul,1,2,QUICK STYLE,idl.global,0:41:18,@UwU-on8kq,WOAH\
Seoul,1,2,QUICK STYLE,idl.global,0:41:18,@tealcushion,this kinda iffy idk
Seoul,1,2,QUICK STYLE,idl.global,0:41:18,@lexiewescott445,sorry but theyre winning this
Seoul,1,2,QUICK STYLE,idl.global,0:41:18,@leighdinaya,the shade lol
Seoul,1,2,QUICK STYLE,idl.global,0:41:18,@loraileys,syncro ain't there
Seoul,1,2,QUICK STYLE,idl.global,0:41:18,@RafaelWFH,honestly quick style should have been in community division lol
Seoul,1,2,QUICK STYLE,idl.global,0:41:19,@arh1d3a,gg’s gang
Seoul,1,2,QUICK STYLE,idl.global,0:41:19,@aguxtd,quick style be doing good
Seoul,1,2,QUICK STYLE,idl.global,0:41:20,@kizuumi0420,THE SHADE??????
Seoul,1,2,QUICK STYLE,idl.global,0:41:21,@markwygol8725,not synchronised
Seoul,1,2,QUICK STYLE,idl.global,0:41:21,@ichikakun1705,Boring vs More Boring ig....
Seoul,1,2,QUICK STYLE,idl.global,0:41:21,@dafi-quakc,no way brhd was too good
Seoul,1,2,QUICK STYLE,idl.global,0:41:21,@kunsyaman,OHHHHHHHH
Seoul,1,2,QUICK STYLE,idl.global,0:41:21,@RYO-6767,BRUH
Seoul,1,2,QUICK STYLE,idl.global,0:41:21,@maya92748,SHADEEEEEEE
Seoul,1,2,QUICK STYLE,idl.global,0:41:21,@Anagnxstou,Brhd did better lowkey
Seoul,1,2,QUICK STYLE,idl.global,0:41:22,@toshq_q,wth is this
Seoul,1,2,QUICK STYLE,idl.global,0:41:23,@choiimarc2002,THE START IS ALREADY GOOD WHAT HAPPENED????
Seoul,1,2,QUICK STYLE,idl.global,0:41:24,@kenramping,brotherhood just matched their energy for the 1v1 guys
Seoul,1,2,QUICK STYLE,idl.global,0:41:25,@takeyyshi,uhmm
Seoul,1,2,QUICK STYLE,idl.global,0:41:26,@SarahRada-e3p,i feel like quickstyle is gonna wim bcz what happened to brhd :broken_heart:
Seoul,1,2,QUICK STYLE,idl.global,0:41:26,@Rhinnoeee,moveee
Seoul,1,2,QUICK STYLE,idl.global,0:41:26,@stooopeeed,UPEEPZ BETTER THAN THIS TEEAM
Seoul,1,2,QUICK STYLE,idl.global,0:41:26,@AttillahAlog,weak also
Seoul,1,2,QUICK STYLE,idl.global,0:41:27,@passdanoobie,went 2nd for what
Seoul,1,2,QUICK STYLE,idl.global,0:41:27,@Akio-w1o7l,LMAOOO THEY R NASTY
Seoul,1,2,QUICK STYLE,idl.global,0:41:27,@terrencegustilo9591,"Ok i take back what i said, Brotherhood got this"
Seoul,1,2,QUICK STYLE,idl.global,0:41:27,@baoncv,brotherhood wws weak today but quickstyle is not very clean and synchronized
Seoul,1,2,QUICK STYLE,idl.global,0:41:27,@chloeramos4606,BROTHERHOOD ATEEEE
Seoul,1,2,QUICK STYLE,idl.global,0:41:28,@RYO-6767,BRHD TAKES THIS LOL
Seoul,1,2,QUICK STYLE,idl.global,0:41:29,@UwU-on8kq,EHH
Seoul,1,2,QUICK STYLE,idl.global,0:41:29,@taynguyener,Bro this entire series is so mid LOLLL
Seoul,1,2,QUICK STYLE,idl.global,0:41:30,@fryllecarosus1263,Oh nah
Seoul,1,2,QUICK STYLE,idl.global,0:41:30,@malennamae,"Dog, everyone jet lagged and tired"
Seoul,1,2,QUICK STYLE,idl.global,0:41:31,@toshq_q,nahhh
Seoul,1,2,QUICK STYLE,idl.global,0:41:31,@hroyhn,not really feeling this
Seoul,1,2,QUICK STYLE,idl.global,0:41:32,@Helyum3,ıts not that clean tho
Seoul,1,2,QUICK STYLE,idl.global,0:41:32,@kaihua4576,4-3 BHD
Seoul,1,2,QUICK STYLE,idl.global,0:41:32,@Rhinnoeee,don't just stand there
Seoul,1,2,QUICK STYLE,idl.global,0:41:32,@veronica-yw2vo,BOTH BADDDD
Seoul,1,2,QUICK STYLE,idl.global,0:41:32,@babyinbabyblue.,Stop shading
Seoul,1,2,QUICK STYLE,idl.global,0:41:33,@nazzylove_bunny1,Brotherhood won
Seoul,1,2,QUICK STYLE,idl.global,0:41:33,@vahnyk,clean vs boring
Seoul,1,2,QUICK STYLE,idl.global,0:41:33,@okp1763,WHY THEY BOTH WEAK WGAT
Seoul,1,2,QUICK STYLE,idl.global,0:41:33,@WhyAmIHereYT,HAHAHAHAHAH STILL BH DAWG
Seoul,1,2,QUICK STYLE,idl.global,0:41:33,@ReVeLy-ez3qt,bh was way cleaner though
Seoul,1,2,QUICK STYLE,idl.global,0:41:33,@_bub0.bub0,UHH OHH:white_exclamation_mark::white_exclamation_mark::white_exclamation_mark::white_exclamation_mark:
Seoul,1,2,QUICK STYLE,idl.global,0:41:34,@vensleepy,THERE NO SUCH THING AS WEAKEST CREW
Seoul,1,2,QUICK STYLE,idl.global,0:41:34,@channe156,Ngl I think bhd gave lots of energetic moves
Seoul,1,2,QUICK STYLE,idl.global,0:41:34,@bruhify786,dawg wth is this boring ahh set
Seoul,1,2,QUICK STYLE,idl.global,0:41:34,@takeyyshi,ion know
Seoul,1,2,QUICK STYLE,idl.global,0:41:34,@jjjjjjjoshu,brotherhood is saving the energy for 2nd round for sure
Seoul,1,2,QUICK STYLE,idl.global,0:41:34,@melissalin1713,MALI PAULSEN
Seoul,1,2,QUICK STYLE,idl.global,0:41:34,@CH3RRYAF,galing
Seoul,1,2,QUICK STYLE,idl.global,0:41:34,@38pepe,whheres bh
Seoul,1,2,QUICK STYLE,idl.global,0:41:34,@kunsyaman,this is adrian shade lmao
Seoul,1,2,QUICK STYLE,idl.global,0:41:34,@misteritalian1009,weakest matchup yet RF and GRV tore them up easily
Seoul,1,2,QUICK STYLE,idl.global,0:41:35,@Oyasumi1234,BLAND
Seoul,1,2,QUICK STYLE,idl.global,0:41:35,@craftyporky5584,"QS slow, doesn’t really match the song"
Seoul,1,2,QUICK STYLE,idl.global,0:41:35,@fryllecarosus1263,LET'S GO RENE
Seoul,1,2,QUICK STYLE,idl.global,0:41:36,@aliahm.6726,OH DAMNNN
Seoul,1,2,QUICK STYLE,idl.global,0:41:37,@shiryu1094,bh prin
Seoul,1,2,QUICK STYLE,idl.global,0:41:37,@cenamoncenamobuns,Noooooo they shouldve switched up the song
Seoul,1,2,QUICK STYLE,idl.global,0:41:37,@estergulinao3282,"wow, the tutting is crazy good"
Seoul,1,2,QUICK STYLE,idl.global,0:41:37,@jangwonyoung1570,weak as callout
Seoul,1,2,QUICK STYLE,idl.global,0:41:37,@bea-ok3pl,theyre so creative but theyre not clean
Seoul,1,2,QUICK STYLE,idl.global,0:41:37,@sheillabuchana5772,GUYS YOU NEED TO UNDERSTAND THE SONG
Seoul,1,2,QUICK STYLE,idl.global,0:41:38,@enashinoo,THIS IS SO BAD LOL
Seoul,1,2,QUICK STYLE,idl.global,0:41:38,@jhanbro,SCUBAAAA
Seoul,1,2,QUICK STYLE,idl.global,0:41:38,@Sammy-uj1,YALL ARE SO BIASE
Seoul,1,2,QUICK STYLE,idl.global,0:41:38,@tunnelmannen,Norwegian song
Seoul,1,2,QUICK STYLE,idl.global,0:41:39,@UwU-on8kq,EHHH
Seoul,1,2,QUICK STYLE,idl.global,0:41:39,@polrotsenpaez6324,brotherhood shade
Seoul,1,2,QUICK STYLE,idl.global,0:41:39,@Oyasumi1234,Bland
Seoul,1,2,QUICK STYLE,idl.global,0:41:39,@Bitcxbed,qs = slimed
Seoul,1,2,QUICK STYLE,idl.global,0:41:42,@ArnettaCherilynDarmoyo,brhd never failssss
Seoul,1,2,QUICK STYLE,idl.global,0:41:42,@vensleepy,STOP SPAMMING
Seoul,1,2,QUICK STYLE,idl.global,0:41:44,@st.tsa.09,wtf is this....
Seoul,1,2,QUICK STYLE,idl.global,0:41:44,@sheillabuchana5772,ITS KARPE
Seoul,1,2,QUICK STYLE,idl.global,0:41:44,@xaroulaspanou,bro stop hating fr
Seoul,1,2,QUICK STYLE,idl.global,0:41:44,@Sean_S_00,TOXIC MGA NON DANCERS DITO FEELING MAGALING
Seoul,1,2,QUICK STYLE,idl.global,0:41:44,@szoapp,both mid LMAOOOOO
Seoul,1,2,QUICK STYLE,idl.global,0:41:44,@pieceofdoe,WHATS UP WITH THE SETSSS TONYT???? ITSSS WEAKKKK
Seoul,1,2,QUICK STYLE,idl.global,0:41:44,@Bitcxbed,Slime
Seoul,1,2,QUICK STYLE,idl.global,0:41:45,@encrts,NOT CLEANNN
Seoul,1,2,QUICK STYLE,idl.global,0:41:45,@passdanoobie,messy af
Seoul,1,2,QUICK STYLE,idl.global,0:41:46,@hyunjinswife2248,YAH UPEEPZ and VPEEPZ better than this fr fr
Seoul,1,2,QUICK STYLE,idl.global,0:41:46,@Oyasumi1234,They need to do better
Seoul,1,2,QUICK STYLE,idl.global,0:41:46,@isabellafinn3650,This def worse than brotherhood
Seoul,1,2,QUICK STYLE,idl.global,0:41:46,@mikehawk8744,Lol
Seoul,1,2,QUICK STYLE,idl.global,0:41:47,@victxriah,so far RF has the best set
Seoul,1,2,QUICK STYLE,idl.global,0:41:47,@joOhners,NO COMMMENTO!
Seoul,1,2,QUICK STYLE,idl.global,0:41:47,@vensleepy,YEAH ATEEEEE
Seoul,1,2,QUICK STYLE,idl.global,0:41:47,@channe156,QS moves are too weak
Seoul,1,2,QUICK STYLE,idl.global,0:41:48,@lexiewescott445,BRHD WEAKERRR PLS
Seoul,1,2,QUICK STYLE,idl.global,0:41:48,@frannymalzar,i fear this will be a close call later
Seoul,1,2,QUICK STYLE,idl.global,0:41:48,@YoashTorreon,eyyy
Seoul,1,2,QUICK STYLE,idl.global,0:41:49,@ellaa_aaa,LET'S GO BROTHERHOOD :red_heart::red_heart::red_heart::red_heart::red_heart::red_heart::red_heart::red_heart::red_heart::red_heart::red_heart:
Seoul,1,2,QUICK STYLE,idl.global,0:41:49,@ReVeLy-ez3qt,that was a little weak
Seoul,1,2,QUICK STYLE,idl.global,0:41:49,@CANAAN-x,LMAOOO
Seoul,1,2,QUICK STYLE,idl.global,0:41:49,@fryllecarosus1263,LET'S GO VITALITY
Seoul,1,2,QUICK STYLE,idl.global,0:41:49,@nishimurr0,not the scuba
Seoul,1,2,QUICK STYLE,idl.global,0:41:49,@tealcushion,eh kinda boring
Seoul,1,2,QUICK STYLE,idl.global,0:41:49,@isabella-rc7ks,BROTHERHOODD
Seoul,1,2,QUICK STYLE,idl.global,0:41:49,@OnceNgBayan,lol the music had potential but the choreo is on and off
Seoul,1,2,QUICK STYLE,idl.global,0:41:50,@MaryamCeesay-tr1cu,UUHHHMMM
Seoul,1,2,QUICK STYLE,idl.global,0:41:50,@pandapower9959,oh this is nice
Seoul,1,2,QUICK STYLE,idl.global,0:41:51,@CDSBang,the vibe isn't there bro
Seoul,1,2,QUICK STYLE,idl.global,0:41:51,@MeltonLagrimas,?????
Seoul,1,2,QUICK STYLE,idl.global,0:41:52,@vensleepy,QS ATEEEEE
Seoul,1,2,QUICK STYLE,idl.global,0:41:52,@rubysayer3025,CALLOUUUUTTT
Seoul,1,2,QUICK STYLE,idl.global,0:41:53,@DaveGarcia-n8z,ROUN
Seoul,1,2,QUICK STYLE,idl.global,0:41:54,@jeido_zzz,TF is that shit
Seoul,1,2,QUICK STYLE,idl.global,0:41:54,@shelleybutler-tx5hn,Brotherhood is just better
Seoul,1,2,QUICK STYLE,idl.global,0:41:54,@linker7260,5-2
Seoul,1,2,QUICK STYLE,idl.global,0:41:55,@stupidlynene5633,HIGH FIVE
Seoul,1,2,QUICK STYLE,idl.global,0:41:55,@Anagnxstou,so messy lol
Seoul,1,2,QUICK STYLE,idl.global,0:41:55,@HeelationWishes,MGA FEELING DANCERS AMPOTEK
Seoul,1,2,QUICK STYLE,idl.global,0:41:55,@misteritalian1009,both brotherhood and quickstyle are so boring omggg..
Seoul,1,2,QUICK STYLE,idl.global,0:41:55,@babyinbabyblue.,I’m srry but honestly brotherhood is taking it
Seoul,1,2,QUICK STYLE,idl.global,0:41:56,@kianzaiYT,maybe they want to win wuickstyle
Seoul,1,2,QUICK STYLE,idl.global,0:41:56,@aguxtd,:face-red-heart-shape::face-red-heart-shape:
Seoul,1,2,QUICK STYLE,idl.global,0:41:57,@ArnettaCherilynDarmoyo,brhd 4 the winnn
Seoul,1,2,QUICK STYLE,idl.global,0:41:57,@ellaa_aaa,they're missing cleanliness
Seoul,1,2,QUICK STYLE,idl.global,0:41:57,@olenbunyi2441,i don't get it
Seoul,1,2,QUICK STYLE,idl.global,0:41:58,@AKAGum00,WAITT
Seoul,1,2,QUICK STYLE,idl.global,0:41:58,@LivingInElysium,Really not feeling this one.
Seoul,1,2,QUICK STYLE,idl.global,0:41:58,@takeyyshi,uhhhhh
Seoul,1,2,QUICK STYLE,idl.global,0:41:58,@lovie7347,KINDA SCARED FOR BROTHERHOOD
Seoul,1,2,QUICK STYLE,idl.global,0:41:59,@Oyasumi1234,As bland as Norwegian food
Seoul,1,2,QUICK STYLE,idl.global,0:41:59,@joeballs42,aiyo quick style shit sia
Seoul,1,2,QUICK STYLE,idl.global,0:42:00,@MeltonLagrimas,???
Seoul,1,2,QUICK STYLE,idl.global,0:42:00,@mathyunghyunsukieee3957,i think Brotherhood just match the vibe of quickstyle :rolling_on_the_floor_laughing: that's why it looks like a warm up
Seoul,1,2,QUICK STYLE,idl.global,0:42:01,@twstwodaily,THEY DID THE I WANT YOU BACK SET
Seoul,1,2,QUICK STYLE,idl.global,0:42:01,@Kyle-108,still boring
Seoul,1,2,QUICK STYLE,idl.global,0:42:01,@vahnyk,brhd sweeps
Seoul,1,2,QUICK STYLE,idl.global,0:42:02,@Thatonegirlyuna,BROTHERHOOD:saluting_face:
Seoul,1,2,QUICK STYLE,idl.global,0:42:02,@reyva2504,geniunley its sm btr from yhr last one
Seoul,1,2,QUICK STYLE,idl.global,0:42:03,@aguxtd,:smiling_face_with_heart_eyes::smiling_face_with_heart_eyes::smiling_face_with_heart_eyes::smiling_face_with_heart_eyes::smiling_face_with_heart_eyes:
Seoul,1,2,QUICK STYLE,idl.global,0:42:04,@EllaThink,uh
Seoul,1,2,QUICK STYLE,idl.global,0:42:04,@harrybui1264,Agreed RF has been the only one with energy this series
Seoul,1,2,QUICK STYLE,idl.global,0:42:04,@alvindharmasaputra4849,hmm idk man
Seoul,1,2,QUICK STYLE,idl.global,0:42:05,@nazzylove_bunny1,Na definitely brotherhood for the win
Seoul,1,2,QUICK STYLE,idl.global,0:42:05,@tobioweb5500,they’re not as clean tbh
Seoul,1,2,QUICK STYLE,idl.global,0:42:05,@jjjjjjjoshu,brhd is kinda weak but qs is weaker tbh
Seoul,1,2,QUICK STYLE,idl.global,0:42:06,@zinfandellani,7 - 0
Seoul,1,2,QUICK STYLE,idl.global,0:42:06,@rheanadalucan,LAHHH LSLA BROTHERHOOD NA DTEPSS
Seoul,1,2,QUICK STYLE,idl.global,0:42:06,@ifskate420,BROTHERHOOOODD
Seoul,1,2,QUICK STYLE,idl.global,0:42:07,@loraileys,LETS HOPE ROUBD 2 IS BETTER BRUH
Seoul,1,2,QUICK STYLE,idl.global,0:42:07,@xaroulaspanou,thats...not it
Seoul,1,2,QUICK STYLE,idl.global,0:42:07,@zinfandellani,sorry
Seoul,1,2,QUICK STYLE,idl.global,0:42:07,@neilcodm6201,nah this is not it
Seoul,1,2,QUICK STYLE,idl.global,0:42:08,@twstwodaily,NOT CLEAN
Seoul,1,2,QUICK STYLE,idl.global,0:42:08,@Oyasumi1234,This a No
Seoul,1,2,QUICK STYLE,idl.global,0:42:08,@MJH977,"What is with this division round, really a miss more than a hit....is it the korean air or something??"
Seoul,1,2,QUICK STYLE,idl.global,0:42:08,@leighdinaya,THE WAY THEY SWITCH STYLES???
Seoul,1,2,QUICK STYLE,idl.global,0:42:09,@cenamoncenamobuns,oh
Seoul,1,2,QUICK STYLE,idl.global,0:42:10,@joshuatacorda1624,gulo
Seoul,1,2,QUICK STYLE,idl.global,0:42:10,@cenamoncenamobuns,OHH
Seoul,1,2,QUICK STYLE,idl.global,0:42:10,@hyunjinswife2248,"tapos ito nanalo para sure first place 1M , plot twist HAHAHAHA"
Seoul,1,2,QUICK STYLE,idl.global,0:42:11,@takeyyshi,mas clean brhd aminin niyo nalang
Seoul,1,2,QUICK STYLE,idl.global,0:42:11,@jaminpascual5560,The idea is there but ngl it’s not clean and you can tell they are trying something new :grimacing_face: BRHD was def going easy on them
Seoul,1,2,QUICK STYLE,idl.global,0:42:12,@choiimarc2002,"THE START IS ALREADY GOOD I WISH THEY MAINTAIN THE ENERGY TILL THE END, SEE YOU BH NEXT ROUND"
Seoul,1,2,QUICK STYLE,idl.global,0:42:12,@Felix21xv,Still brotherhood better
Seoul,1,2,QUICK STYLE,idl.global,0:42:12,@kizuumi0420,THE TAUNTINGGG
Seoul,1,2,QUICK STYLE,idl.global,0:42:12,@kenjifd,YEAAHHH GIRL POWER
Seoul,1,2,QUICK STYLE,idl.global,0:42:12,@audreybaculando683,went very hiphop
Seoul,1,2,QUICK STYLE,idl.global,0:42:13,@peewwiii,LAME
Seoul,1,2,QUICK STYLE,idl.global,0:42:13,@titodsenyoonyt,You all wait for round 2
Seoul,1,2,QUICK STYLE,idl.global,0:42:14,@ThereseViane,disorganized
Seoul,1,2,QUICK STYLE,idl.global,0:42:15,@aguxtd,:light_blue_heart::light_blue_heart::light_blue_heart::light_blue_heart::light_blue_heart::light_blue_heart::light_blue_heart::light_blue_heart::light_blue_heart::light_blue_heart:
Seoul,1,2,QUICK STYLE,idl.global,0:42:15,@hyehani,Have brhd performmmm
Seoul,1,2,QUICK STYLE,idl.global,0:42:15,@garfieldbreadlover09,NAHH THEY ATE
Seoul,1,2,QUICK STYLE,idl.global,0:42:16,@OnceNgBayan,this is probably a 5-2 at worst
Seoul,1,2,QUICK STYLE,idl.global,0:42:16,@patriciadesquitado871,I love the callouts though. HAHAHA
Seoul,1,2,QUICK STYLE,idl.global,0:42:17,@cdn.igrisss,the music choice kind ehh yk
Seoul,1,2,QUICK STYLE,idl.global,0:42:17,@valerakkaktotakk3304,Cool part
Seoul,1,2,QUICK STYLE,idl.global,0:42:17,@Sammy-uj1,BRHD FANS ARE SO TOXIC LOL
Seoul,1,2,QUICK STYLE,idl.global,0:42:18,@tookakuidude1121,it is not as clean tho
Seoul,1,2,QUICK STYLE,idl.global,0:42:18,@DaveGarcia-n8z,BRHD AT ROUND 2 : :skull::skull::skull::skull:
Seoul,1,2,QUICK STYLE,idl.global,0:42:18,@Helyum3,brhd clearly win
Seoul,1,2,QUICK STYLE,idl.global,0:42:19,@Anagnxstou,Brhd were wayyyy cleaner
Seoul,1,2,QUICK STYLE,idl.global,0:42:20,@ken-l1p8u,LOL Y'ALL ARE JUST BEING HATERS AND BIASED AT THIS POINT
Seoul,1,2,QUICK STYLE,idl.global,0:42:21,@UwU-on8kq,RF ATE the other three a bit lacking
Seoul,1,2,QUICK STYLE,idl.global,0:42:21,@wicked.c7212,lezzgoo Quickstyle :blue_heart:
Seoul,1,2,QUICK STYLE,idl.global,0:42:21,@KurtczackToledo,AYYYYU
Seoul,1,2,QUICK STYLE,idl.global,0:42:21,@kunsyaman,walang nagkamali altho brhd still cleaner
Seoul,1,2,QUICK STYLE,idl.global,0:42:21,@takeyyshi,MAS CLEAN TLAGA BRHD AYAW NIYO AMININ WHSHSHW
Seoul,1,2,QUICK STYLE,idl.global,0:42:22,@dafi-quakc,okay ima start casting my vote
Seoul,1,2,QUICK STYLE,idl.global,0:42:22,@hroyhn,i think brhd's tryna match qs theyll probably do better r2
Seoul,1,2,QUICK STYLE,idl.global,0:42:22,@enashinoo,this is so messy bro
Seoul,1,2,QUICK STYLE,idl.global,0:42:23,@JadenAngelo-f7n,nah this round is not it
Seoul,1,2,QUICK STYLE,idl.global,0:42:23,@adrianpaulyadao6190,choreo weak
Seoul,1,2,QUICK STYLE,idl.global,0:42:23,@aldrinvibar3215,not even clean?
Seoul,1,2,QUICK STYLE,idl.global,0:42:25,@_rxby_jen,Messy asf
Seoul,1,2,QUICK STYLE,idl.global,0:42:25,@kizuumi0420,both tuff braur
Seoul,1,2,QUICK STYLE,idl.global,0:42:25,@hyunjinswife2248,ito iboboto ng fans para manalo 1M sa round 2 HAHA
Seoul,1,2,QUICK STYLE,idl.global,0:42:25,@patriciadesquitado871,HHHAHAHAHAHAAHA
Seoul,1,3,1MILLION,idl.global,0:55:55,@ReVeLy-ez3qt,LETS GO 1 MILLION
Seoul,1,3,1MILLION,idl.global,0:55:56,@왕혜영-r1j,Goooooooooooo
Seoul,1,3,1MILLION,idl.global,0:55:57,@kunsyaman,SHOPEE VS SHEIN LESGO
Seoul,1,3,1MILLION,idl.global,0:55:57,@æ-ditt,go grv track_ito:fire::fire::fire:
Seoul,1,3,1MILLION,idl.global,0:55:58,@mikmikn4tion,"WAG NA KAYO MAG EXPECT GUYS 1 MILLION NA YAN, ASA KOREA SILA EE"
Seoul,1,3,1MILLION,idl.global,0:55:58,@ikeeee_0,HAHAHAHHAHA AND ACCENT
Seoul,1,3,1MILLION,idl.global,0:55:58,@Reiddddddddd,"L venue, L host, L shoutcaster, L crowd. wow Korea we all waited for a month goddamn"
Seoul,1,3,1MILLION,idl.global,0:55:58,@joOhners,yoo philipine ppl doesnt that guy look like jhong lmao
Seoul,1,3,1MILLION,idl.global,0:55:59,@LucasPasig,SIKAND
Seoul,1,3,1MILLION,idl.global,0:55:59,@jeanie5711,LFGGG
Seoul,1,3,1MILLION,idl.global,0:55:59,@penguuuuu21,UYYYY SECANDDD
Seoul,1,3,1MILLION,idl.global,0:55:59,@Oyasumi1234,1MIL LEGGO
Seoul,1,3,1MILLION,idl.global,0:56:00,@TongkanKawayan,brotherhood:fire::fire:brotherhood
Seoul,1,3,1MILLION,idl.global,0:56:01,@lovie7347,KOREANSSS LOOKS DOWN ON SEA
Seoul,1,3,1MILLION,idl.global,0:56:01,@meowskiing,CMON IM
Seoul,1,3,1MILLION,idl.global,0:56:03,@wicked.c7212,lexxxgo 1Million :white_heart::white_heart:
Seoul,1,3,1MILLION,idl.global,0:56:03,@ninojamessuson2553,mgaa biased yan sila
Seoul,1,3,1MILLION,idl.global,0:56:04,@Oyasumi1234,1 MIL LEGGOOOOO
Seoul,1,3,1MILLION,idl.global,0:56:04,@DearAnnicka,SHOPEEEEE
Seoul,1,3,1MILLION,idl.global,0:56:05,@UwU-on8kq,PREP LOOKIN GOOD
Seoul,1,3,1MILLION,idl.global,0:56:05,@daffiarvyn9680,reid ur unemployed
Seoul,1,3,1MILLION,idl.global,0:56:07,@anyazamora9614,KAHIT ISANG POINT LANG MAKUHA NG JR SEA MASAYA NA AKO:orange_heart::orange_heart::orange_heart::orange_heart::orange_heart::orange_heart::orange_heart::orange_heart::orange_heart::orange_heart::orange_heart:
Seoul,1,3,1MILLION,idl.global,0:56:07,@takeyyshi,hoy anong brotherhood tapos na yan HWHWHWHWHWHWHWHW
Seoul,1,3,1MILLION,idl.global,0:56:08,@jjjjjjjoshu,YEAH THEY WINNINGGG
Seoul,1,3,1MILLION,idl.global,0:56:09,@juliahageler3837,WHERE IS HARIMU
Seoul,1,3,1MILLION,idl.global,0:56:09,@cinnamonhope1,ONE MILLION FIGHTING
Seoul,1,3,1MILLION,idl.global,0:56:09,@ninojamessuson2553,hhahhaahahahaha
Seoul,1,3,1MILLION,idl.global,0:56:10,@DJJD17,:red_heart:1MILLION:red_heart:
Seoul,1,3,1MILLION,idl.global,0:56:10,@MATTHIUERICOMOLINA,pinoy na pinoy sekend
Seoul,1,3,1MILLION,idl.global,0:56:11,@jjjjjjjoshu,PLS PLS PLS
Seoul,1,3,1MILLION,idl.global,0:56:11,@ohhtris,JAM REPUBLIC
Seoul,1,3,1MILLION,idl.global,0:56:11,@GawonLee0427,백구영임???
Seoul,1,3,1MILLION,idl.global,0:56:11,@neorrii,JUSKO LALAKAS LANG CROWD PAG SA 1M NUYAN
Seoul,1,3,1MILLION,idl.global,0:56:12,@parkjihou,HOY MGA TAGA PILIPINS VOTE WISELY GUYS BAKA PATI BA NAMAN DITO IVOVOTE NIYO YUNG ANO HA
Seoul,1,3,1MILLION,idl.global,0:56:14,@dafi-quakc,YES TO JRSEA NO TO PAX SILICA
Seoul,1,3,1MILLION,idl.global,0:56:14,@DearAnnicka,TEAAMM SHOPEEEE
Seoul,1,3,1MILLION,idl.global,0:56:15,@mikmikn4tion,JUNGKOOK VS VICE GANDA
Seoul,1,3,1MILLION,idl.global,0:56:15,@rayn6152,another good start from 1MIL
Seoul,1,3,1MILLION,idl.global,0:56:18,@UwU-on8kq,WHATTT
Seoul,1,3,1MILLION,idl.global,0:56:22,@takeyyshi,eksena sila
Seoul,1,3,1MILLION,idl.global,0:56:23,@xshckwave,LETS GO 1MILLIONNNNNNNNNNNN :white_heart::white_heart::white_heart::white_heart:
Seoul,1,3,1MILLION,idl.global,0:56:23,@mikehawk8744,Pfft
Seoul,1,3,1MILLION,idl.global,0:56:26,@kunsyaman,UNA RAW ANG SHEIN #NOTOFASTFASHION
Seoul,1,3,1MILLION,idl.global,0:56:30,@Gam3Bo1KD,GRABE
Seoul,1,3,1MILLION,idl.global,0:56:31,@takeyyshi,eksena yarne
Seoul,1,3,1MILLION,idl.global,0:56:34,@---wy8zq,YES
Seoul,1,3,1MILLION,idl.global,0:56:34,@loraileys,ooooo
Seoul,1,3,1MILLION,idl.global,0:56:35,@markilaset09,ANGALING NG CONCEPT
Seoul,1,3,1MILLION,idl.global,0:56:36,@---wy8zq,GAGAGAGAGA
Seoul,1,3,1MILLION,idl.global,0:56:36,@nishimurr0,DANGGG
Seoul,1,3,1MILLION,idl.global,0:56:37,@DJJD17,liakim!!!!!
Seoul,1,3,1MILLION,idl.global,0:56:37,@tobioweb5500,OMG LOVE THE MUSICCCC
Seoul,1,3,1MILLION,idl.global,0:56:37,@mariselasutton957,LETS GOOOOO MIHAWKKKK
Seoul,1,3,1MILLION,idl.global,0:56:37,@okp1763,DAMMNNNNNN
Seoul,1,3,1MILLION,idl.global,0:56:37,@luclucille,OKAYUYYY????
Seoul,1,3,1MILLION,idl.global,0:56:38,@Banana-ph4vq,JUDASS
Seoul,1,3,1MILLION,idl.global,0:56:38,@DNCharLeys,lady gaga again?
Seoul,1,3,1MILLION,idl.global,0:56:38,@harrybui1264,So the crowd is not dead u just decided to only support the SK team?
Seoul,1,3,1MILLION,idl.global,0:56:38,@nishimurr0,LADY GAGA
Seoul,1,3,1MILLION,idl.global,0:56:39,@mikehawk8744,Ok
Seoul,1,3,1MILLION,idl.global,0:56:39,@patriciadesquitado871,OH SHOOOOT
Seoul,1,3,1MILLION,idl.global,0:56:40,@trusolievatruther,DANG
Seoul,1,3,1MILLION,idl.global,0:56:41,@markilaset09,HALA
Seoul,1,3,1MILLION,idl.global,0:56:41,@DJJD17,judas!!!!
Seoul,1,3,1MILLION,idl.global,0:56:42,@UwU-on8kq,IMSAME PULL
Seoul,1,3,1MILLION,idl.global,0:56:42,@kunsyaman,WAIT I LIKE THIS
Seoul,1,3,1MILLION,idl.global,0:56:43,@MJH977,Damn now the crowd is alive lol
Seoul,1,3,1MILLION,idl.global,0:56:43,@CallMeTpain,HOLYYYYYYYY CONCEPTTTTTTTT
Seoul,1,3,1MILLION,idl.global,0:56:43,@æ-ditt,1m Pala kala ko grv:face_with_tears_of_joy:
Seoul,1,3,1MILLION,idl.global,0:56:44,@ThanhNguyenXuan-fp9sd,omg
Seoul,1,3,1MILLION,idl.global,0:56:44,@leviaiki9168,OKAY
Seoul,1,3,1MILLION,idl.global,0:56:44,@JhonPaulFlores-y9q,lagowt
Seoul,1,3,1MILLION,idl.global,0:56:44,@rubysayer3025,Judas NO WAY
Seoul,1,3,1MILLION,idl.global,0:56:45,@markilaset09,GAGSTI
Seoul,1,3,1MILLION,idl.global,0:56:45,@CDSBang,LEZGOOOOO
Seoul,1,3,1MILLION,idl.global,0:56:45,@pieceofdoe,WOOOWWWWWWWW
Seoul,1,3,1MILLION,idl.global,0:56:46,@Themushroomball,YAAAAAAS
Seoul,1,3,1MILLION,idl.global,0:56:46,@UwU-on8kq,WHATTTT
Seoul,1,3,1MILLION,idl.global,0:56:47,@SarahMartinez-s2m,oh shoot song choice
Seoul,1,3,1MILLION,idl.global,0:56:47,@leviaiki9168,OKYYYYYYY
Seoul,1,3,1MILLION,idl.global,0:56:47,@lawrence5718,LADY GAGA AGAIN
Seoul,1,3,1MILLION,idl.global,0:56:47,@kunsyaman,LEGIT BA JUDAS
Seoul,1,3,1MILLION,idl.global,0:56:48,@jeanie5711,GAGO
Seoul,1,3,1MILLION,idl.global,0:56:48,@hendrymiu,this song again?
Seoul,1,3,1MILLION,idl.global,0:56:48,@heinzfel,LADY GAGAAA
Seoul,1,3,1MILLION,idl.global,0:56:48,@takeyyshi,"me lamba umoorder ng squishy sa shein, labyugais"
Seoul,1,3,1MILLION,idl.global,0:56:48,@Rahkiroad,:orange_heart:JAM REPUBLIC SEA:orange_heart:
Seoul,1,3,1MILLION,idl.global,0:56:49,@joOhners,OKKKAY 1m chiilll lol
Seoul,1,3,1MILLION,idl.global,0:56:50,@taynguyener,Another gaga LOL
Seoul,1,3,1MILLION,idl.global,0:56:50,@iyelll_r,OHSHET
Seoul,1,3,1MILLION,idl.global,0:56:51,@PookieMoosie,okay Loooove this
Seoul,1,3,1MILLION,idl.global,0:56:51,@CDSBang,PEAK
Seoul,1,3,1MILLION,idl.global,0:56:51,@nishimurr0,THEY'RE GETTING THE WIN
Seoul,1,3,1MILLION,idl.global,0:56:51,@luvvlea,ouu shii
Seoul,1,3,1MILLION,idl.global,0:56:51,@JhonPaulFlores-y9q,binuhay ang jusas ni lady gaga
Seoul,1,3,1MILLION,idl.global,0:56:52,@Jwhops,GG GUYSAA
Seoul,1,3,1MILLION,idl.global,0:56:52,@heinzfel,JUDASSS
Seoul,1,3,1MILLION,idl.global,0:56:52,@bpinkbit,PMGGG
Seoul,1,3,1MILLION,idl.global,0:56:53,@Not_kassu,JUDAS
Seoul,1,3,1MILLION,idl.global,0:56:53,@Lucian7377,JR SEA TAYO GUYSSS
Seoul,1,3,1MILLION,idl.global,0:56:53,@leviaiki9168,IM SOLD
Seoul,1,3,1MILLION,idl.global,0:56:53,@whotfsbob,SUKUNAAA GOJOOO?
Seoul,1,3,1MILLION,idl.global,0:56:53,@samgyupsal2x833,OMG LADY GAGA
Seoul,1,3,1MILLION,idl.global,0:56:54,@xshckwave,OMG JAM REPUBLIC UR ENDERS ARE HERE
Seoul,1,3,1MILLION,idl.global,0:56:55,@ririsgonewild,WHOAA WHAT
Seoul,1,3,1MILLION,idl.global,0:56:55,@joshuapilapil9805,love the song choice. lets gooooo!!!!
Seoul,1,3,1MILLION,idl.global,0:56:55,@loraileys,SHITTTT
Seoul,1,3,1MILLION,idl.global,0:56:55,@heinzfel,OMG OMG OMG
Seoul,1,3,1MILLION,idl.global,0:56:57,@justinequibod8,LECHE PANO PA SUSUNDAN YAN
Seoul,1,3,1MILLION,idl.global,0:56:57,@nevieluvs,ay wow holy song choice
Seoul,1,3,1MILLION,idl.global,0:56:57,@TongkanKawayan,brotherhood:fire::fire:brotherhoodbrotherhood:fire::fire:
Seoul,1,3,1MILLION,idl.global,0:56:57,@kunsyaman,FUCKKKK I LOVE U JESUS
Seoul,1,3,1MILLION,idl.global,0:56:58,@Jwhops,GG GUYSSS
Seoul,1,3,1MILLION,idl.global,0:56:58,@ahmadfadhil7431,LETSSSGOOOO
Seoul,1,3,1MILLION,idl.global,0:56:59,@RocoNic,luh umingay bigla
Seoul,1,3,1MILLION,idl.global,0:56:59,@MeltonLagrimas,LETS GOOOO :black_heart::black_heart::black_heart:
Seoul,1,3,1MILLION,idl.global,0:57:00,@kayceeb7199,FIRE CHOREO FIRE MUSIC
Seoul,1,3,1MILLION,idl.global,0:57:00,@trusolievatruther,WAIT THEYRE SO GOOOODDDD
Seoul,1,3,1MILLION,idl.global,0:57:00,@luclucille,LETS GOOOOO???
Seoul,1,3,1MILLION,idl.global,0:57:00,@wrierdan1021,this is sick
Seoul,1,3,1MILLION,idl.global,0:57:01,@nishimurr0,BIG REDEMPTION
Seoul,1,3,1MILLION,idl.global,0:57:01,@heinzfel,YOU HAVE MY VOTE SA LADY GAGA SONG PA LANG
Seoul,1,3,1MILLION,idl.global,0:57:02,@kenjifd,BROOO NGL THEY'RE GOOODD
Seoul,1,3,1MILLION,idl.global,0:57:03,@RobloxZazaza,so basically they are calling sout east asians slaves
Seoul,1,3,1MILLION,idl.global,0:57:03,@jeanie5711,SLAYY???!
Seoul,1,3,1MILLION,idl.global,0:57:03,@parkjihou,SHOPPEE TAYO SHOPPEE GUYS TEAM PILIPINS :orange_heart::orange_heart::orange_heart::orange_heart::orange_heart::orange_heart::orange_heart::orange_heart::orange_heart::orange_heart::orange_heart::orange_heart::orange_heart::orange_heart::orange_heart::orange_heart::orange_heart::orange_heart::orange_heart:
Seoul,1,3,1MILLION,idl.global,0:57:04,@leviaiki9168,NOW THIS IS THE SONG CHOICE
Seoul,1,3,1MILLION,idl.global,0:57:05,@loraileys,SOLDDDD
Seoul,1,3,1MILLION,idl.global,0:57:05,@eve4560,THE SONG CHOICEE GOSHH
Seoul,1,3,1MILLION,idl.global,0:57:06,@patriciadesquitado871,Basin naa's Sukuna dira.
Seoul,1,3,1MILLION,idl.global,0:57:06,@UwU-on8kq,SO CLEAN
Seoul,1,3,1MILLION,idl.global,0:57:07,@SeanEzra-zv2vf,OMG SORRYYY THEY ATEEEEE
Seoul,1,3,1MILLION,idl.global,0:57:07,@PookieMoosie,holy jjk pull
Seoul,1,3,1MILLION,idl.global,0:57:08,@melanimkc7841,Dammmmmm
Seoul,1,3,1MILLION,idl.global,0:57:08,@melissalin1713,oh my god
Seoul,1,3,1MILLION,idl.global,0:57:08,@nevieluvs,HOLY SONG CHOICEEE
Seoul,1,3,1MILLION,idl.global,0:57:08,@neorrii,SUPPORT PHILIPPINES HA WAG KAYONG ANO
Seoul,1,3,1MILLION,idl.global,0:57:09,@Johnvzsa,SHETSHARON
Seoul,1,3,1MILLION,idl.global,0:57:10,@veronica-yw2vo,may. error
Seoul,1,3,1MILLION,idl.global,0:57:10,@JAYTHOMAYCO,OKAYYYY
Seoul,1,3,1MILLION,idl.global,0:57:10,@Themushroomball,ENERGYYYY
Seoul,1,3,1MILLION,idl.global,0:57:10,@swiftie_33,THIS IS SO GOODDDD
Seoul,1,3,1MILLION,idl.global,0:57:10,@Maggie_Yang,firreeeeeee
Seoul,1,3,1MILLION,idl.global,0:57:11,@mattmatt1015,𝐇𝐀𝐑𝐈𝐌𝐔
Seoul,1,3,1MILLION,idl.global,0:57:11,@chsk_rie,ateeeeeeeeee
Seoul,1,3,1MILLION,idl.global,0:57:11,@rayn6152,They sure love Gaga's songs
Seoul,1,3,1MILLION,idl.global,0:57:12,@bzinthacut,LSTS GO 1M I LOVE U
Seoul,1,3,1MILLION,idl.global,0:57:12,@rubysayer3025,BRINGING THE ENERGY BACK COME ON 1M
Seoul,1,3,1MILLION,idl.global,0:57:12,@vahnyk,SWEEEP
Seoul,1,3,1MILLION,idl.global,0:57:13,@melissalin1713,OH MY FUCKING GOD
Seoul,1,3,1MILLION,idl.global,0:57:13,@joelfgallarde,1M is sooo average lol
Seoul,1,3,1MILLION,idl.global,0:57:13,@justinejarcia4353,sukuna vs gojo
Seoul,1,3,1MILLION,idl.global,0:57:14,@ifskate420,GAGGAA
Seoul,1,3,1MILLION,idl.global,0:57:14,@johnvanabad5237,cleanliness talaga sila madaot
Seoul,1,3,1MILLION,idl.global,0:57:15,@heinzfel,YESSS
Seoul,1,3,1MILLION,idl.global,0:57:17,@DJJD17,debby!!!!!
Seoul,1,3,1MILLION,idl.global,0:57:18,@takeyyshi,"joke ang galing nila, pero shopee parin ako haha #anona"
Seoul,1,3,1MILLION,idl.global,0:57:18,@double_roses,See what the crowd is capable of????????????
Seoul,1,3,1MILLION,idl.global,0:57:19,@Uknown_creature,Oooo miyaabbiiiii
Seoul,1,3,1MILLION,idl.global,0:57:20,@imonly0,WTFFF
Seoul,1,3,1MILLION,idl.global,0:57:20,@eljhanzu,BROTHERHOOD ON TOP
Seoul,1,3,1MILLION,idl.global,0:57:20,@ifskate420,OH YESD
Seoul,1,3,1MILLION,idl.global,0:57:20,@whlskey,hell nah
Seoul,1,3,1MILLION,idl.global,0:57:20,@JceeB,Galingan nyo JR lakas ng 1M
Seoul,1,3,1MILLION,idl.global,0:57:22,@patriciadesquitado871,Asa si Gojo
Seoul,1,3,1MILLION,idl.global,0:57:23,@juchi3730,Debbbyyy
Seoul,1,3,1MILLION,idl.global,0:57:23,@kunsyaman,LINIS AH
Seoul,1,3,1MILLION,idl.global,0:57:23,@vahnyk,PILIPINS PARIN
Seoul,1,3,1MILLION,idl.global,0:57:23,@melissalin1713,SWEEP
Seoul,1,3,1MILLION,idl.global,0:57:24,@PRINCEJACOBOPACO,JAMMMMMMMMMM :orange_heart::orange_heart::orange_heart::orange_heart::orange_heart::orange_heart::orange_heart::orange_heart::orange_heart::orange_heart::orange_heart::orange_heart::orange_heart::orange_heart::orange_heart::orange_heart::orange_heart::orange_heart::orange_heart::orange_heart::orange_heart:
Seoul,1,3,1MILLION,idl.global,0:57:24,@alyster8520,JAM REPUBLIC LET'S GOOO JHONG HILARIOUS LET'S GOOO
Seoul,1,3,1MILLION,idl.global,0:57:25,@AgathaClare,THE HECK!!! 1M IS REALLY BRINGING US EVERYTHING HERE
Seoul,1,3,1MILLION,idl.global,0:57:25,@parkjihou,SHOPPEE TAYO SHOPPEE GUYS TEAM PILIPINS
Seoul,1,3,1MILLION,idl.global,0:57:25,@ninojamessuson2553,im satttt!!!
Seoul,1,3,1MILLION,idl.global,0:57:25,@Yuxinsrj,GAGGGGGG
Seoul,1,3,1MILLION,idl.global,0:57:25,@zathrd2084,gojo type music
Seoul,1,3,1MILLION,idl.global,0:57:25,@melissalin1713,CLEAN SWEEP
Seoul,1,3,1MILLION,idl.global,0:57:26,@stupidlynene5633,THEYRE SO CLEAN
Seoul,1,3,1MILLION,idl.global,0:57:27,@fruitsaeladxx,DAYUMMM
Seoul,1,3,1MILLION,idl.global,0:57:27,@cliffartoque526,let's gooo jammmmm
Seoul,1,3,1MILLION,idl.global,0:57:27,@eve4560,I LOVEEE IT
Seoul,1,3,1MILLION,idl.global,0:57:28,@DJJD17,omg!!!!!
Seoul,1,3,1MILLION,idl.global,0:57:29,@realorencatayoc2728,Wow
Seoul,1,3,1MILLION,idl.global,0:57:29,@TongkanKawayan,brotherhood:fire::fire:brotherhoodbrotherhood:fire::fire:brotherhoodbrotherhood:fire::fire:brotherhood
Seoul,1,3,1MILLION,idl.global,0:57:29,@alvindharmasaputra4849,LoOL OKAY BUT SK IS VERY RELIGIOUS ALRIGHT 1M
Seoul,1,3,1MILLION,idl.global,0:57:30,@luclucille,CLEANNNN
Seoul,1,3,1MILLION,idl.global,0:57:30,@nishimurr0,1MILLION
Seoul,1,3,1MILLION,idl.global,0:57:30,@leviaiki9168,STAWP IM SOLD
Seoul,1,3,1MILLION,idl.global,0:57:31,@shanna9821,Ohhhh
Seoul,1,3,1MILLION,idl.global,0:57:31,@mikehawk8744,This the best one so far
Seoul,1,3,1MILLION,idl.global,0:57:31,@jeanie5711,GRABEEE
Seoul,1,3,1MILLION,idl.global,0:57:32,@UwU-on8kq,STAGINGGGG
Seoul,1,3,1MILLION,idl.global,0:57:32,@DJJD17,wowwwwwwwwww
Seoul,1,3,1MILLION,idl.global,0:57:32,@pieceofdoe,Best set so FARRR DAMNNN
Seoul,1,3,1MILLION,idl.global,0:57:33,@vahnyk,galingan nyo jrsea
Seoul,1,3,1MILLION,idl.global,0:57:34,@SachilabsASMR,ANG LOPIT
Seoul,1,3,1MILLION,idl.global,0:57:35,@kunsyaman,#NOTOFASTFASHION
Seoul,1,3,1MILLION,idl.global,0:57:35,@eljhanzu,BROTHERHOOD ON TOPBROTHERHOOD ON TOPBROTHERHOOD ON TOPBROTHERHOOD ON TOPBROTHERHOOD ON TOPBROTHERHOOD ON TOPBROTHERHOOD ON TOPBROTHERHOOD ON TOPBROTHERHOOD ON TOPBROTHERHOOD ON TOPBROTHERHOOD ON TOP
Seoul,1,3,1MILLION,idl.global,0:57:35,@kttryx,WOWWWWA
Seoul,1,3,1MILLION,idl.global,0:57:36,@meow_meowieee,CLEANNNNN
Seoul,1,3,1MILLION,idl.global,0:57:36,@BalabaRoldan,woaah
Seoul,1,3,1MILLION,idl.global,0:57:36,@trusolievatruther,SO GOOOOODDDDD
Seoul,1,3,1MILLION,idl.global,0:57:37,@ahmadfadhil7431,CLEAAANNNSSS
Seoul,1,3,1MILLION,idl.global,0:57:38,@joelfgallarde,BASIC!!
Seoul,1,3,1MILLION,idl.global,0:57:38,@lexiewescott445,CLEAN ASF
Seoul,1,3,1MILLION,idl.global,0:57:38,@bea-ok3pl,OH THIS IS SO GOOD
Seoul,1,3,1MILLION,idl.global,0:57:39,@dafi-quakc,BIAS KO SI JHONG
Seoul,1,3,1MILLION,idl.global,0:57:40,@ohhtris,FKKKKKKKK
Seoul,1,3,1MILLION,idl.global,0:57:40,@Nyx_ze67,OO NA PANALO NA KAYO
Seoul,1,3,1MILLION,idl.global,0:57:40,@ReVeLy-ez3qt,DAMMMMNNNN WHAT THE HELLLL
Seoul,1,3,1MILLION,idl.global,0:57:40,@kylebandiola,galingg
Seoul,1,3,1MILLION,idl.global,0:57:41,@thee_soleichanel,OKAY TRAVEL
Seoul,1,3,1MILLION,idl.global,0:57:42,@TongkanKawayan,brotherhood:fire::fire:brotherhoodbrotherhood:fire::fire:brotherhood:fire::fire:brotherhood
Seoul,1,3,1MILLION,idl.global,0:57:42,@PookieMoosie,this fr might be my fav
Seoul,1,3,1MILLION,idl.global,0:57:42,@miguelpondevida9238,immaculate song choice
Seoul,1,3,1MILLION,idl.global,0:57:42,@kenjifd,BROOOO SO CLEAANNN :fire::fire::fire::loudly_crying_face::loudly_crying_face::loudly_crying_face:
Seoul,1,3,1MILLION,idl.global,0:57:42,@valerakkaktotakk3304,Hype
Seoul,1,3,1MILLION,idl.global,0:57:42,@whois_kenz,1m is eating this one
Seoul,1,3,1MILLION,idl.global,0:57:42,@rubysayer3025,YUUUCKKK
Seoul,1,3,1MILLION,idl.global,0:57:44,@lovie7347,SEA PRIDEEEEE
Seoul,1,3,1MILLION,idl.global,0:57:45,@luclucille,NAHHHH THEY TOO CLEAN
Seoul,1,3,1MILLION,idl.global,0:57:46,@ndave1198,OHHHH THEYYY CLEAAN
Seoul,1,3,1MILLION,idl.global,0:57:46,@trusolievatruther,BEST SET TIES W RF
Seoul,1,3,1MILLION,idl.global,0:57:46,@arabelabryallenr,TARONG MO DHA JRSEA
Seoul,1,3,1MILLION,idl.global,0:57:47,@polrotsenpaez6324,oh they are winning this set
Seoul,1,3,1MILLION,idl.global,0:57:48,@takeyyshi,HOY ANO WAG KA MAG SPAM NAN
Seoul,1,3,1MILLION,idl.global,0:57:48,@kayceeb7199,CLEAN AF CHORUS
Seoul,1,3,1MILLION,idl.global,0:57:48,@joshuapilapil9805,aaaa lets go jaaam!!!
Seoul,1,3,1MILLION,idl.global,0:57:49,@JudryRuz-j7f,yeahhhhh
Seoul,1,3,1MILLION,idl.global,0:57:50,@kunsyaman,ANLINIS
Seoul,1,3,1MILLION,idl.global,0:57:52,@tezonne.official,galingan niyu jam lakas ng 1million
Seoul,1,3,1MILLION,idl.global,0:57:53,@UwU-on8kq,FOOTWORK?????!!!
Seoul,1,3,1MILLION,idl.global,0:57:53,@TongkanKawayan,brotherhood:fire::fire:brotherhoodbrotherhood:fire::fire:brotherhoodbrotherhood:fire::fire:
Seoul,1,3,1MILLION,idl.global,0:57:53,@CallMeNath-2,Sheeeeeesh thats fire!
Seoul,1,3,1MILLION,idl.global,0:57:54,@valerakkaktotakk3304,That’s hot
Seoul,1,3,1MILLION,idl.global,0:57:54,@ifskate420,OH YES
Seoul,1,3,1MILLION,idl.global,0:57:55,@wavetoearth.02,THEY GOT MY VOTE NGL
Seoul,1,3,1MILLION,idl.global,0:57:56,@nevieluvs,PANALO NA BOI HAHAHAHA
Seoul,1,3,1MILLION,idl.global,0:57:57,@UwU-on8kq,SO CLEAN\
Seoul,1,3,1MILLION,idl.global,0:57:58,@trusolievatruther,GANDA OMG
Seoul,1,3,1MILLION,idl.global,0:57:59,@ArgelJosephTamelin,clean but lack in blocking
Seoul,1,3,1MILLION,idl.global,0:57:59,@ninojamessuson2553,ATEEEEEEEE
Seoul,1,3,1MILLION,idl.global,0:57:59,@JFilmCreates,1M NICE SONG CHOICE
Seoul,1,3,1MILLION,idl.global,0:57:59,@markilaset09,FLOOR PERFORMANCE PA
Seoul,1,3,1MILLION,idl.global,0:58:02,@kzeeexc_3575,linis
Seoul,1,3,1MILLION,idl.global,0:58:02,@Rhinnoeee,yeahghhhh!!!!1
Seoul,1,3,1MILLION,idl.global,0:58:02,@arabelabryallenr,LFGGGG JAAAAAM
Seoul,1,3,1MILLION,idl.global,0:58:02,@Banana-ph4vq,GONO VS SUKUNA
Seoul,1,3,1MILLION,idl.global,0:58:03,@---wy8zq,BRO
Seoul,1,3,1MILLION,idl.global,0:58:03,@l0ve.f4iry,WOAHG
Seoul,1,3,1MILLION,idl.global,0:58:03,@takeyyshi,tayo lamba loyal sa shopee
Seoul,1,3,1MILLION,idl.global,0:58:04,@eljhanzu,BROTHERHOOD ON TOPBROTHERHOOD ON TOPBROTHERHOOD ON TOPBROTHERHOOD ON TOPBROTHERHOOD ON TOPBROTHERHOOD ON TOPBROTHERHOOD ON TOPBROTHERHOOD ON TOPBROTHERHOOD ON TOPBROTHERHOOD ON TOPBROTHERHOOD ON TOPBR
Seoul,1,3,1MILLION,idl.global,0:58:04,@brookemp4,So fricken clean
Seoul,1,3,1MILLION,idl.global,0:58:04,@ayen_cat04,LOVE ITTT
Seoul,1,3,1MILLION,idl.global,0:58:04,@---wy8zq,/YESSS
Seoul,1,3,1MILLION,idl.global,0:58:04,@applenewyorkg,개깔끔하노..
Seoul,1,3,1MILLION,idl.global,0:58:07,@TongkanKawayan,wbrotherhood:fire::fire:brotherhoodbrotherhood:fire::fire:
Seoul,1,3,1MILLION,idl.global,0:58:08,@alvindharmasaputra4849,techniques gettint better tbh
Seoul,1,3,1MILLION,idl.global,0:58:08,@jam_bornel,Domain expansion
Seoul,1,3,1MILLION,idl.global,0:58:08,@DJJD17,let'sgooooo!!!!!!!
Seoul,1,3,1MILLION,idl.global,0:58:08,@jainnasereneo7597,1MIL DEF WINNIN THIS OML:loudly_crying_face::loudly_crying_face::loudly_crying_face:
Seoul,1,3,1MILLION,idl.global,0:58:12,@takeyyshi,"TAYO lamba loyal sa shopee, diwag letche"
Seoul,1,3,1MILLION,idl.global,0:58:13,@JonelBuenaventura-q9v,homecourt anvantage
Seoul,1,3,1MILLION,idl.global,0:58:13,@UwU-on8kq,JUDASSSS
Seoul,1,3,1MILLION,idl.global,0:58:14,@JFilmCreates,1M FOR THE WINNN?
Seoul,1,3,1MILLION,idl.global,0:58:14,@YexelOmbajen,Grabeeee 1m
Seoul,1,3,1MILLION,idl.global,0:58:14,@jeio7737,if this was against bh 1m would win lol
Seoul,1,3,1MILLION,idl.global,0:58:15,@ahmadfadhil7431,I THINK THEYR HAVE BESST SCORE TONIGHT ROUND 11
Seoul,1,3,1MILLION,idl.global,0:58:15,@j.c0b-t7u,JAMM
Seoul,1,3,1MILLION,idl.global,0:58:16,@Smithanonymous,Go 1M!!
Seoul,1,3,1MILLION,idl.global,0:58:17,@josephswain6887,PERIODT.
Seoul,1,3,1MILLION,idl.global,0:58:17,@jeanie5711,cleam
Seoul,1,3,1MILLION,idl.global,0:58:18,@ryanjayconcepcion2882,ANG GANDAA
Seoul,1,3,1MILLION,idl.global,0:58:20,@kunsyaman,AGOY GRABE KA SHEIN
Seoul,1,3,1MILLION,idl.global,0:58:23,@UwU-on8kq,SO CUTE
Seoul,1,3,1MILLION,idl.global,0:58:24,@christiankyleescoto2160,SHOPPEE SHOPPEE SHOPPEE
Seoul,1,3,1MILLION,idl.global,0:58:24,@whotfsbob,HOLY FUCKNG JJK HAHAHAHA
Seoul,1,3,1MILLION,idl.global,0:58:24,@HoshiOkiro,1M FOR A CLEAN SWEEP
Seoul,1,3,1MILLION,idl.global,0:58:27,@juliahageler3837,SHERE IS MY GIRL HARIMU
Seoul,1,3,1MILLION,idl.global,0:58:29,@wavetoearth.02,WAIT I ACTUALLY LOVEEEE
Seoul,1,3,1MILLION,idl.global,0:58:29,@takeyyshi,guys they're so giving its giving demire
Seoul,1,3,1MILLION,idl.global,0:58:29,@heinzfel,YESS
Seoul,1,3,1MILLION,idl.global,0:58:31,@francisjosephsola,GALING 1M!
Seoul,1,3,1MILLION,idl.global,0:58:31,@russellmagat3576,yeesss 1mil
Seoul,1,3,1MILLION,idl.global,0:58:31,@jam_bornel,DOMAIN EXPANSION
Seoul,1,3,1MILLION,idl.global,0:58:33,@yoopsie,GG JR WON
Seoul,1,3,1MILLION,idl.global,0:58:33,@miguelpondevida9238,CLEAN AFFFFFF
Seoul,1,3,1MILLION,idl.global,0:58:34,@xshckwave,OMG CLEAN SWEEP NO NOTES
Seoul,1,3,1MILLION,idl.global,0:58:34,@applenewyorkg,힘이 쭉 빠지노..
Seoul,1,3,1MILLION,idl.global,0:58:34,@KeiSumiyoshi,JJKKKKKK
Seoul,1,3,1MILLION,idl.global,0:58:34,@dracosession3893,1M easily cleared everyone in round 1
Seoul,1,3,1MILLION,idl.global,0:58:35,@HoshiOkiro,1M FOR A CLEAN SWEEEP
Seoul,1,3,1MILLION,idl.global,0:58:35,@takeyyshi,demure kasi lala
Seoul,1,3,1MILLION,idl.global,0:58:35,@bpinkbit,IM OBSESSED
Seoul,1,3,1MILLION,idl.global,0:58:36,@hyunjinswife2248,easy win
Seoul,1,3,1MILLION,idl.global,0:58:36,@DJJD17,niceeee!
Seoul,1,3,1MILLION,idl.global,0:58:38,@kayceeb7199,THEY GOT THIS OMGGG
Seoul,1,3,JAM REPUBLIC,idl.global,0:59:42,@HoshiOkiro,BAWI JAMM
Seoul,1,3,JAM REPUBLIC,idl.global,0:59:42,@markilaset09,JR GALINGAN NYO KAHIT ISANG POINT
Seoul,1,3,JAM REPUBLIC,idl.global,0:59:42,@bpinkbit,lia kim is so motherrrr
Seoul,1,3,JAM REPUBLIC,idl.global,0:59:43,@takeyyshi,ayan na shopee na lala
Seoul,1,3,JAM REPUBLIC,idl.global,0:59:43,@hectorthesheep,let’s see if jam can match
Seoul,1,3,JAM REPUBLIC,idl.global,0:59:43,@bzinthacut,jr go first next time
Seoul,1,3,JAM REPUBLIC,idl.global,0:59:43,@random-person23,1m goes do well with lady gaga
Seoul,1,3,JAM REPUBLIC,idl.global,0:59:43,@double_roses,BIASED CROWED THOUGH
Seoul,1,3,JAM REPUBLIC,idl.global,0:59:43,@BantsRey,BROTHERHOODDDDDD
Seoul,1,3,JAM REPUBLIC,idl.global,0:59:43,@lolly_chachaerrieme,DELIKADO ANG JAMMMM
Seoul,1,3,JAM REPUBLIC,idl.global,0:59:44,@PowerTheCrew,AMAZING
Seoul,1,3,JAM REPUBLIC,idl.global,0:59:44,@russellmagat3576,let see jam
Seoul,1,3,JAM REPUBLIC,idl.global,0:59:44,@mewomewow,JRSEA JRSEA JRSEA JRSEA :orange_heart::orange_heart::orange_heart:
Seoul,1,3,JAM REPUBLIC,idl.global,0:59:44,@axelteftutul4147,agenda
Seoul,1,3,JAM REPUBLIC,idl.global,0:59:44,@1애-h9i,1M:red_heart::red_heart::red_heart:
Seoul,1,3,JAM REPUBLIC,idl.global,0:59:45,@T818-s6d,JR LETS GOOOOOOOOOOO
Seoul,1,3,JAM REPUBLIC,idl.global,0:59:46,@alvindharmasaputra4849,JAM JAMMM
Seoul,1,3,JAM REPUBLIC,idl.global,0:59:46,@ria8975,YURRRR LETSSS G :orange_heart::orange_heart:
Seoul,1,3,JAM REPUBLIC,idl.global,0:59:46,@carlodeguzman7027,Wipe
Seoul,1,3,JAM REPUBLIC,idl.global,0:59:46,@baoncv,THAT WAS HOLY
Seoul,1,3,JAM REPUBLIC,idl.global,0:59:46,@mariselasutton957,1 MILLION HAD A GORGEOUS PERFORMANCE
Seoul,1,3,JAM REPUBLIC,idl.global,0:59:46,@paulogoedendorp6620,1m gonna win thisss
Seoul,1,3,JAM REPUBLIC,idl.global,0:59:47,@oma1036,KAHIT ISA LANG JR SEA
Seoul,1,3,JAM REPUBLIC,idl.global,0:59:47,@AmeryAlegado,"IF THEY DON'T WIN, THEN IDK WHAT THEY'RE THINKING"
Seoul,1,3,JAM REPUBLIC,idl.global,0:59:48,@JFilmCreates,SURPRISE US JAMMM
Seoul,1,3,JAM REPUBLIC,idl.global,0:59:48,@jellyjeon1413,go mavyyyy
Seoul,1,3,JAM REPUBLIC,idl.global,0:59:48,@seanzee-zc1pe,MOTHER IS MOTHERING LIA KIM
Seoul,1,3,JAM REPUBLIC,idl.global,0:59:49,@luclucille,BEST OF ALL
Seoul,1,3,JAM REPUBLIC,idl.global,0:59:49,@abisnothere,1 MILLION ATEEE
Seoul,1,3,JAM REPUBLIC,idl.global,0:59:50,@ria8975,:orange_heart::orange_heart::orange_heart::orange_heart:
Seoul,1,3,JAM REPUBLIC,idl.global,0:59:50,@HoshiOkiro,BAWI JAM REPUBBB
Seoul,1,3,JAM REPUBLIC,idl.global,0:59:50,@kayceeb7199,Jr pls do better
Seoul,1,3,JAM REPUBLIC,idl.global,0:59:50,@Ckshwhsh,1m
Seoul,1,3,JAM REPUBLIC,idl.global,0:59:51,@kunsyaman,the best set in seoul so far lol
Seoul,1,3,JAM REPUBLIC,idl.global,0:59:51,@akaili1088,CRAZYYYYYYYYYYYYYYYYYYYYYU
Seoul,1,3,JAM REPUBLIC,idl.global,0:59:51,@j.c0b-t7u,LETS GO
Seoul,1,3,JAM REPUBLIC,idl.global,0:59:52,@TheMonarchPirates,THEY COOKED WTHHH
Seoul,1,3,JAM REPUBLIC,idl.global,0:59:52,@ammszz5939,LIA KIM MY GOAT
Seoul,1,3,JAM REPUBLIC,idl.global,0:59:52,@czyrinetorres6887,they love gaga
Seoul,1,3,JAM REPUBLIC,idl.global,0:59:52,@double_roses,PROLLY WORST SERIES
Seoul,1,3,JAM REPUBLIC,idl.global,0:59:52,@takeyyshi,me lamba loyal sa shopee
Seoul,1,3,JAM REPUBLIC,idl.global,0:59:54,@christiankyleescoto2160,SHOPEE LETS GO SHOPEE
Seoul,1,3,JAM REPUBLIC,idl.global,0:59:55,@some_stupid_banana,LETS GO JAM REPUBLICCCCCC
Seoul,1,3,JAM REPUBLIC,idl.global,0:59:55,@christine_cordova,that was fire 1m!!!
Seoul,1,3,JAM REPUBLIC,idl.global,0:59:57,@ria8975,COMEEE ONNN :orange_heart::orange_heart::orange_heart:
Seoul,1,3,JAM REPUBLIC,idl.global,0:59:58,@anyazamora9614,LABASAN NA MGA PINOYYYY:orange_heart::orange_heart::orange_heart:
Seoul,1,3,JAM REPUBLIC,idl.global,0:59:58,@UwU-on8kq,1 MILLIONNN
Seoul,1,3,JAM REPUBLIC,idl.global,0:59:58,@kunsyaman,OKAY TEAM SHOPEE LETS GO
Seoul,1,3,JAM REPUBLIC,idl.global,0:59:59,@harrybui1264,JR better picks a good song
Seoul,1,3,JAM REPUBLIC,idl.global,0:59:59,@TongkanKawayan,brotherhood:fire::fire:brotherhoodbrotherhood:fire::fire:brotherhood
Seoul,1,3,JAM REPUBLIC,idl.global,0:59:59,@AiresRoxas,"no matter how much you guys will hate 1M, they're really killing it everytime."
Seoul,1,3,JAM REPUBLIC,idl.global,1:00:00,@Alina_stgt0711,1M easy win
Seoul,1,3,JAM REPUBLIC,idl.global,1:00:02,@noriiiibeeddoo,pls pls pls lets go jrsea
Seoul,1,3,JAM REPUBLIC,idl.global,1:00:03,@PriyobartaSorenshangbam,South Korea crowd is always so biased we can see that during World of street women fighter
Seoul,1,3,JAM REPUBLIC,idl.global,1:00:04,@okp1763,OKAAYYY
Seoul,1,3,JAM REPUBLIC,idl.global,1:00:04,@AKAGum00,ohh....
Seoul,1,3,JAM REPUBLIC,idl.global,1:00:05,@heinzfel,lagot jam tangina gumamit sila ng lady gaga song oh
Seoul,1,3,JAM REPUBLIC,idl.global,1:00:06,@axelteftutul4147,they brought agenda
Seoul,1,3,JAM REPUBLIC,idl.global,1:00:06,@takeyyshi,Shii
Seoul,1,3,JAM REPUBLIC,idl.global,1:00:06,@trusolievatruther,same song w brhd ooo
Seoul,1,3,JAM REPUBLIC,idl.global,1:00:06,@double_roses,LOVED 1M
Seoul,1,3,JAM REPUBLIC,idl.global,1:00:07,@shanna9821,Nooooo
Seoul,1,3,JAM REPUBLIC,idl.global,1:00:07,@ReVeLy-ez3qt,AGAIN????
Seoul,1,3,JAM REPUBLIC,idl.global,1:00:07,@kunsyaman,LETS GO TEAM SHOPEE
Seoul,1,3,JAM REPUBLIC,idl.global,1:00:07,@marlonruiz3486,um what
Seoul,1,3,JAM REPUBLIC,idl.global,1:00:07,@JulianLadlad-q1h,WHAT
Seoul,1,3,JAM REPUBLIC,idl.global,1:00:08,@parkjihou,SHOPPEE TAYO SHOPPEE GUYS TEAM PILIPINS :orange_heart::orange_heart::orange_heart::orange_heart::orange_heart::orange_heart::orange_heart::orange_heart::orange_heart::orange_heart::orange_heart::orange_heart::orange_heart::orange_heart::orange_heart:
Seoul,1,3,JAM REPUBLIC,idl.global,1:00:08,@tobioweb5500,omg same song choice as brhd
Seoul,1,3,JAM REPUBLIC,idl.global,1:00:09,@jeanie5711,same somg
Seoul,1,3,JAM REPUBLIC,idl.global,1:00:09,@jamesbidam8887,same
Seoul,1,3,JAM REPUBLIC,idl.global,1:00:09,@JFilmCreates,SURPRISE ME JRSEA
Seoul,1,3,JAM REPUBLIC,idl.global,1:00:09,@maddymilano,DUDE THE SONG CHOICE LET THIS GO
Seoul,1,3,JAM REPUBLIC,idl.global,1:00:10,@kzeeexc_3575,shesssh
Seoul,1,3,JAM REPUBLIC,idl.global,1:00:10,@double_roses,JR SEAAAAAAAAA
Seoul,1,3,JAM REPUBLIC,idl.global,1:00:10,@loraileys,SHIT I AN SCATED
Seoul,1,3,JAM REPUBLIC,idl.global,1:00:12,@hemisexual,LOLLLLLL NO WAYYY
Seoul,1,3,JAM REPUBLIC,idl.global,1:00:12,@Ckshwhsh,1mmm
Seoul,1,3,JAM REPUBLIC,idl.global,1:00:13,@rubysayer3025,Ooooooofffff SHITTT
Seoul,1,3,JAM REPUBLIC,idl.global,1:00:13,@bpinkbit,??? same song?
Seoul,1,3,JAM REPUBLIC,idl.global,1:00:13,@ReVeLy-ez3qt,SAME SONG WITH BHD AND RF
Seoul,1,3,JAM REPUBLIC,idl.global,1:00:15,@enashinoo,HELPPP SAME SONG
Seoul,1,3,JAM REPUBLIC,idl.global,1:00:15,@kttryx,bruhh
Seoul,1,3,JAM REPUBLIC,idl.global,1:00:17,@nishimurr0,dang they're both gonna be good
Seoul,1,3,JAM REPUBLIC,idl.global,1:00:17,@AdityaSagar-vm9ez,omg its so good
Seoul,1,3,JAM REPUBLIC,idl.global,1:00:18,@lare_berry,LETS GAURRRR JAMMM
Seoul,1,3,JAM REPUBLIC,idl.global,1:00:19,@lettuce_sphere,camera angle is so badd
Seoul,1,3,JAM REPUBLIC,idl.global,1:00:19,@crispy5104,again??????
Seoul,1,3,JAM REPUBLIC,idl.global,1:00:19,@leocosmos5444,wala 1m toh
Seoul,1,3,JAM REPUBLIC,idl.global,1:00:19,@alvindharmasaputra4849,OHHHHH JR ATE
Seoul,1,3,JAM REPUBLIC,idl.global,1:00:19,@kzeeexc_3575,jrseaa nato
Seoul,1,3,JAM REPUBLIC,idl.global,1:00:19,@enashinoo,LMFAOAOAO
Seoul,1,3,JAM REPUBLIC,idl.global,1:00:20,@HoshiOkiro,STRONG START
Seoul,1,3,JAM REPUBLIC,idl.global,1:00:20,@mariselasutton957,WHERES THE ENERGEY
Seoul,1,3,JAM REPUBLIC,idl.global,1:00:21,@adrianpaulyadao6190,three family ties??!
Seoul,1,3,JAM REPUBLIC,idl.global,1:00:21,@allisonkim8623,no wayy
Seoul,1,3,JAM REPUBLIC,idl.global,1:00:21,@trusolievatruther,what song is this
Seoul,1,3,JAM REPUBLIC,idl.global,1:00:21,@Helyum3,SAME SONG
Seoul,1,3,JAM REPUBLIC,idl.global,1:00:22,@akaili1088,1MILLION WAS SO CRAZYYYYYYYYU
Seoul,1,3,JAM REPUBLIC,idl.global,1:00:22,@Baylif_au,SAME SONG??!??
Seoul,1,3,JAM REPUBLIC,idl.global,1:00:22,@luclucille,CROWD??
Seoul,1,3,JAM REPUBLIC,idl.global,1:00:23,@mariselasutton957,WHERES THE ENERGY JAM
Seoul,1,3,JAM REPUBLIC,idl.global,1:00:24,@heinzfel,DI ON BEAT
Seoul,1,3,JAM REPUBLIC,idl.global,1:00:25,@LEEKAH8,"Not gonna lie, im sick of this song!"
Seoul,1,3,JAM REPUBLIC,idl.global,1:00:25,@hyunjinswife2248,kalat agad
Seoul,1,3,JAM REPUBLIC,idl.global,1:00:26,@ashwoned,AGAIN?
Seoul,1,3,JAM REPUBLIC,idl.global,1:00:28,@hroyhn,same song??
Seoul,1,3,JAM REPUBLIC,idl.global,1:00:28,@sinnombre2r345,"boring, another hiphop dance"
Seoul,1,3,JAM REPUBLIC,idl.global,1:00:29,@jeewonkim0111,3 yimrd on yhid
Seoul,1,3,JAM REPUBLIC,idl.global,1:00:29,@trusolievatruther,ATEEEEE
Seoul,1,3,JAM REPUBLIC,idl.global,1:00:29,@kunsyaman,TATLONG KENDI
Seoul,1,3,JAM REPUBLIC,idl.global,1:00:30,@yowzzz05,JR SEA LES GOOOO SHOW THEM HOW SEA GET DOWNNNN
Seoul,1,3,JAM REPUBLIC,idl.global,1:00:30,@---wy8zq,LOLL BIRD
Seoul,1,3,JAM REPUBLIC,idl.global,1:00:30,@okp1763,KINDA LAXKING
Seoul,1,3,JAM REPUBLIC,idl.global,1:00:30,@helmihisham9682,SMe song
Seoul,1,3,JAM REPUBLIC,idl.global,1:00:30,@l0ve.f4iry,OUU SHI
Seoul,1,3,JAM REPUBLIC,idl.global,1:00:30,@enashinoo,VOTE FOR JAMM
Seoul,1,3,JAM REPUBLIC,idl.global,1:00:31,@lanzesperanza1073,jungwon pants
Seoul,1,3,JAM REPUBLIC,idl.global,1:00:31,@harrybui1264,Nah JR lost
Seoul,1,3,JAM REPUBLIC,idl.global,1:00:31,@jjjjjjjoshu,AAAAYYYYYYYYYY
Seoul,1,3,JAM REPUBLIC,idl.global,1:00:31,@ifskate420,SONG
Seoul,1,3,JAM REPUBLIC,idl.global,1:00:31,@LeonisHD,Come on Miyabi let's gooooo!!!
Seoul,1,3,JAM REPUBLIC,idl.global,1:00:31,@vhs_dreams_yt,same as brotherhood
Seoul,1,3,JAM REPUBLIC,idl.global,1:00:33,@itsjaypee13,copyright issued
Seoul,1,3,JAM REPUBLIC,idl.global,1:00:34,@arabelabryallenr,HECK YEAAAA
Seoul,1,3,JAM REPUBLIC,idl.global,1:00:34,@baoncv,one million won i’m sorry
Seoul,1,3,JAM REPUBLIC,idl.global,1:00:35,@stooopeeed,again CLEAN BUT WEAK
Seoul,1,3,JAM REPUBLIC,idl.global,1:00:36,@NoahEvangelista-123,WOAAAAAH
Seoul,1,3,JAM REPUBLIC,idl.global,1:00:36,@Akio-w1o7l,LETS GO JAM!!!!
Seoul,1,3,JAM REPUBLIC,idl.global,1:00:36,@kunsyaman,TAASAN NYO ENERGY YO
Seoul,1,3,JAM REPUBLIC,idl.global,1:00:36,@czyrinetorres6887,same sonh
Seoul,1,3,JAM REPUBLIC,idl.global,1:00:36,@AKAGum00,OKAY JR GET IT???
Seoul,1,3,JAM REPUBLIC,idl.global,1:00:37,@UwU-on8kq,LAG
Seoul,1,3,JAM REPUBLIC,idl.global,1:00:37,@iCUPD,Omg this damn song lmao
Seoul,1,3,JAM REPUBLIC,idl.global,1:00:37,@ohhtris,FIRE
Seoul,1,3,JAM REPUBLIC,idl.global,1:00:37,@miguelpondevida9238,1M >>>>>>
Seoul,1,3,JAM REPUBLIC,idl.global,1:00:38,@adrianpaulyadao6190,one m
Seoul,1,3,JAM REPUBLIC,idl.global,1:00:38,@ninojamessuson2553,CROWD WAS NOT HAVING ITTT
Seoul,1,3,JAM REPUBLIC,idl.global,1:00:38,@notkat_vlogs,this too basic
Seoul,1,3,JAM REPUBLIC,idl.global,1:00:38,@loraileys,YEAH 1MIL TAKIN IT
Seoul,1,3,JAM REPUBLIC,idl.global,1:00:41,@oacity,1 million sweep for sure
Seoul,1,3,JAM REPUBLIC,idl.global,1:00:41,@heinzfel,P8UTANGINA MAGLLIVE KAYO PERO MAY ADS
Seoul,1,3,JAM REPUBLIC,idl.global,1:00:41,@nazzylove_bunny1,Kinda lacking
Seoul,1,3,JAM REPUBLIC,idl.global,1:00:41,@MotivatedPotatoKnish,@lanzesperanza1073 YESS
Seoul,1,3,JAM REPUBLIC,idl.global,1:00:42,@ayen_cat04,IT'S ALREADY HARD TO VOTE ON THIS MATCH UP
Seoul,1,3,JAM REPUBLIC,idl.global,1:00:42,@leviaiki9168,it’s okay
Seoul,1,3,JAM REPUBLIC,idl.global,1:00:43,@AKAGum00,BITRATE
Seoul,1,3,JAM REPUBLIC,idl.global,1:00:43,@itsjaypee13,COPYRIGHT ISSUE
Seoul,1,3,JAM REPUBLIC,idl.global,1:00:43,@pieceofdoe,HOLLLYYYYY BOTTTHHHH FIREEEE
Seoul,1,3,JAM REPUBLIC,idl.global,1:00:44,@stupidlynene5633,NAHH
Seoul,1,3,JAM REPUBLIC,idl.global,1:00:45,@trusolievatruther,JR SEA SO GOOOODDD
Seoul,1,3,JAM REPUBLIC,idl.global,1:00:47,@Lucian7377,It’s lagging
Seoul,1,3,JAM REPUBLIC,idl.global,1:00:47,@MJH977,IT LAGGING
Seoul,1,3,JAM REPUBLIC,idl.global,1:00:47,@taemo_baho,WHAT????
Seoul,1,3,JAM REPUBLIC,idl.global,1:00:47,@fabiennedevries2259,its lagging noo
Seoul,1,3,JAM REPUBLIC,idl.global,1:00:48,@SBH-25,Laggg
Seoul,1,3,JAM REPUBLIC,idl.global,1:00:49,@blackpinkstan101,Why tf is it lagging
Seoul,1,3,JAM REPUBLIC,idl.global,1:00:50,@kunsyaman,GAGA HAHAHAHAHAH
Seoul,1,3,JAM REPUBLIC,idl.global,1:00:50,@tobioweb5500,better mix than brhd tbf :loudly_crying_face:
Seoul,1,3,JAM REPUBLIC,idl.global,1:00:51,@hroyhn,lagg
Seoul,1,3,JAM REPUBLIC,idl.global,1:00:51,@JceeB,KALA KO AKO LANG
Seoul,1,3,JAM REPUBLIC,idl.global,1:00:51,@lare_berry,NOOOO
Seoul,1,3,JAM REPUBLIC,idl.global,1:00:51,@luminous3826,LAAAAAG
Seoul,1,3,JAM REPUBLIC,idl.global,1:00:51,@Alina_stgt0711,Lagggg
Seoul,1,3,JAM REPUBLIC,idl.global,1:00:51,@GeraldLaboy,THHHH
Seoul,1,3,JAM REPUBLIC,idl.global,1:00:51,@SeanEzra-zv2vf,LAGGGGGG GAGOOOOOOO
Seoul,1,3,JAM REPUBLIC,idl.global,1:00:51,@akaili1088,1MILLION WAS SO CRAZY
Seoul,1,3,JAM REPUBLIC,idl.global,1:00:51,@lykosine,LAGGGG
Seoul,1,3,JAM REPUBLIC,idl.global,1:00:51,@UwU-on8kq,THE LAG BRO
Seoul,1,3,JAM REPUBLIC,idl.global,1:00:51,@MJH977,BRUH WTF
Seoul,1,3,JAM REPUBLIC,idl.global,1:00:52,@albedo428,LAGGGİNNNGGGG
Seoul,1,3,JAM REPUBLIC,idl.global,1:00:52,@TongkanKawayan,LAGGING
Seoul,1,3,JAM REPUBLIC,idl.global,1:00:52,@scottsellote7510,LAGGGGG
Seoul,1,3,JAM REPUBLIC,idl.global,1:00:52,@yooliyoo,bruh
Seoul,1,3,JAM REPUBLIC,idl.global,1:00:52,@LucasPasig,NAH RIGGED
Seoul,1,3,JAM REPUBLIC,idl.global,1:00:52,@kylebandiola,lagggggg
Seoul,1,3,JAM REPUBLIC,idl.global,1:00:52,@johnvanabad5237,bruhhhh
Seoul,1,3,JAM REPUBLIC,idl.global,1:00:53,@maddymilano,did it restart for yall???
Seoul,1,3,JAM REPUBLIC,idl.global,1:00:53,@walalang2025,hoy!
Seoul,1,3,JAM REPUBLIC,idl.global,1:00:53,@marielsamson6087,pota
Seoul,1,3,JAM REPUBLIC,idl.global,1:00:53,@Lucian7377,RIGGEDD
Seoul,1,3,JAM REPUBLIC,idl.global,1:00:53,@Rhinnoeee,wfff
Seoul,1,3,JAM REPUBLIC,idl.global,1:00:53,@swiftie_33,ITS SO GOODDD
Seoul,1,3,JAM REPUBLIC,idl.global,1:00:53,@markb4055,Sabotage hahaha
Seoul,1,3,JAM REPUBLIC,idl.global,1:00:53,@justinequibod8,SO ;LAGGGGGGGGGG
Seoul,1,3,JAM REPUBLIC,idl.global,1:00:53,@nazzylove_bunny1,Frick floaty
Seoul,1,3,JAM REPUBLIC,idl.global,1:00:54,@melchiBolivar-c5p,yawalaggg
Seoul,1,3,JAM REPUBLIC,idl.global,1:00:54,@Nyx_ze67,ANG LAG SHUTA
Seoul,1,3,JAM REPUBLIC,idl.global,1:00:54,@ronaldbernadas,sabotage hahhaha
Seoul,1,3,JAM REPUBLIC,idl.global,1:00:54,@iyelll_r,LAGGG
Seoul,1,3,JAM REPUBLIC,idl.global,1:00:54,@jhanbro,LAG AMP
Seoul,1,3,JAM REPUBLIC,idl.global,1:00:54,@clairejcc,lag
Seoul,1,3,JAM REPUBLIC,idl.global,1:00:54,@sinnombre2r345,laggg
Seoul,1,3,JAM REPUBLIC,idl.global,1:00:55,@jasmijn0137,why am I lagging
Seoul,1,3,JAM REPUBLIC,idl.global,1:00:55,@athy389,so it's not just me loading
Seoul,1,3,JAM REPUBLIC,idl.global,1:00:55,@yumanishikawa,seoul having the worst production out of the all series
Seoul,1,3,JAM REPUBLIC,idl.global,1:00:56,@AnnalisaNgo-h8x,Lagging
Seoul,1,3,JAM REPUBLIC,idl.global,1:00:56,@ZARGZZ,LAGGGGGGG
Seoul,1,3,JAM REPUBLIC,idl.global,1:00:57,@LiaHamidi-pi8ec,Why is it lagging
Seoul,1,3,JAM REPUBLIC,idl.global,1:00:57,@Maggie_Yang,noooo hahaa
Seoul,1,3,JAM REPUBLIC,idl.global,1:00:57,@thee_soleichanel,bro please
Seoul,1,3,JAM REPUBLIC,idl.global,1:00:57,@j.feelinright,NATIGIL AHAHHAH
Seoul,1,3,JAM REPUBLIC,idl.global,1:00:58,@lovie7347,brooooo this is unfair
Seoul,1,3,JAM REPUBLIC,idl.global,1:00:58,@gabbykristine5461,even the stream couldnt handle the same song for the third time LAWLL
Seoul,1,3,JAM REPUBLIC,idl.global,1:00:58,@trusolievatruther,HAHAAHAHAHAHAHA OKAY I LIKE THIS
Seoul,1,3,JAM REPUBLIC,idl.global,1:00:58,@enashinoo,IMMLAGIGNG
Seoul,1,3,JAM REPUBLIC,idl.global,1:00:58,@hyunjinswife2248,lag hahahaha
Seoul,1,3,JAM REPUBLIC,idl.global,1:00:59,@christiankyleescoto2160,lag during jr is so
Seoul,1,3,JAM REPUBLIC,idl.global,1:00:59,@fortunekatt,jesus an ad and then lagging
Seoul,1,3,JAM REPUBLIC,idl.global,1:00:59,@74D3N,THE LAGGG
Seoul,1,3,JAM REPUBLIC,idl.global,1:01:00,@patriciadesquitado871,LAG.
Seoul,1,3,JAM REPUBLIC,idl.global,1:01:00,@okp1763,WHO THAT
Seoul,1,3,JAM REPUBLIC,idl.global,1:01:01,@ade_lelele,HOLY LAG BRO
Seoul,1,3,JAM REPUBLIC,idl.global,1:01:01,@loraileys,NOOO LAFGGG
Seoul,1,3,JAM REPUBLIC,idl.global,1:01:01,@adrianpaulyadao6190,wth lmao
Seoul,1,3,JAM REPUBLIC,idl.global,1:01:01,@Felix21xv,Lol the shirt
Seoul,1,3,JAM REPUBLIC,idl.global,1:01:01,@jvngw0nics,Not the lag omg
Seoul,1,3,JAM REPUBLIC,idl.global,1:01:01,@renzianlozada2787,ANG LAG SHIBAL
Seoul,1,3,JAM REPUBLIC,idl.global,1:01:02,@leviaiki9168,is this sabotage
Seoul,1,3,JAM REPUBLIC,idl.global,1:01:02,@kzeeexc_3575,same routine
Seoul,1,3,JAM REPUBLIC,idl.global,1:01:02,@angelpaunga1023,why did it ende
Seoul,1,3,JAM REPUBLIC,idl.global,1:01:02,@neorrii,MADUGA NAG LALAAGGGGGGGGGGGGGGGGG :cross_mark::cross_mark::cross_mark::cross_mark::cross_mark:
Seoul,1,3,JAM REPUBLIC,idl.global,1:01:03,@alvindharmasaputra4849,NO SEPUL THATS NOT GOOD
Seoul,1,3,JAM REPUBLIC,idl.global,1:01:03,@lanzesperanza1073,wew
Seoul,1,3,JAM REPUBLIC,idl.global,1:01:03,@primordial3,"I thought it was my internet, wth haha"
Seoul,1,3,JAM REPUBLIC,idl.global,1:01:03,@richelleelectrajackson6038,lag cuy
Seoul,1,3,JAM REPUBLIC,idl.global,1:01:03,@kttryx,what is that
Seoul,1,3,JAM REPUBLIC,idl.global,1:01:05,@WanguiBono,Is it lagging for yall
Seoul,1,3,JAM REPUBLIC,idl.global,1:01:06,@LEEKAH8,Im voting for JR due to the lag lolol
Seoul,1,3,JAM REPUBLIC,idl.global,1:01:06,@minhfapsuw,WTF
Seoul,1,3,JAM REPUBLIC,idl.global,1:01:07,@JordanMiranda-v2q,Copying brotherhood
Seoul,1,3,JAM REPUBLIC,idl.global,1:01:07,@jc-zc3pb,HOI LAG
Seoul,1,3,JAM REPUBLIC,idl.global,1:01:07,@scottsellote7510,LAGGG BHSYT
Seoul,1,3,JAM REPUBLIC,idl.global,1:01:07,@ReVeLy-ez3qt,why is it lagging god
Seoul,1,3,JAM REPUBLIC,idl.global,1:01:07,@KurtczackToledo,laroooo
Seoul,1,3,JAM REPUBLIC,idl.global,1:01:08,@UwU-on8kq,THE MASK???
Seoul,1,3,JAM REPUBLIC,idl.global,1:01:08,@shenayafernando-u4k,BRO IM LAGGIN SO BAD RNNN
Seoul,1,3,JAM REPUBLIC,idl.global,1:01:08,@yowzzz05,WHOS FACE IS THATT
Seoul,1,3,JAM REPUBLIC,idl.global,1:01:10,@natty._won,oooh
Seoul,1,3,JAM REPUBLIC,idl.global,1:01:10,@tobioweb5500,LMFAOOOO
Seoul,1,3,JAM REPUBLIC,idl.global,1:01:10,@khyuma-s1d,pinalag sa jr sea
Seoul,1,3,JAM REPUBLIC,idl.global,1:01:11,@walalang2025,CONVERGE HA HAHA
Seoul,1,3,JAM REPUBLIC,idl.global,1:01:11,@akaili1088,1MILLION WAS SO CRAZY I STILLL CANT
Seoul,1,3,JAM REPUBLIC,idl.global,1:01:11,@anyazamora9614,JONAHHH !!
Seoul,1,3,JAM REPUBLIC,idl.global,1:01:15,@harrybui1264,Dang that was messy :loudly_crying_face:
Seoul,1,3,JAM REPUBLIC,idl.global,1:01:15,@bzinthacut,what is fhat
Seoul,1,3,JAM REPUBLIC,idl.global,1:01:16,@MJH977,I THOUGHT IT WAS MY WIFI
Seoul,1,3,JAM REPUBLIC,idl.global,1:01:16,@luzz.._auwenn,JR SEAA....
Seoul,1,3,JAM REPUBLIC,idl.global,1:01:17,@khyuma-s1d,kinginaniyo
Seoul,1,3,JAM REPUBLIC,idl.global,1:01:21,@leviaiki9168,SABOTAGE LMAO
Seoul,1,3,JAM REPUBLIC,idl.global,1:01:21,@allisonkim8623,no way j aki
Seoul,1,3,JAM REPUBLIC,idl.global,1:01:21,@heinzfel,UY
Seoul,1,3,JAM REPUBLIC,idl.global,1:01:21,@JoannaM007,This is too funny:loudly_crying_face::loudly_crying_face::loudly_crying_face:
Seoul,1,3,JAM REPUBLIC,idl.global,1:01:22,@okp1763,WOWOAOAOAOAOWOWOW
Seoul,1,3,JAM REPUBLIC,idl.global,1:01:22,@Cyrus920,they lost
Seoul,1,3,JAM REPUBLIC,idl.global,1:01:22,@hroyhn,gaga??
Seoul,1,3,JAM REPUBLIC,idl.global,1:01:22,@UwU-on8kq,POKER Fce
Seoul,1,3,JAM REPUBLIC,idl.global,1:01:22,@jemsbiii,sabotage yarn?
Seoul,1,3,JAM REPUBLIC,idl.global,1:01:22,@trusolievatruther,HELLO THE LADY GAGA
Seoul,1,3,JAM REPUBLIC,idl.global,1:01:25,@fatimabang,ehy is it lagging
Seoul,1,3,JAM REPUBLIC,idl.global,1:01:25,@scottsellote7510,OMG YESSSSSS
Seoul,1,3,JAM REPUBLIC,idl.global,1:01:26,@vahnyk,LADY GAGGAAA
Seoul,1,3,JAM REPUBLIC,idl.global,1:01:26,@---wy8zq,POKER FACE
Seoul,1,3,JAM REPUBLIC,idl.global,1:01:26,@nishimurr0,lady gaga too
Seoul,1,3,JAM REPUBLIC,idl.global,1:01:26,@akaili1088,1MILLION SUPER BROOOOOOOOOO
Seoul,1,3,JAM REPUBLIC,idl.global,1:01:26,@heinzfel,LADY GAGA ULIT
Seoul,1,3,JAM REPUBLIC,idl.global,1:01:30,@kizuumi0420,WHOA WHAT
Seoul,1,3,JAM REPUBLIC,idl.global,1:01:31,@helmihisham9682,Lady gagaggaa
Seoul,1,3,JAM REPUBLIC,idl.global,1:01:31,@luclucille,REMIX?????
Seoul,1,3,JAM REPUBLIC,idl.global,1:01:31,@jesshiachristhiaguardafavo6987,UNG MASK HAHAHHASHAHSHAH
Seoul,1,3,JAM REPUBLIC,idl.global,1:01:31,@enashinoo,WHATTHEHELLY
Seoul,1,3,JAM REPUBLIC,idl.global,1:01:32,@tealcushion,GAGA AGAIN???
Seoul,1,3,JAM REPUBLIC,idl.global,1:01:32,@JFilmCreates,WHAHAHHAHAHA WHATS THAT FUCKING MASK WHAHAHHAHAHA
Seoul,1,3,JAM REPUBLIC,idl.global,1:01:32,@UwU-on8kq,GREAT PULL
Seoul,1,3,JAM REPUBLIC,idl.global,1:01:35,@ReVeLy-ez3qt,WHO WAS THATTTTT
Seoul,1,3,JAM REPUBLIC,idl.global,1:01:35,@loraileys,OHOOOO
Seoul,1,3,JAM REPUBLIC,idl.global,1:01:35,@meowskiing,nahhhhhhhhhhhhh
Seoul,1,3,JAM REPUBLIC,idl.global,1:01:35,@---wy8zq,SLAY
Seoul,1,3,JAM REPUBLIC,idl.global,1:01:35,@reignlawrenceantonio9101,jrSEAAAAAAA
Seoul,1,3,JAM REPUBLIC,idl.global,1:01:36,@enashinoo,LOOLLL
Seoul,1,3,JAM REPUBLIC,idl.global,1:01:37,@minhfapsuw,KR IS DOING THIS ON PURPOSE LOL
Seoul,1,3,JAM REPUBLIC,idl.global,1:01:37,@notkat_vlogs,nahhh this lowk badly choreographed
Seoul,1,3,JAM REPUBLIC,idl.global,1:01:40,@bea-ok3pl,GAGA BATTLE
Seoul,1,3,JAM REPUBLIC,idl.global,1:01:40,@eljhanzu,BROTHERHOOD ON TOP! BROTHERHOOD FOR THE WIN
Seoul,1,3,JAM REPUBLIC,idl.global,1:01:40,@bzinthacut,all this to lose
Seoul,1,3,JAM REPUBLIC,idl.global,1:01:41,@parkjihou,LARO GUYS GAGO
Seoul,1,3,JAM REPUBLIC,idl.global,1:01:41,@kizuumi0420,THE LADY GAGAGAGAGAGGAAAAAA
Seoul,1,3,JAM REPUBLIC,idl.global,1:01:41,@marksamulde,sabotage HAHAHAHAHA
Seoul,1,3,JAM REPUBLIC,idl.global,1:01:41,@Helyum3,HAHAHAHHAHAHA
Seoul,1,3,JAM REPUBLIC,idl.global,1:01:41,@soupuuuaaa,aki shade
Seoul,1,3,JAM REPUBLIC,idl.global,1:01:42,@ifskate420,GAGA
Seoul,1,3,JAM REPUBLIC,idl.global,1:01:42,@triyah1593,holy burnnnn
Seoul,1,3,JAM REPUBLIC,idl.global,1:01:45,@lolly_chachaerrieme,KAYA NIYO YAN SHOPPEE
Seoul,1,3,JAM REPUBLIC,idl.global,1:01:45,@UwU-on8kq,LAG HOLY
Seoul,1,3,JAM REPUBLIC,idl.global,1:01:45,@seanzee-zc1pe,why lag wtf
Seoul,1,3,JAM REPUBLIC,idl.global,1:01:46,@vahnyk,DISSS
Seoul,1,3,JAM REPUBLIC,idl.global,1:01:46,@thandeka1379,why was it lagging
Seoul,1,3,JAM REPUBLIC,idl.global,1:01:47,@huytran4140,Hep
Seoul,1,3,JAM REPUBLIC,idl.global,1:01:47,@TelicaS1llett,1 MILLIOOONNNN
Seoul,1,3,JAM REPUBLIC,idl.global,1:01:47,@JeCzar,bat puro sila lady gaga
Seoul,1,3,JAM REPUBLIC,idl.global,1:01:50,@trentlavsom3217,damn whos that girl
Seoul,1,3,JAM REPUBLIC,idl.global,1:01:50,@QoiiFshh,why the suddem lag?
Seoul,1,3,JAM REPUBLIC,idl.global,1:01:50,@khyuma-s1d,sabotage toh wala to guys kingina
Seoul,1,3,JAM REPUBLIC,idl.global,1:01:50,@hroyhn,holy lag
Seoul,1,3,JAM REPUBLIC,idl.global,1:01:50,@MJH977,Y'ALL MF KILLED MY HYPE BC OF THE LAG
Seoul,1,3,JAM REPUBLIC,idl.global,1:01:50,@taliabailey6015,DISSSS
Seoul,1,3,JAM REPUBLIC,idl.global,1:01:51,@hyunjinswife2248,EWAN KO SA INYO JRSEA
Seoul,1,3,JAM REPUBLIC,idl.global,1:01:51,@melissalin1713,MIYABI MY QUEEN
Seoul,1,3,JAM REPUBLIC,idl.global,1:01:51,@AKAGum00,WAIT
Seoul,1,3,JAM REPUBLIC,idl.global,1:01:51,@HoshiOkiro,LMAOO DAMNN
Seoul,1,3,JAM REPUBLIC,idl.global,1:01:51,@SeanEzra-zv2vf,LADY GAGAGAGGAGAAGGAGAGAGAGAGAGAGA
Seoul,1,3,JAM REPUBLIC,idl.global,1:01:51,@OreoSISTAHS,SOOHIEEE
Seoul,1,3,JAM REPUBLIC,idl.global,1:01:51,@Maggie_Yang,this is so not fairrr
Seoul,1,3,JAM REPUBLIC,idl.global,1:01:52,@oma1036,WTFF
Seoul,1,3,JAM REPUBLIC,idl.global,1:01:55,@christianjohn2257,taina nung prod
Seoul,1,3,JAM REPUBLIC,idl.global,1:01:55,@mariselasutton957,1MMMMMMM
Seoul,1,3,JAM REPUBLIC,idl.global,1:01:55,@evzz_offx,LAAAAAAAAAAAGGGGGGGGGGGGG
Seoul,1,3,JAM REPUBLIC,idl.global,1:01:55,@soupuuuaaa,POKER FACE?
Seoul,1,3,JAM REPUBLIC,idl.global,1:01:56,@lawrence5718,WTH IS THIS IDL SO LAG
Seoul,1,3,JAM REPUBLIC,idl.global,1:01:56,@OreoSISTAHS,SOPHIE
Seoul,1,3,JAM REPUBLIC,idl.global,1:01:56,@lovie7347,SABOTAGEEEEEE LMAO
Seoul,1,3,JAM REPUBLIC,idl.global,1:01:56,@allisonkim8623,why did voting start
Seoul,2,1,ROYAL FAMILY,idl.global,1:29:30,@ellieanagnostou7545,Go BROTHERHOOD
Seoul,2,1,ROYAL FAMILY,idl.global,1:29:30,@seanzee-zc1pe,ROYAL FAMILY LETSGO:crown::crown::crown::crown::crown::crown:
Seoul,2,1,ROYAL FAMILY,idl.global,1:29:31,@johnvanabad5237,IDC ABOUT BEONG CHAMPS RF PLEASE TKE 2ND PLACE OR CHAMPPP
Seoul,2,1,ROYAL FAMILY,idl.global,1:29:31,@æ-ditt,GO GRV:fire::fire::fire:GO GRV:fire::fire::fire:GO GRV:fire::fire::fire:GO GRV:fire::fire::fire:GO GRV:fire::fire::fire:GO GRV:fire::fire::fire:GO GRV:fire::fire::fire:GO GRV:fire::fire:
Seoul,2,1,ROYAL FAMILY,idl.global,1:29:31,@2susanRdmsrlacl,let's go :crown::crown::crown::crown::crown::crown::crown::crown::crown::crown::crown::crown::crown::crown::crown:
Seoul,2,1,ROYAL FAMILY,idl.global,1:29:33,@Bre.r.s,Let’s goooo royal
Seoul,2,1,ROYAL FAMILY,idl.global,1:29:36,@Jyxdae,:crown::crown::crown::crown::crown::crown::crown::crown::crown::crown::crown::crown::crown::crown::crown::crown::crown:
Seoul,2,1,ROYAL FAMILY,idl.global,1:29:36,@DJJD17,:crown::yellow_heart:CROWNS UP:yellow_heart::crown:
Seoul,2,1,ROYAL FAMILY,idl.global,1:29:36,@double_roses,Lesgoooo rfff
Seoul,2,1,ROYAL FAMILY,idl.global,1:29:36,@ReVeLy-ez3qt,some of the seats are empty
Seoul,2,1,ROYAL FAMILY,idl.global,1:29:37,@MikeChesterE.Capablanca,:crown:
Seoul,2,1,ROYAL FAMILY,idl.global,1:29:38,@MeltonLagrimas,SANA KAHIT 2ND NALANG RF :face_holding_back_tears:
Seoul,2,1,ROYAL FAMILY,idl.global,1:29:39,@DearAnnicka,BROTHERHOOD YUNG PANG TRENDING NAMAN!!!
Seoul,2,1,ROYAL FAMILY,idl.global,1:29:40,@kunsyaman,LESGO GRINDR VS MOVEIT VS SHEIN
Seoul,2,1,ROYAL FAMILY,idl.global,1:29:40,@itsvictor73,CROWNS UP! CROWNS UP! CROWNS UP!:crown::crown::crown::crown::crown::crown::crown::crown::crown::crown::crown::crown::crown::crown:
Seoul,2,1,ROYAL FAMILY,idl.global,1:29:41,@veronica-yw2vo,is brotherhood still beatable on overall?
Seoul,2,1,ROYAL FAMILY,idl.global,1:29:41,@hectorthesheep,im so scared
Seoul,2,1,ROYAL FAMILY,idl.global,1:29:42,@bellejeanarpilleda4465,I hope brotherhood's set will be strong
Seoul,2,1,ROYAL FAMILY,idl.global,1:29:43,@ronaldbernadas,sampalin si chiaseed
Seoul,2,1,ROYAL FAMILY,idl.global,1:29:44,@0range_bl0ss0m7,SUNTOKAN TAYO RIGHT NEOW
Seoul,2,1,ROYAL FAMILY,idl.global,1:29:46,@victxriah,same fits?
Seoul,2,1,ROYAL FAMILY,idl.global,1:29:46,@KurtczackToledo,WOWWWW
Seoul,2,1,ROYAL FAMILY,idl.global,1:29:48,@DJJD17,:crown::yellow_heart:Royal Family:yellow_heart::crown:
Seoul,2,1,ROYAL FAMILY,idl.global,1:29:49,@seowonschiaseed,ronaldbernadas pangat mo
Seoul,2,1,ROYAL FAMILY,idl.global,1:29:50,@maximocaramolIII,Its like seeing mom and dad having a fight
Seoul,2,1,ROYAL FAMILY,idl.global,1:29:51,@yofanboiii,:crown::crown::crown::crown::crown::crown::crown::crown:
Seoul,2,1,ROYAL FAMILY,idl.global,1:29:51,@westan1353,CROWNS UP!!!!
Seoul,2,1,ROYAL FAMILY,idl.global,1:29:53,@RubyCrystal-u1y,it would be nice to see 1 million lose in their home haha
Seoul,2,1,ROYAL FAMILY,idl.global,1:29:53,@yofanboiii,AAAAA
Seoul,2,1,ROYAL FAMILY,idl.global,1:29:55,@bellejeanarpilleda4465,manifesting brotherhood
Seoul,2,1,ROYAL FAMILY,idl.global,1:29:57,@DJJD17,Let's Go!!!
Seoul,2,1,ROYAL FAMILY,idl.global,1:29:58,@xen_mm,WAIT LNG PO
Seoul,2,1,ROYAL FAMILY,idl.global,1:29:58,@yofanboiii,:crown::crown::crown::crown:
Seoul,2,1,ROYAL FAMILY,idl.global,1:29:59,@j.c0b-t7u,CROWNS UP
Seoul,2,1,ROYAL FAMILY,idl.global,1:29:59,@CallMeNath-2,LETS GOOOO CROWNS UP!!!!
Seoul,2,1,ROYAL FAMILY,idl.global,1:30:01,@loraileys,BROTHERHOOD LETS DO A STRONG SET
Seoul,2,1,ROYAL FAMILY,idl.global,1:30:02,@seowonschiaseed,1MMM
Seoul,2,1,ROYAL FAMILY,idl.global,1:30:02,@UwU-on8kq,ouhhh shiii
Seoul,2,1,ROYAL FAMILY,idl.global,1:30:03,@hshszzi,smooth
Seoul,2,1,ROYAL FAMILY,idl.global,1:30:04,@christine_cordova,lezzgooi!
Seoul,2,1,ROYAL FAMILY,idl.global,1:30:07,@cenamoncenamobuns,HOLLYYY
Seoul,2,1,ROYAL FAMILY,idl.global,1:30:07,@loraileys,OH LORD
Seoul,2,1,ROYAL FAMILY,idl.global,1:30:11,@cenamoncenamobuns,Ouushii
Seoul,2,1,ROYAL FAMILY,idl.global,1:30:11,@yofanboiii,:crown::crown::crown::crown::crown::crown::crown:
Seoul,2,1,ROYAL FAMILY,idl.global,1:30:12,@seowonschiaseed,1MMMM
Seoul,2,1,ROYAL FAMILY,idl.global,1:30:14,@KurtczackToledo,OUUS HUIUUUUU
Seoul,2,1,ROYAL FAMILY,idl.global,1:30:14,@cesspacito,hello is brotherhood doen?
Seoul,2,1,ROYAL FAMILY,idl.global,1:30:16,@heinzfel,OOOOHH
Seoul,2,1,ROYAL FAMILY,idl.global,1:30:21,@popstannn,STAMINA VS STAMINA VS STAMINA
Seoul,2,1,ROYAL FAMILY,idl.global,1:30:22,@roslyn74,OMG LAG
Seoul,2,1,ROYAL FAMILY,idl.global,1:30:22,@heinzfel,no
Seoul,2,1,ROYAL FAMILY,idl.global,1:30:22,@cenamoncenamobuns,strong start
Seoul,2,1,ROYAL FAMILY,idl.global,1:30:26,@neorrii,LUH ADS
Seoul,2,1,ROYAL FAMILY,idl.global,1:30:28,@mikehawk8744,Left side kinda messy
Seoul,2,1,ROYAL FAMILY,idl.global,1:30:30,@loraileys,okkkk
Seoul,2,1,ROYAL FAMILY,idl.global,1:30:33,@ronaldbernadas,deadz ang crowd
Seoul,2,1,ROYAL FAMILY,idl.global,1:30:35,@seowonschiaseed,1MM
Seoul,2,1,ROYAL FAMILY,idl.global,1:30:38,@UwU-on8kq,no12 eating
Seoul,2,1,ROYAL FAMILY,idl.global,1:30:40,@seowonschiaseed,COME ONE ONEMILLION
Seoul,2,1,ROYAL FAMILY,idl.global,1:30:41,@JoseEnriqueCabusas-c7k3n,tado lag
Seoul,2,1,ROYAL FAMILY,idl.global,1:30:44,@hshszzi,ONE MILLION PANALO
Seoul,2,1,ROYAL FAMILY,idl.global,1:30:44,@mgkluvr19,brotherhood and 1million still have to perform again!!!!
Seoul,2,1,ROYAL FAMILY,idl.global,1:30:45,@DJJD17,omgggggggg
Seoul,2,1,ROYAL FAMILY,idl.global,1:30:46,@prashnaregmi5973,eldonnnnn
Seoul,2,1,ROYAL FAMILY,idl.global,1:30:49,@EllaThink,the crowd-
Seoul,2,1,ROYAL FAMILY,idl.global,1:30:50,@cenamoncenamobuns,what is this crowd bru
Seoul,2,1,ROYAL FAMILY,idl.global,1:30:50,@kunsyaman,OH SIMON
Seoul,2,1,ROYAL FAMILY,idl.global,1:30:51,@shawn_02,there are part where they dont dance as one
Seoul,2,1,ROYAL FAMILY,idl.global,1:30:53,@seowonschiaseed,the crowds in korean stay quiet out of respect
Seoul,2,1,ROYAL FAMILY,idl.global,1:30:53,@RubyCrystal-u1y,if it stop it's sus
Seoul,2,1,ROYAL FAMILY,idl.global,1:30:53,@0range_bl0ss0m7,GO 1M
Seoul,2,1,ROYAL FAMILY,idl.global,1:30:55,@Lucian7377,BURHH HAHAHAHAH
Seoul,2,1,ROYAL FAMILY,idl.global,1:30:56,@kunsyaman,MIYABIIIIIIII
Seoul,2,1,ROYAL FAMILY,idl.global,1:30:56,@lisamaknae5430,The crowd is so boring
Seoul,2,1,ROYAL FAMILY,idl.global,1:30:57,@PookieMoosie,rf keeps getting better istg :smiling_face_with_hearts::smiling_face_with_hearts::smiling_face_with_hearts:
Seoul,2,1,ROYAL FAMILY,idl.global,1:30:57,@0range_bl0ss0m7,wla na grv
Seoul,2,1,ROYAL FAMILY,idl.global,1:30:57,@MarkFortes-w5j5v,dadi eldon
Seoul,2,1,ROYAL FAMILY,idl.global,1:30:59,@rayrey0-1,Ngl what's with this RF??? FEELS SO DIFFERENT
Seoul,2,1,ROYAL FAMILY,idl.global,1:30:59,@ayela562,Running ads in the middle of a set? WTF
Seoul,2,1,ROYAL FAMILY,idl.global,1:31:01,@UwU-on8kq,ouhhhh
Seoul,2,1,ROYAL FAMILY,idl.global,1:31:06,@UwU-on8kq,woahhh
Seoul,2,1,ROYAL FAMILY,idl.global,1:31:06,@jjjjjjjoshu,AAAAYYYYYYY
Seoul,2,1,ROYAL FAMILY,idl.global,1:31:08,@Andrea-cg3yx,done na yung brotherhood?
Seoul,2,1,ROYAL FAMILY,idl.global,1:31:10,@vahnyk,crowd is asss
Seoul,2,1,ROYAL FAMILY,idl.global,1:31:10,@seowonschiaseed,manahimik kamanahimik ka
Seoul,2,1,ROYAL FAMILY,idl.global,1:31:13,@NoahEvangelista-123,ooooh payag kayo dyan brotherhood
Seoul,2,1,ROYAL FAMILY,idl.global,1:31:14,@double_roses,HELLLLL YEAHHHHHHHHHHHH
Seoul,2,1,ROYAL FAMILY,idl.global,1:31:15,@scottsellote7510,ADDSSSS
Seoul,2,1,ROYAL FAMILY,idl.global,1:31:15,@babymine5482,:face_with_rolling_eyes::face_with_rolling_eyes:
Seoul,2,1,ROYAL FAMILY,idl.global,1:31:16,@akaili1088,see the stream doesnt lag
Seoul,2,1,ROYAL FAMILY,idl.global,1:31:17,@seowonschiaseed,letss goo
Seoul,2,1,ROYAL FAMILY,idl.global,1:31:17,@whois_kenz,ay
Seoul,2,1,ROYAL FAMILY,idl.global,1:31:19,@DJJD17,isla!
Seoul,2,1,ROYAL FAMILY,idl.global,1:31:22,@roselynronquillo853,they feel so new and freshh!!
Seoul,2,1,ROYAL FAMILY,idl.global,1:31:23,@Alina_stgt0711,AYYYEEEE
Seoul,2,1,ROYAL FAMILY,idl.global,1:31:24,@ken-l1p8u,oh shii
Seoul,2,1,ROYAL FAMILY,idl.global,1:31:25,@kite4804,that was sick
Seoul,2,1,ROYAL FAMILY,idl.global,1:31:26,@AnaPopescu-x1y,all these groups atee
Seoul,2,1,ROYAL FAMILY,idl.global,1:31:26,@akaili1088,"it doesnt lag, its not rigged!"
Seoul,2,1,ROYAL FAMILY,idl.global,1:31:27,@loraileys,GET ITTTT
Seoul,2,1,ROYAL FAMILY,idl.global,1:31:29,@bea-ok3pl,NOT THE FUNK LMAO
Seoul,2,1,ROYAL FAMILY,idl.global,1:31:29,@F3ATH3RH3ATH3R,First performance in second round
Seoul,2,1,ROYAL FAMILY,idl.global,1:31:29,@jjjjjjjoshu,i love it Idccc
Seoul,2,1,ROYAL FAMILY,idl.global,1:31:32,@yofanboiii,:crown::crown::crown::crown::crown::crown:
Seoul,2,1,ROYAL FAMILY,idl.global,1:31:32,@EllaThink,o damn
Seoul,2,1,ROYAL FAMILY,idl.global,1:31:33,@cenamoncenamobuns,rf improved!!!
Seoul,2,1,ROYAL FAMILY,idl.global,1:31:37,@miyowww,the camera aint it
Seoul,2,1,ROYAL FAMILY,idl.global,1:31:38,@yowzzz05,DEYM RFFFF
Seoul,2,1,ROYAL FAMILY,idl.global,1:31:38,@harrybui1264,Whatttt
Seoul,2,1,ROYAL FAMILY,idl.global,1:31:39,@akaili1088,its not rigged it doesnt lag!
Seoul,2,1,ROYAL FAMILY,idl.global,1:31:40,@ellieanagnostou7545,gooo brhd
Seoul,2,1,ROYAL FAMILY,idl.global,1:31:41,@double_roses,YEAHHHHHH
Seoul,2,1,ROYAL FAMILY,idl.global,1:31:42,@roslyn74,not the anaconda
Seoul,2,1,ROYAL FAMILY,idl.global,1:31:43,@yukaaa3212,classic jams
Seoul,2,1,ROYAL FAMILY,idl.global,1:31:43,@RubyCrystal-u1y,ohhh
Seoul,2,1,ROYAL FAMILY,idl.global,1:31:44,@Bubble_soup,damnnnnnnnnnn
Seoul,2,1,ROYAL FAMILY,idl.global,1:31:44,@DJJD17,omggggggg
Seoul,2,1,ROYAL FAMILY,idl.global,1:31:44,@roselynronquillo853,love their setss!!
Seoul,2,1,ROYAL FAMILY,idl.global,1:31:48,@jjjjjjjoshu,OKAYYYYY LOVEEEEEEEEE
Seoul,2,1,ROYAL FAMILY,idl.global,1:31:48,@malennamae,Fiiiiiire
Seoul,2,1,ROYAL FAMILY,idl.global,1:31:48,@Hannah___,I think RF’s found 1 was stronger
Seoul,2,1,ROYAL FAMILY,idl.global,1:31:49,@harrybui1264,This is greatttt
Seoul,2,1,ROYAL FAMILY,idl.global,1:31:53,@kunsyaman,AHHHHHH FIREE
Seoul,2,1,ROYAL FAMILY,idl.global,1:31:54,@playingwithoutcredit,wth is this lighting its so dark
Seoul,2,1,ROYAL FAMILY,idl.global,1:31:54,@vahnyk,damn they are strong
Seoul,2,1,ROYAL FAMILY,idl.global,1:31:54,@aniishahahaha,DAYUUUMMMM
Seoul,2,1,ROYAL FAMILY,idl.global,1:31:55,@Maggie_Yang,its shaking lmao
Seoul,2,1,ROYAL FAMILY,idl.global,1:31:55,@RubyCrystal-u1y,sickkkkk
Seoul,2,1,ROYAL FAMILY,idl.global,1:31:55,@EllaThink,oohhh
Seoul,2,1,ROYAL FAMILY,idl.global,1:31:57,@ellieanagnostou7545,goo brhd
Seoul,2,1,ROYAL FAMILY,idl.global,1:31:58,@ifskate420,OMG'
Seoul,2,1,ROYAL FAMILY,idl.global,1:31:58,@kevinbriang.garcia6398,WOWWWWWWW
Seoul,2,1,ROYAL FAMILY,idl.global,1:31:59,@jbongco,Not the maga Minaj
Seoul,2,1,ROYAL FAMILY,idl.global,1:31:59,@RubyCrystal-u1y,ahhh
Seoul,2,1,ROYAL FAMILY,idl.global,1:32:03,@Yuhzh25,NOW THATS SOME REALL WAACKIJGNGNGNGG
Seoul,2,1,ROYAL FAMILY,idl.global,1:32:03,@roselynronquillo853,LEZZGOWW
Seoul,2,1,ROYAL FAMILY,idl.global,1:32:07,@HoshiOkiro,HOLLY THEY ATEEE
Seoul,2,1,ROYAL FAMILY,idl.global,1:32:08,@---wy8zq,NICKIIII
Seoul,2,1,ROYAL FAMILY,idl.global,1:32:09,@æ-ditt,RF LAPPYLAPSE
Seoul,2,1,ROYAL FAMILY,idl.global,1:32:10,@RubyCrystal-u1y,ana---
Seoul,2,1,ROYAL FAMILY,idl.global,1:32:12,@bea-ok3pl,nicki in 2026 is definitely a choice..
Seoul,2,1,ROYAL FAMILY,idl.global,1:32:14,@aldrinvibar3215,boringgg
Seoul,2,1,BROTHERHOOD,idl.global,1:33:20,@GawonLee0427,케데헌 에바....
Seoul,2,1,BROTHERHOOD,idl.global,1:33:20,@kenjifd,DAMNNN HAHAHAHAHAHAHAHAH
Seoul,2,1,BROTHERHOOD,idl.global,1:33:21,@edhrinedavebutileng687,I can smell already a sabotage
Seoul,2,1,BROTHERHOOD,idl.global,1:33:21,@ZylixMeta,they won't
Seoul,2,1,BROTHERHOOD,idl.global,1:33:21,@Maggie_Yang,plz be good
Seoul,2,1,BROTHERHOOD,idl.global,1:33:21,@hshszzi,lag yarn
Seoul,2,1,BROTHERHOOD,idl.global,1:33:22,@ellieanagnostou7545,GOOOOO BROTHERHOODD
Seoul,2,1,BROTHERHOOD,idl.global,1:33:22,@yofanboiii,:crown::crown::crown::crown::crown:
Seoul,2,1,BROTHERHOOD,idl.global,1:33:22,@double_roses,BROTHERHOODDDD
Seoul,2,1,BROTHERHOOD,idl.global,1:33:22,@random-person23,one of my fav sets so far
Seoul,2,1,BROTHERHOOD,idl.global,1:33:22,@ecas-k2h,I think I liked what rf did for r1 better
Seoul,2,1,BROTHERHOOD,idl.global,1:33:22,@bea-ok3pl,PLEASE DO BETTER THAN ROUND 1
Seoul,2,1,BROTHERHOOD,idl.global,1:33:22,@SBH-25,Sodaaa poppppp
Seoul,2,1,BROTHERHOOD,idl.global,1:33:23,@krystlcrm,SAJAHOOD LOOKIN AHHH
Seoul,2,1,BROTHERHOOD,idl.global,1:33:23,@MariaLourdesSanoSolano,they are well prepared for this
Seoul,2,1,BROTHERHOOD,idl.global,1:33:23,@rayrey0-1,Lol saja boys
Seoul,2,1,BROTHERHOOD,idl.global,1:33:23,@Mxkoelle,SOJA BOYSSSS?
Seoul,2,1,BROTHERHOOD,idl.global,1:33:23,@tobioweb5500,YESSSSS
Seoul,2,1,BROTHERHOOD,idl.global,1:33:23,@hectorthesheep,i jinxed tsssssss
Seoul,2,1,BROTHERHOOD,idl.global,1:33:23,@Remmmmm6,soda pop yarn
Seoul,2,1,BROTHERHOOD,idl.global,1:33:24,@vmese,I knew they chilled in the first round wtf
Seoul,2,1,BROTHERHOOD,idl.global,1:33:24,@RubyCrystal-u1y,ohhhh!!!!
Seoul,2,1,BROTHERHOOD,idl.global,1:33:24,@dollie3488,GOGOGOGO BROTHERHOOD
Seoul,2,1,BROTHERHOOD,idl.global,1:33:24,@scarystoryandvideos,HAHAHAH SAJA BOYS
Seoul,2,1,BROTHERHOOD,idl.global,1:33:24,@Jwhops,LALA NG KOREAAAA
Seoul,2,1,BROTHERHOOD,idl.global,1:33:24,@mikmikn4tion,GALINGG
Seoul,2,1,BROTHERHOOD,idl.global,1:33:25,@shelleybutler-tx5hn,LETS GIOOOOO
Seoul,2,1,BROTHERHOOD,idl.global,1:33:25,@roselynronquillo853,ITZ LAGGING WTH
Seoul,2,1,BROTHERHOOD,idl.global,1:33:25,@Yuedrgn,MY SOUL IS YOURS
Seoul,2,1,BROTHERHOOD,idl.global,1:33:25,@ninojamessuson2553,soda pop?
Seoul,2,1,BROTHERHOOD,idl.global,1:33:26,@karlmarx1st,they better win licensing now lmfao
Seoul,2,1,BROTHERHOOD,idl.global,1:33:26,@MikaHenwood,KPOP DEMON HUNTERS!!!!! What the
Seoul,2,1,BROTHERHOOD,idl.global,1:33:26,@Cyzz_cycy,갓을 쓰고나왔다니 ㅋ
Seoul,2,1,BROTHERHOOD,idl.global,1:33:27,@xmhstars,tiktok stream ended wtf
Seoul,2,1,BROTHERHOOD,idl.global,1:33:27,@pieceofdoe,:face-pink-tears::hand-orange-covering-eyes::hand-orange-covering-eyes::hand-orange-covering-eyes::hand-orange-covering-eyes::hand-orange-covering-eyes:
Seoul,2,1,BROTHERHOOD,idl.global,1:33:28,@MJH977,LETS GOO SAJAHOOD
Seoul,2,1,BROTHERHOOD,idl.global,1:33:29,@Cyzz_cycy,오
Seoul,2,1,BROTHERHOOD,idl.global,1:33:29,@loraileys,oh they taking it
Seoul,2,1,BROTHERHOOD,idl.global,1:33:29,@DenverNavarro-r9u,LETSGGGGGG
Seoul,2,1,BROTHERHOOD,idl.global,1:33:29,@F3ATH3RH3ATH3R,Sana Boys LOL
Seoul,2,1,BROTHERHOOD,idl.global,1:33:30,@minimeal9353,SAJAHOOD LETS GOOO
Seoul,2,1,BROTHERHOOD,idl.global,1:33:30,@notkat_vlogs,NOOO PLS NO KDH SONG
Seoul,2,1,BROTHERHOOD,idl.global,1:33:30,@vahnyk,LESGOOOO
Seoul,2,1,BROTHERHOOD,idl.global,1:33:30,@Kayabread,Kpop demon hunters?!
Seoul,2,1,BROTHERHOOD,idl.global,1:33:30,@itsxonify,SAJAHOOD
Seoul,2,1,BROTHERHOOD,idl.global,1:33:30,@0range_bl0ss0m7,SAJA BOYS HAHAHAHA
Seoul,2,1,BROTHERHOOD,idl.global,1:33:31,@KeiSumiyoshi,WHATTTTTTTTTTTTTTTT
Seoul,2,1,BROTHERHOOD,idl.global,1:33:31,@tobioweb5500,MY GOATS
Seoul,2,1,BROTHERHOOD,idl.global,1:33:31,@luciafurdui6218,knew they finna do sth with kpop
Seoul,2,1,BROTHERHOOD,idl.global,1:33:31,@diannelee4736,HAHAHAHHAHAHAHA THEY DISSING THE KOREA
Seoul,2,1,BROTHERHOOD,idl.global,1:33:31,@edhrinedavebutileng687,I can smell sabotage
Seoul,2,1,BROTHERHOOD,idl.global,1:33:31,@DJJD17,wow!!!!
Seoul,2,1,BROTHERHOOD,idl.global,1:33:31,@sentsent7246,BROTHERHOOD REALLY RESEARCHES THE CROWD
Seoul,2,1,BROTHERHOOD,idl.global,1:33:32,@jettyjungz,IDOL
Seoul,2,1,BROTHERHOOD,idl.global,1:33:32,@iamkayj,i know that not the saja boys LMFAOOOO
Seoul,2,1,BROTHERHOOD,idl.global,1:33:32,@melissalin1713,NO FREAKING WAY
Seoul,2,1,BROTHERHOOD,idl.global,1:33:32,@lustbugs,they ended the tiktok live wtf
Seoul,2,1,BROTHERHOOD,idl.global,1:33:33,@KaeJiratchaya,W BROTHERHOOD
Seoul,2,1,BROTHERHOOD,idl.global,1:33:33,@ellieanagnostou7545,OH MYYYYY
Seoul,2,1,BROTHERHOOD,idl.global,1:33:34,@Juan1532,NAHHHHH K POP DEMON HUNTERS
Seoul,2,1,BROTHERHOOD,idl.global,1:33:34,@oratricemechaniquedeanalyse,SAJA-HOOD!!!!!
Seoul,2,1,BROTHERHOOD,idl.global,1:33:34,@rizalino808,YOUR IDOL?
Seoul,2,1,BROTHERHOOD,idl.global,1:33:35,@akaili1088,it isnt lagging for me
Seoul,2,1,BROTHERHOOD,idl.global,1:33:35,@Karlzrkx,putanging ads
Seoul,2,1,BROTHERHOOD,idl.global,1:33:35,@kunsyaman,ANNYEONGHASEYO
Seoul,2,1,BROTHERHOOD,idl.global,1:33:35,@leviaiki9168,LMAOOOOOOOOOOOOOOO
Seoul,2,1,BROTHERHOOD,idl.global,1:33:35,@Logan-r8n8h,OH SHIIIITIGIGIG
Seoul,2,1,BROTHERHOOD,idl.global,1:33:36,@joshuapilapil9805,soda pop
Seoul,2,1,BROTHERHOOD,idl.global,1:33:36,@roselynronquillo853,THIS BETTER BE GOODDD
Seoul,2,1,BROTHERHOOD,idl.global,1:33:36,@numberonericelover,CLEANN
Seoul,2,1,BROTHERHOOD,idl.global,1:33:37,@Red-po6dl,soda pop incoming?
Seoul,2,1,BROTHERHOOD,idl.global,1:33:37,@oma1036,unfortunately tuff
Seoul,2,1,BROTHERHOOD,idl.global,1:33:37,@DawnZBLL,NAAAAAAA
Seoul,2,1,BROTHERHOOD,idl.global,1:33:39,@toshq_q,WOOOOAHHH
Seoul,2,1,BROTHERHOOD,idl.global,1:33:39,@nishimurr0,LOL
Seoul,2,1,BROTHERHOOD,idl.global,1:33:39,@valak-n6t,the tiktok live ended bruh
Seoul,2,1,BROTHERHOOD,idl.global,1:33:39,@usadarushia9657,ts some saja boys bru
Seoul,2,1,BROTHERHOOD,idl.global,1:33:40,@mutyayumang872,WTTTFFFF NOO WAYYY
Seoul,2,1,BROTHERHOOD,idl.global,1:33:40,@Rhinnoeee,Let's gooooo!!!!!
Seoul,2,1,BROTHERHOOD,idl.global,1:33:40,@Logan-r8n8h,Yooooooo
Seoul,2,1,BROTHERHOOD,idl.global,1:33:40,@davemelano9631,kinjaz???
Seoul,2,1,BROTHERHOOD,idl.global,1:33:40,@CherieThu,"omg, their hatsssss"
Seoul,2,1,BROTHERHOOD,idl.global,1:33:40,@hyunjinswife2248,SAJA BOYS haha
Seoul,2,1,BROTHERHOOD,idl.global,1:33:40,@roslyn74,TAKEDOWN?
Seoul,2,1,BROTHERHOOD,idl.global,1:33:41,@jettyjungz,YOUR IDOL?????
Seoul,2,1,BROTHERHOOD,idl.global,1:33:41,@samanthabenusa9399,SAJA BOYS???!!!!
Seoul,2,1,BROTHERHOOD,idl.global,1:33:41,@Kayabread,Ya bruh tt stream ended
Seoul,2,1,BROTHERHOOD,idl.global,1:33:41,@Christinaa2300,FKKKN TWITXH
Seoul,2,1,BROTHERHOOD,idl.global,1:33:41,@kunsyaman,WHAT THE HELL LMFAOOOOO
Seoul,2,1,BROTHERHOOD,idl.global,1:33:41,@arh1d3a,NO WAYY
Seoul,2,1,BROTHERHOOD,idl.global,1:33:42,@medic_dubs,HELLO OPENING???
Seoul,2,1,BROTHERHOOD,idl.global,1:33:42,@MJH977,LETS GOOO SAJAHOOD
Seoul,2,1,BROTHERHOOD,idl.global,1:33:43,@Andrea-cg3yx,LAMIONNNNNNN
Seoul,2,1,BROTHERHOOD,idl.global,1:33:43,@Seijiiiii_0,Saja boys
Seoul,2,1,BROTHERHOOD,idl.global,1:33:44,@claveriapauliversono.494,DISSING THE COUNTRY OMG
Seoul,2,1,BROTHERHOOD,idl.global,1:33:44,@RubyCrystal-u1y,ohmygoshhh
Seoul,2,1,BROTHERHOOD,idl.global,1:33:44,@iijxyce,NO WAYYYY HUNTRIX
Seoul,2,1,BROTHERHOOD,idl.global,1:33:45,@notkat_vlogs,BROOOO
Seoul,2,1,BROTHERHOOD,idl.global,1:33:46,@DNCharLeys,YOOOOOOOOOOOOOOOOOOOO
Seoul,2,1,BROTHERHOOD,idl.global,1:33:46,@yukaaa3212,AHHHH
Seoul,2,1,BROTHERHOOD,idl.global,1:33:46,@Yuxinsrj,NO WAYYYYYYYY
Seoul,2,1,BROTHERHOOD,idl.global,1:33:46,@leviaiki9168,LMAOOOO
Seoul,2,1,BROTHERHOOD,idl.global,1:33:47,@melissalin1713,IT'S YOUR IDOL
Seoul,2,1,BROTHERHOOD,idl.global,1:33:47,@Logan-r8n8h,Yoooyoyoyoyoyoyoyoyoyoyoy
Seoul,2,1,BROTHERHOOD,idl.global,1:33:47,@toshq_q,WYF
Seoul,2,1,BROTHERHOOD,idl.global,1:33:47,@rizalino808,TAKEDOWN
Seoul,2,1,BROTHERHOOD,idl.global,1:33:48,@playingwithoutcredit,DAMN WHAT
Seoul,2,1,BROTHERHOOD,idl.global,1:33:49,@agustu_iosifdivinagracia_d7220,TAKE DOWNNNNNN
Seoul,2,1,BROTHERHOOD,idl.global,1:33:49,@naeniaa,NAOAOOOO
Seoul,2,1,BROTHERHOOD,idl.global,1:33:49,@kunsyaman,LMFAOOOOOOO
Seoul,2,1,BROTHERHOOD,idl.global,1:33:49,@itsxonify,SAJAHOOD SAJAHOOD SAJAHOOD
Seoul,2,1,BROTHERHOOD,idl.global,1:33:49,@roslyn74,oh they ARE TAKING THUS
Seoul,2,1,BROTHERHOOD,idl.global,1:33:50,@kevinbriang.garcia6398,WHAATTTTTT
Seoul,2,1,BROTHERHOOD,idl.global,1:33:50,@toshq_q,NO WAYYY
Seoul,2,1,BROTHERHOOD,idl.global,1:33:50,@cenamoncenamobuns,Look at my dancers dawggggg
Seoul,2,1,BROTHERHOOD,idl.global,1:33:50,@agustu_iosifdivinagracia_d7220,OMGGGGGGGGGG
Seoul,2,1,BROTHERHOOD,idl.global,1:33:51,@nishimurr0,THEY WERE SAVING THE GOOD ONE FOR ROUND 2
Seoul,2,1,BROTHERHOOD,idl.global,1:33:51,@LivingInElysium,yaaaaaaaaaas
Seoul,2,1,BROTHERHOOD,idl.global,1:33:51,@naeniaa,WAAATAYYYYYYYYY
Seoul,2,1,BROTHERHOOD,idl.global,1:33:51,@angelodelmundoesleigue9338,LFFG !!!
Seoul,2,1,BROTHERHOOD,idl.global,1:33:52,@joOhners,AYOOOOOOOOOOOOOOOOOOOO!
Seoul,2,1,BROTHERHOOD,idl.global,1:33:52,@mariyasaphirabugna2389,SAJA BOYS YARNN
Seoul,2,1,BROTHERHOOD,idl.global,1:33:52,@agustu_iosifdivinagracia_d7220,OWOOHAHHH
Seoul,2,1,BROTHERHOOD,idl.global,1:33:52,@0range_bl0ss0m7,JAJAHAHAHA
Seoul,2,1,BROTHERHOOD,idl.global,1:33:52,@DarrenMartin-xz4ry,wuuuttt
Seoul,2,1,BROTHERHOOD,idl.global,1:33:53,@agustu_iosifdivinagracia_d7220,DAS
Seoul,2,1,BROTHERHOOD,idl.global,1:33:53,@mutyayumang872,DANNNNNGGGG
Seoul,2,1,BROTHERHOOD,idl.global,1:33:54,@agustu_iosifdivinagracia_d7220,H
Seoul,2,1,BROTHERHOOD,idl.global,1:33:54,@vahnyk,EYWWWWWW
Seoul,2,1,BROTHERHOOD,idl.global,1:33:55,@xen_mm,LMAO WHAT
Seoul,2,1,BROTHERHOOD,idl.global,1:33:56,@beanliee,HOOOO
Seoul,2,1,BROTHERHOOD,idl.global,1:33:56,@patriciadesquitado871,Tag-an ko pa
Seoul,2,1,BROTHERHOOD,idl.global,1:33:56,@arh1d3a,DAYTON ATEEEEEEEE
Seoul,2,1,BROTHERHOOD,idl.global,1:33:56,@RubyCrystal-u1y,ohhh!!!!
Seoul,2,1,BROTHERHOOD,idl.global,1:33:57,@oratricemechaniquedeanalyse,LET'S FREAKING GOOOOOOOO
Seoul,2,1,BROTHERHOOD,idl.global,1:33:57,@---wy8zq,AGAIN???
Seoul,2,1,BROTHERHOOD,idl.global,1:33:57,@roselynronquillo853,WAHAHAHAHAAHAHAHA
Seoul,2,1,BROTHERHOOD,idl.global,1:33:58,@veronica-yw2vo,LINIS GAGO
Seoul,2,1,BROTHERHOOD,idl.global,1:33:58,@academicsfirst,ANHAHAHAAAAHHAHAH AYUN KPDH
Seoul,2,1,BROTHERHOOD,idl.global,1:33:58,@Riza-r1v,oiiiii
Seoul,2,1,BROTHERHOOD,idl.global,1:33:58,@agustu_iosifdivinagracia_d7220,TAKE DOWNNNNNNN OMGGG
Seoul,2,1,BROTHERHOOD,idl.global,1:33:58,@loraileys,MYYYYYYY
Seoul,2,1,BROTHERHOOD,idl.global,1:34:01,@kenjifd,HOLYYYYY FUCKKKK BROOOOO :loudly_crying_face::loudly_crying_face::loudly_crying_face::fire::fire::fire::fire::fire:
Seoul,2,1,BROTHERHOOD,idl.global,1:34:02,@takeyyshi,OH-
Seoul,2,1,BROTHERHOOD,idl.global,1:34:02,@bbasshs,AYOOOOO WTH
Seoul,2,1,BROTHERHOOD,idl.global,1:34:02,@ellieanagnostou7545,WOWIWIWOWI
Seoul,2,1,BROTHERHOOD,idl.global,1:34:02,@Alina_stgt0711,WOW
Seoul,2,1,BROTHERHOOD,idl.global,1:34:03,@kenramping,OMG ATEEEEE
Seoul,2,1,BROTHERHOOD,idl.global,1:34:03,@JavenSanchez-f2z,Wala naaaaaa?!!!!!!!!
Seoul,2,1,BROTHERHOOD,idl.global,1:34:04,@F3ATH3RH3ATH3R,TAKEDOWN YOOO
Seoul,2,1,BROTHERHOOD,idl.global,1:34:05,@jaysonrubia6918,Sheyttttt
Seoul,2,1,BROTHERHOOD,idl.global,1:34:06,@Amberrr_.,OMAAAYYY
Seoul,2,1,BROTHERHOOD,idl.global,1:34:06,@RocoNic,DAYTONNN
Seoul,2,1,BROTHERHOOD,idl.global,1:34:06,@kttryx,OKGGGGG
Seoul,2,1,BROTHERHOOD,idl.global,1:34:07,@vulcanifilio,OOOOOOH
Seoul,2,1,BROTHERHOOD,idl.global,1:34:07,@Riza-r1v,SLAYED SO HARD
Seoul,2,1,BROTHERHOOD,idl.global,1:34:08,@sooour_a,halaa omg
Seoul,2,1,BROTHERHOOD,idl.global,1:34:10,@yanaaa7,SRSLY KPDH
Seoul,2,1,BROTHERHOOD,idl.global,1:34:10,@kenjifd,THIS FIREEEEE :loudly_crying_face::loudly_crying_face::loudly_crying_face::loudly_crying_face:
Seoul,2,1,BROTHERHOOD,idl.global,1:34:11,@yancylaraine1791,ANG SARAPPPPP
Seoul,2,1,BROTHERHOOD,idl.global,1:34:11,@ken-l1p8u,song choice is eh
Seoul,2,1,BROTHERHOOD,idl.global,1:34:12,@F3ATH3RH3ATH3R,LET'S GO
Seoul,2,1,BROTHERHOOD,idl.global,1:34:12,@kunsyaman,LMFAOOOOOO NOT KPDH
Seoul,2,1,BROTHERHOOD,idl.global,1:34:12,@medic_dubs,Energy BH takes it
Seoul,2,1,BROTHERHOOD,idl.global,1:34:14,@MrManglu,ITS SCREAMING KINJAZ
Seoul,2,1,BROTHERHOOD,idl.global,1:34:15,@Christinaa2300,HOLYUU
Seoul,2,1,BROTHERHOOD,idl.global,1:34:16,@klayshana,omg Saja Boys :red_heart:
Seoul,2,1,BROTHERHOOD,idl.global,1:34:16,@kmgardose6342,wahhhhhh
Seoul,2,1,BROTHERHOOD,idl.global,1:34:16,@alanaxd1974,galing galinggg
Seoul,2,1,BROTHERHOOD,idl.global,1:34:16,@Riza-r1v,SOBRANG GANDA
Seoul,2,1,BROTHERHOOD,idl.global,1:34:16,@yancylaraine1791,LAGARIIIIII
Seoul,2,1,BROTHERHOOD,idl.global,1:34:17,@agustu_iosifdivinagracia_d7220,TAKE DOWNNN OMGGG
Seoul,2,1,BROTHERHOOD,idl.global,1:34:17,@Yuxinsrj,GAGGGGGGG
Seoul,2,1,BROTHERHOOD,idl.global,1:34:18,@hshszzi,PEAKK
Seoul,2,1,BROTHERHOOD,idl.global,1:34:18,@mariyasaphirabugna2389,HLA
Seoul,2,1,BROTHERHOOD,idl.global,1:34:19,@Tepaneyy,fireeeeeeeeeeeeeeeeeeeeeeeeeee
Seoul,2,1,BROTHERHOOD,idl.global,1:34:19,@ellieanagnostou7545,DAMNNNNB
Seoul,2,1,BROTHERHOOD,idl.global,1:34:20,@kunsyaman,ANDREWWWWWWW
Seoul,2,1,BROTHERHOOD,idl.global,1:34:21,@toshikobiko,JUSTIIIIIIIIIIIIIIN
Seoul,2,1,BROTHERHOOD,idl.global,1:34:21,@ayela562,THERE THEY ARE !!!!!
Seoul,2,1,BROTHERHOOD,idl.global,1:34:21,@nishimurr0,DANGG
Seoul,2,1,BROTHERHOOD,idl.global,1:34:22,@mariyasaphirabugna2389,HWHSGDHAHDGSHSHSHHAHS
Seoul,2,1,BROTHERHOOD,idl.global,1:34:22,@yxnieaa,WOOOAAHHH
Seoul,2,1,BROTHERHOOD,idl.global,1:34:22,@HaroldMonroe-w9d,where's the music?
Seoul,2,1,BROTHERHOOD,idl.global,1:34:22,@roselynronquillo853,STRONGGGGG
Seoul,2,1,BROTHERHOOD,idl.global,1:34:23,@cottonmyeon2775,Ok panalo na to lol HAHAHA
Seoul,2,1,BROTHERHOOD,idl.global,1:34:23,@medic_dubs,Cleanliness too :face_exhaling::face_exhaling::face_exhaling:
Seoul,2,1,BROTHERHOOD,idl.global,1:34:23,@hyunjinswife2248,DEMON HUNTERS YAREEE HAHA
Seoul,2,1,BROTHERHOOD,idl.global,1:34:24,@Tepaneyy,ATEEEEEEEEEEEEEEEEE
Seoul,2,1,BROTHERHOOD,idl.global,1:34:24,@0range_bl0ss0m7,LMAOOO KPDH
Seoul,2,1,BROTHERHOOD,idl.global,1:34:24,@oratricemechaniquedeanalyse,EYYYYYYYYYYYYYYYY
Seoul,2,1,BROTHERHOOD,idl.global,1:34:24,@vaughnbon_12,NAHHHHHH
Seoul,2,1,BROTHERHOOD,idl.global,1:34:24,@Conlettuc3,Told ya Soda Pio
Seoul,2,1,BROTHERHOOD,idl.global,1:34:25,@eve4560,I KNEW ITT THEY WERE COOKING THISS
Seoul,2,1,BROTHERHOOD,idl.global,1:34:25,@NEMESIS80091,waiting for y'all to slay againnnn
Seoul,2,1,BROTHERHOOD,idl.global,1:34:25,@kenjifd,GOD DAMNNNN BROOOO SWEAPPPP:double_exclamation_mark::double_exclamation_mark::double_exclamation_mark::double_exclamation_mark:
Seoul,2,1,BROTHERHOOD,idl.global,1:34:25,@MariaLourdesSanoSolano,soooooo cleaaaannnnnnn
Seoul,2,1,BROTHERHOOD,idl.global,1:34:26,@babymine5482,SLAYYYYYY
Seoul,2,1,BROTHERHOOD,idl.global,1:34:26,@potatotots,CMONNNNNN
Seoul,2,1,BROTHERHOOD,idl.global,1:34:26,@eclipse.official1014,Shiiiiiiiis creative
Seoul,2,1,BROTHERHOOD,idl.global,1:34:27,@Andweyaaah,AAAAHH BROOTHEEERRRHOOOOOD!!!
Seoul,2,1,BROTHERHOOD,idl.global,1:34:27,@MJH977,YASS SAJAHOOD
Seoul,2,1,BROTHERHOOD,idl.global,1:34:28,@yxnieaa,I LIKE IITTTT
Seoul,2,1,BROTHERHOOD,idl.global,1:34:28,@mylanasyasaragih8740,ATEEEEEEEEEE
Seoul,2,1,BROTHERHOOD,idl.global,1:34:29,@vaughnbon_12,DAMNNN NN
Seoul,2,1,BROTHERHOOD,idl.global,1:34:29,@kunsyaman,LETS GO ANDREWWWWWWW
Seoul,2,1,BROTHERHOOD,idl.global,1:34:29,@Riza-r1v,eating so hard
Seoul,2,1,BROTHERHOOD,idl.global,1:34:29,@asteriawho,HOOOLYYYYYY
Seoul,2,1,BROTHERHOOD,idl.global,1:34:30,@HiverSon,HOLYYYYY
Seoul,2,1,BROTHERHOOD,idl.global,1:34:30,@Mavisymra,OK CHAT OK
Seoul,2,1,BROTHERHOOD,idl.global,1:34:31,@joOhners,ok staying up is worth it now lmao
Seoul,2,1,BROTHERHOOD,idl.global,1:34:31,@1lisva,nahhh they ATEEEE
Seoul,2,1,BROTHERHOOD,idl.global,1:34:31,@ellieanagnostou7545,CLEAN ASFFFFF
Seoul,2,1,BROTHERHOOD,idl.global,1:34:34,@---wy8zq,OH MY GODH
Seoul,2,1,BROTHERHOOD,idl.global,1:34:34,@samgyupsal2x833,DANCE CHALLENGE!!
Seoul,2,1,BROTHERHOOD,idl.global,1:34:34,@Chlo_Edits,LETSSSS GOOOOOOOOOO
Seoul,2,1,BROTHERHOOD,idl.global,1:34:35,@Iris3cho,WOOOOWW
Seoul,2,1,BROTHERHOOD,idl.global,1:34:35,@loraileys,ALRIGHTTTT
Seoul,2,1,BROTHERHOOD,idl.global,1:34:37,@francescasokolich1323,ROYAL FAMILY :red_heart: :red_heart: :red_heart: :red_heart: :red_heart: :red_heart: :red_heart: :red_heart: :red_heart: :red_heart: :red_heart: :red_heart: :red_heart: :red_heart: :red_heart: :red_heart: :red_heart: :red_heart: :red_heart: :red_heart: :red_heart: :red_heart: :red_heart: :red_heart: :red_heart: :red_heart: :red_heart: :red_heart: :red_heart:
Seoul,2,1,BROTHERHOOD,idl.global,1:34:37,@bbasshs,SO CLEANNNNN
Seoul,2,1,BROTHERHOOD,idl.global,1:34:38,@yxnieaa,Wwooowowowow
Seoul,2,1,BROTHERHOOD,idl.global,1:34:39,@Tepaneyy,SMOOTHHHHHHHHHHHHHH
Seoul,2,1,BROTHERHOOD,idl.global,1:34:39,@Mavisymra,DAMN BROTHERHOOD WHAT THE HELL
Seoul,2,1,BROTHERHOOD,idl.global,1:34:40,@hyunjinswife2248,OKAY PANALO PA RIN
Seoul,2,1,BROTHERHOOD,idl.global,1:34:40,@KeiSumiyoshi,HOLLYYYYY
Seoul,2,1,BROTHERHOOD,idl.global,1:34:43,@roselynronquillo853,THEY R COOKINGGG
Seoul,2,1,BROTHERHOOD,idl.global,1:34:43,@penguinixx,LETSASS GO BROTHER HOODDDD
Seoul,2,1,BROTHERHOOD,idl.global,1:34:44,@AnaSalgado-n1l,WOOOO
Seoul,2,1,BROTHERHOOD,idl.global,1:34:44,@ElishaGonzalez-q5c,BROTHERHOODDD
Seoul,2,1,BROTHERHOOD,idl.global,1:34:44,@dinomagdasal3325,take down by 1 million
Seoul,2,1,BROTHERHOOD,idl.global,1:34:45,@UwU-on8kq,ATTEEEEE
Seoul,2,1,BROTHERHOOD,idl.global,1:34:45,@medic_dubs,Oh noooo right side
Seoul,2,1,BROTHERHOOD,idl.global,1:34:45,@ellieanagnostou7545,NAHHH RHIS IS TOO GOOD
Seoul,2,1,BROTHERHOOD,idl.global,1:34:45,@jj1728,TIKTOK LIVE DOWN TFFF
Seoul,2,1,BROTHERHOOD,idl.global,1:34:45,@melissalin1713,mali did it better
Seoul,2,1,BROTHERHOOD,idl.global,1:34:45,@itznotmeee-z3m,Yoww demon hunters
Seoul,2,1,BROTHERHOOD,idl.global,1:34:46,@AnaSalgado-n1l,BD
Seoul,2,1,BROTHERHOOD,idl.global,1:34:46,@UwU-on8kq,E
Seoul,2,1,BROTHERHOOD,idl.global,1:34:46,@takeyyshi,this is so cool
Seoul,2,1,BROTHERHOOD,idl.global,1:34:46,@harrybui1264,Okayyyyyyy
Seoul,2,1,BROTHERHOOD,idl.global,1:34:47,@ArnettaCherilynDarmoyo,OH MY LORDDD
Seoul,2,1,BROTHERHOOD,idl.global,1:34:47,@mariyasaphirabugna2389,ATEEEEEEE
Seoul,2,1,BROTHERHOOD,idl.global,1:34:47,@kenjifd,THEY KILLED ITTTTT HOLY CRAPPP :weary_face::weary_face::weary_face:
Seoul,2,1,BROTHERHOOD,idl.global,1:34:47,@æ-ditt,this time is not for brotherhood:crying_face:
Seoul,2,1,BROTHERHOOD,idl.global,1:34:48,@JaydenFaunillan,CLEANN ASFF!!
Seoul,2,1,BROTHERHOOD,idl.global,1:34:49,@rizalino808,Instead of KPDH KPBH
Seoul,2,1,BROTHERHOOD,idl.global,1:34:49,@Dripseki,Eloooooo
Seoul,2,1,BROTHERHOOD,idl.global,1:34:50,@KaeJiratchaya,W brotherhood
Seoul,2,1,BROTHERHOOD,idl.global,1:34:51,@potatotots,THE ROTATE
Seoul,2,1,BROTHERHOOD,idl.global,1:34:51,@hyunjinswife2248,STILL PH REPRESENTS HAHAHAHA
Seoul,2,1,BROTHERHOOD,idl.global,1:34:51,@Mavisymra,NGL BROTHERHOOD’S GONNA EAT THIS ALL
Seoul,2,1,BROTHERHOOD,idl.global,1:34:51,@firzymahardikalolowang9510,the crowd not thatt loud
Seoul,2,1,BROTHERHOOD,idl.global,1:34:51,@rayrey0-1,Okay GG LMAOOSOAOAI
Seoul,2,1,BROTHERHOOD,idl.global,1:34:51,@RubyCrystal-u1y,take it down!!!
Seoul,2,1,BROTHERHOOD,idl.global,1:34:52,@kunsyaman,this ones better LMFAOOOO
Seoul,2,1,BROTHERHOOD,idl.global,1:34:52,@yukaaa3212,CUTE
Seoul,2,1,BROTHERHOOD,idl.global,1:34:54,@Tepaneyy,GOOOOOO GOOOOOO BABYYYY
Seoul,2,1,BROTHERHOOD,idl.global,1:34:54,@cenamoncenamobuns,This is better than their first set
Seoul,2,1,BROTHERHOOD,idl.global,1:34:55,@Dripseki,ELLOOOOOO
Seoul,2,1,BROTHERHOOD,idl.global,1:34:55,@takeyyshi,HAHA ang cute
Seoul,2,1,BROTHERHOOD,idl.global,1:34:56,@arh1d3a,LMAOOOO YESSSSS
Seoul,2,1,BROTHERHOOD,idl.global,1:34:56,@shiryu1094,galinggg
Seoul,2,1,BROTHERHOOD,idl.global,1:34:56,@bzi_rnb,spacing a bit off
Seoul,2,1,BROTHERHOOD,idl.global,1:34:58,@the98tharchive,ATE!!!
Seoul,2,1,BROTHERHOOD,idl.global,1:34:59,@ClydeLacambra,NOW THIS IS BROTHERHOOD GUYS
Seoul,2,1,BROTHERHOOD,idl.global,1:34:59,@dumpiezzz,Damnnnnn
Seoul,2,1,BROTHERHOOD,idl.global,1:34:59,@penguinixx,GOOOOO BROTHER HOOD
Seoul,2,1,BROTHERHOOD,idl.global,1:35:00,@kayceeb7199,THEY RESERVE THE BEST OF BEST FOR 2nd ROUND
Seoul,2,1,BROTHERHOOD,idl.global,1:35:03,@Dripseki,ELOOOOO
Seoul,2,1,BROTHERHOOD,idl.global,1:35:03,@alanaxd1974,GALINGGGG
Seoul,2,1,BROTHERHOOD,idl.global,1:35:04,@francescasokolich1323,Royal family :crown::crown::crown::crown::crown::crown::crown::crown::crown::crown::crown::crown::crown::crown::crown::crown::crown::crown::crown::crown::crown::crown::crown::crown::crown::crown::crown::crown::crown::crown::crown::crown::crown:
Seoul,2,1,BROTHERHOOD,idl.global,1:35:05,@kunsyaman,better than their first icl
Seoul,2,1,BROTHERHOOD,idl.global,1:35:05,@dollie3488,GOOO
Seoul,2,1,BROTHERHOOD,idl.global,1:35:05,@HaroldMonroe-w9d,They won...period
Seoul,2,1,BROTHERHOOD,idl.global,1:35:06,@pieceofdoe,HMMMMMMMMNNN
Seoul,2,1,BROTHERHOOD,idl.global,1:35:06,@shiryu1094,astiggg
Seoul,2,1,BROTHERHOOD,idl.global,1:35:06,@yxnieaa,I UVV IITTTT
Seoul,2,1,BROTHERHOOD,idl.global,1:35:07,@veronica-yw2vo,ATE IT UP FO SHO
Seoul,2,1,BROTHERHOOD,idl.global,1:35:07,@Tepaneyy,HELL NAHHHHHHHHH
Seoul,2,1,BROTHERHOOD,idl.global,1:35:08,@jesrielarban,nasty asf
Seoul,2,1,BROTHERHOOD,idl.global,1:35:08,@fbhthkdxs,fangg
Seoul,2,1,BROTHERHOOD,idl.global,1:35:09,@mariyasaphirabugna2389,DAMNNNNNN
Seoul,2,1,BROTHERHOOD,idl.global,1:35:09,@Dripseki,ELOOOOOOO
Seoul,2,1,BROTHERHOOD,idl.global,1:35:10,@kunsyaman,ALOOOOOOOO
Seoul,2,1,BROTHERHOOD,idl.global,1:35:11,@KeiSumiyoshi,TAKE IT DOWNNN
Seoul,2,1,BROTHERHOOD,idl.global,1:35:12,@roselynronquillo853,WAHAHAHAHAAHAH
Seoul,2,1,BROTHERHOOD,idl.global,1:35:14,@takeyyshi,woooaah
Seoul,2,1,BROTHERHOOD,idl.global,1:35:14,@dumpiezzz,Lets goooo
Seoul,2,1,BROTHERHOOD,idl.global,1:35:14,@arh1d3a,GOOD LAWDDDDDDD
Seoul,2,1,BROTHERHOOD,idl.global,1:35:14,@0range_bl0ss0m7,WHAT EVVERRRT GO 1MILLIONNN
Seoul,2,1,BROTHERHOOD,idl.global,1:35:14,@Dripseki,ELOOOOOO
Seoul,2,1,BROTHERHOOD,idl.global,1:35:15,@kenjifd,ITS SO CLEAAANNNNN LETSGOOO
Seoul,2,1,BROTHERHOOD,idl.global,1:35:15,@vahnyk,3YYYY
Seoul,2,1,BROTHERHOOD,idl.global,1:35:15,@shiryu1094,GALINGGGGGG
Seoul,2,1,BROTHERHOOD,idl.global,1:35:15,@yofanboiii,:crown::crown::crown::crown::crown::crown::crown::crown::crown::crown::crown::crown::crown::crown::crown::crown::crown::crown:
Seoul,2,1,BROTHERHOOD,idl.global,1:35:15,@spencersayno,Lets Go BROTHERHOOD :man_dancing::fire::raising_hands::musical_notes:
Seoul,2,1,BROTHERHOOD,idl.global,1:35:17,@---wy8zq,NOT THE AEGYO
Seoul,2,1,BROTHERHOOD,idl.global,1:35:17,@nazzylove_bunny1,WOWAAA
Seoul,2,1,BROTHERHOOD,idl.global,1:35:18,@clairebond7726,Bro no way
Seoul,2,1,BROTHERHOOD,idl.global,1:35:19,@penguinixx,LETSSS GOOOOOO
Seoul,2,1,BROTHERHOOD,idl.global,1:35:19,@Tepaneyy,GOOOOGOOOOOOOOOOO
Seoul,2,1,BROTHERHOOD,idl.global,1:35:20,@yukaaa3212,DAMM
Seoul,2,1,BROTHERHOOD,idl.global,1:35:20,@kunsyaman,ADRIANNNNNNNNNNNNN
Seoul,2,1,BROTHERHOOD,idl.global,1:35:20,@medic_dubs,THIS IS ROUND 2 BABY
Seoul,2,1,BROTHERHOOD,idl.global,1:35:21,@Anastasia-rt4mi,BHhh
Seoul,2,1,BROTHERHOOD,idl.global,1:35:21,@taynguyener,IM CRYI G lolll
Seoul,2,1,BROTHERHOOD,idl.global,1:35:21,@marcjuliusendozo2980,dami ng error
Seoul,2,1,BROTHERHOOD,idl.global,1:35:22,@bea-ok3pl,THIS JS SO GOOD
Seoul,2,1,BROTHERHOOD,idl.global,1:35:22,@roselynronquillo853,TAKE IT DOWNWNNN
Seoul,2,1,BROTHERHOOD,idl.global,1:35:22,@Christinaa2300,This is solid
Seoul,2,1,BROTHERHOOD,idl.global,1:35:23,@Riza-r1v,THEY'RE TAKING IT DOWNNNN
Seoul,2,1,BROTHERHOOD,idl.global,1:35:23,@takeyyshi,ang cool
Seoul,2,1,BROTHERHOOD,idl.global,1:35:23,@Mavisymra,CANADA IS GOING TO TAKE IT HOME
Seoul,2,1,BROTHERHOOD,idl.global,1:35:24,@niellyyz,They are so smooth w itt
Seoul,2,1,BROTHERHOOD,idl.global,1:35:24,@Bitcxbed,HOLYYYYYYYY
Seoul,2,1,BROTHERHOOD,idl.global,1:35:25,@AnaPopescu-x1y,THE AEGYOO
Seoul,2,1,BROTHERHOOD,idl.global,1:35:25,@heinzfel,ok at least its not golden
Seoul,2,1,BROTHERHOOD,idl.global,1:35:25,@MrManglu,EXCUSEM E THAT WAS CLEAN YO
Seoul,2,1,BROTHERHOOD,idl.global,1:35:26,@CherieThu,they are so smart to choose this song
Seoul,2,1,BROTHERHOOD,idl.global,1:35:27,@takeyyshi,HAHAA ang cute nilaa
Seoul,2,1,BROTHERHOOD,idl.global,1:35:28,@UwU-on8kq,FORMS\OUHHHHH
Seoul,2,1,BROTHERHOOD,idl.global,1:35:30,@Yuxinsrj,DAYUM EATTTTT
Seoul,2,1,BROTHERHOOD,idl.global,1:35:31,@HaroldMonroe-w9d,:face-red-heart-shape::face-red-heart-shape::face-red-heart-shape::face-red-heart-shape:
Seoul,2,1,BROTHERHOOD,idl.global,1:35:32,@loraileys,OKKKKKKKKKKKKKKKKK.
Seoul,2,1,BROTHERHOOD,idl.global,1:35:32,@richardmagdasal4153,Diss for korea 1m
Seoul,2,1,BROTHERHOOD,idl.global,1:35:32,@patriciadesquitado871,They're not worried sa Round 1. HAHAHA. I know something's cooking for Round 2
Seoul,2,1,BROTHERHOOD,idl.global,1:35:32,@toshq_q,EHEYYY
Seoul,2,1,BROTHERHOOD,idl.global,1:35:32,@ThereseViane,GALENGGG POTAAAA DANG
Seoul,2,1,BROTHERHOOD,idl.global,1:35:33,@BDenum100,My boys killing it
Seoul,2,1,BROTHERHOOD,idl.global,1:35:33,@DevsCarbin,THATS ITTT!!!!!!!!!!!!1
Seoul,2,1,BROTHERHOOD,idl.global,1:35:34,@toshikobiko,STOOOPP STOP
Seoul,2,1,BROTHERHOOD,idl.global,1:35:34,@rayn6152,athey prepared big for R2
Seoul,2,1,BROTHERHOOD,idl.global,1:35:34,@breno_redusino,they're biased rf and 1m can't beat them
Seoul,2,1,BROTHERHOOD,idl.global,1:35:36,@AttillahAlog,BESTTTTT
Seoul,2,1,BROTHERHOOD,idl.global,1:35:36,@Anastasia-rt4mi,Gooo
Seoul,2,1,BROTHERHOOD,idl.global,1:35:37,@mariyasaphirabugna2389,FORMATIONS' CRAZYYY BRAAAAAA
Seoul,2,1,BROTHERHOOD,idl.global,1:35:38,@CallMeNath-2,BROTHERHOOD IS SO FREAKING CLEAN.. FORMATIONS 1001%
Seoul,2,1,BROTHERHOOD,idl.global,1:35:38,@UwU-on8kq,OUHHHH
Seoul,2,1,BROTHERHOOD,idl.global,1:35:38,@heinzfel,buti naman di golden
Seoul,2,1,BROTHERHOOD,idl.global,1:35:39,@mylanasyasaragih8740,GOATTTTTT
Seoul,2,1,BROTHERHOOD,idl.global,1:35:40,@UwU-on8kq,LESSGO
Seoul,2,1,BROTHERHOOD,idl.global,1:35:41,@kunsyaman,FRANCISSSSSSSS OMG
Seoul,2,1,BROTHERHOOD,idl.global,1:35:41,@ifskate420,oh my gof
Seoul,2,1,BROTHERHOOD,idl.global,1:35:42,@judeemmanuelgellor3961,:crown::crown::crown::crown::crown::crown::crown::crown::crown:
Seoul,2,1,BROTHERHOOD,idl.global,1:35:43,@iijxyce,JAW DROPPED
Seoul,2,1,BROTHERHOOD,idl.global,1:35:43,@---wy8zq,OH MY GOSH
Seoul,2,1,BROTHERHOOD,idl.global,1:35:44,@penguinixx,SIN SUPER SYINC MODE IS INSANEEE
Seoul,2,1,BROTHERHOOD,idl.global,1:35:45,@francescasokolich1323,Royal family :fire::fire::fire::fire::fire::fire::fire::fire::fire::fire::fire::fire::fire::fire::fire::fire::fire::fire::fire::fire::fire::fire::fire::fire::fire::fire::fire::fire::fire::fire::fire::fire::fire::fire::fire::fire::fire::fire::fire::fire::fire::fire:
Seoul,2,1,BROTHERHOOD,idl.global,1:35:45,@HiverSon,cooked
Seoul,2,1,BROTHERHOOD,idl.global,1:35:46,@ifskate420,ATEREEE
Seoul,2,1,BROTHERHOOD,idl.global,1:35:47,@ecas-k2h,THIS MIX HOLYYYY
Seoul,2,1,BROTHERHOOD,idl.global,1:35:48,@Mavisymra,OH HELLLLL
Seoul,2,1,BROTHERHOOD,idl.global,1:35:48,@RYO-6767,GOOOAAAAAAT
Seoul,2,1,BROTHERHOOD,idl.global,1:35:49,@ArjayPeralta-t9t,GAME OVER!!!!!!
Seoul,2,1,BROTHERHOOD,idl.global,1:35:49,@Venquizz-d8g,:fire::fire::fire::fire::fire:
Seoul,2,1,BROTHERHOOD,idl.global,1:35:50,@numberonericelover,EWWWW OMGG
Seoul,2,1,BROTHERHOOD,idl.global,1:35:50,@Anastasia-rt4mi,WWW
Seoul,2,1,BROTHERHOOD,idl.global,1:35:50,@oratricemechaniquedeanalyse,LETSSSSSS GOOOOOOOOOOOOOOOOOOOOOOOO
Seoul,2,1,BROTHERHOOD,idl.global,1:35:51,@twstwodaily,HELLLL GG
Seoul,2,1,BROTHERHOOD,idl.global,1:35:51,@melanimkc7841,Omgggg
Seoul,2,1,BROTHERHOOD,idl.global,1:35:52,@takeyyshi,dis so cool
Seoul,2,1,BROTHERHOOD,idl.global,1:35:52,@playingwithoutcredit,MUSICGOING HARD
Seoul,2,1,BROTHERHOOD,idl.global,1:35:53,@dumpiezzz,Sheesssshhh
Seoul,2,1,BROTHERHOOD,idl.global,1:35:53,@rtbd.6933,bande dee con
Seoul,2,1,BROTHERHOOD,idl.global,1:35:54,@Juan1532,THEY ATE
Seoul,2,1,BROTHERHOOD,idl.global,1:35:54,@Mavisymra,COOKED WITH IT WTF
Seoul,2,1,BROTHERHOOD,idl.global,1:35:55,@twstwodaily,goooo boyss
Seoul,2,1,BROTHERHOOD,idl.global,1:35:55,@ewrinka,SO FIRE OH MY GOD
Seoul,2,1,BROTHERHOOD,idl.global,1:35:56,@Kayabread,SHITTTTT:fire::fire:
Seoul,2,1,BROTHERHOOD,idl.global,1:35:56,@vahnyk,CLEAAAN
Seoul,2,1,BROTHERHOOD,idl.global,1:35:56,@jacobmc05,GAGGED
Seoul,2,1,BROTHERHOOD,idl.global,1:35:56,@veronica-yw2vo,GAME OVERRE
Seoul,2,1,BROTHERHOOD,idl.global,1:35:57,@ellieanagnostou7545,ITS OVERRERE
Seoul,2,1,BROTHERHOOD,idl.global,1:35:57,@bea-ok3pl,DEF SCOTTS CHOREO
Seoul,2,1,BROTHERHOOD,idl.global,1:35:58,@Tepaneyy,THEY USEEE KOREANNN MUSIC BRUH YESSSSSSSSSSSSS
Seoul,2,1,BROTHERHOOD,idl.global,1:35:59,@cent.exclsv,gahdayum
Seoul,2,1,BROTHERHOOD,idl.global,1:35:59,@Mavisymra,LET’S GOOOO BH
Seoul,2,1,BROTHERHOOD,idl.global,1:36:00,@hyunjinswife2248,PH STILL WINNING HAHA
Seoul,2,1,BROTHERHOOD,idl.global,1:36:00,@alixyrm,YESSSSSSSS
Seoul,2,1,BROTHERHOOD,idl.global,1:36:00,@arh1d3a,THATS HARD
Seoul,2,1,1MILLION,idl.global,1:37:23,@gqbb1ii.llsszz,who won?
Seoul,2,1,1MILLION,idl.global,1:37:23,@ludosss30,fckin insane INSANEEE
Seoul,2,1,1MILLION,idl.global,1:37:23,@Bitcxbed,brooo that was elitesee
Seoul,2,1,1MILLION,idl.global,1:37:23,@vulcanifilio,another carry?
Seoul,2,1,1MILLION,idl.global,1:37:25,@aintnate14,LETS GO SAJA BOYSSSSSS
Seoul,2,1,1MILLION,idl.global,1:37:25,@savage_general9740,I'm Scared
Seoul,2,1,1MILLION,idl.global,1:37:25,@Anastasia-rt4mi,BH
Seoul,2,1,1MILLION,idl.global,1:37:26,@wellviewstories,1M VS BRH
Seoul,2,1,1MILLION,idl.global,1:37:26,@rtbd.6933,musique de merde
Seoul,2,1,1MILLION,idl.global,1:37:26,@Kimminie-u,BH :on!_arrow::top_arrow:
Seoul,2,1,1MILLION,idl.global,1:37:26,@NEMESIS80091,so goodddd:loudly_crying_face:
Seoul,2,1,1MILLION,idl.global,1:37:27,@mathyunghyunsukieee3957,saja bro for the win :rolling_on_the_floor_laughing::rolling_on_the_floor_laughing::rolling_on_the_floor_laughing:
Seoul,2,1,1MILLION,idl.global,1:37:28,@bpinkbit,1MILL LOCK IN
Seoul,2,1,1MILLION,idl.global,1:37:28,@theIAM_,brotherhood cleansweep man what the heck that was awesome!!
Seoul,2,1,1MILLION,idl.global,1:37:29,@purpleey854,Reference was insane cuh
Seoul,2,1,1MILLION,idl.global,1:37:29,@pim_1213,Wow amazing moves..BROTHERHOOD:red_heart::red_heart::red_heart::red_heart:
Seoul,2,1,1MILLION,idl.global,1:37:29,@ellieanagnostou7545,BRHD WAS CRAZY FOR THAT
Seoul,2,1,1MILLION,idl.global,1:37:29,@spencersayno,Huge Congrats BROTHERHOOD :raising_hands::red_heart:
Seoul,2,1,1MILLION,idl.global,1:37:29,@johnpauloli9102,PINOOOOY
Seoul,2,1,1MILLION,idl.global,1:37:30,@ghstboi4045,RIGGEDDDDDD BROTHERHOOD BORING ASL
Seoul,2,1,1MILLION,idl.global,1:37:31,@takeyyshi,ang angas nung kdh :loudly_crying_face:
Seoul,2,1,1MILLION,idl.global,1:37:32,@captain.p2169,WRAP THIS SHIT OUT
Seoul,2,1,1MILLION,idl.global,1:37:32,@HoshiOkiro,RF 3RD PLACE AGAINN
Seoul,2,1,1MILLION,idl.global,1:37:32,@CatherineTanteras-n3n,BROTHERHOOD!! YOWWWW :fire:
Seoul,2,1,1MILLION,idl.global,1:37:33,@aintnate14,BRHD FTW
Seoul,2,1,1MILLION,idl.global,1:37:34,@dumpiezzz,Fireeeee
Seoul,2,1,1MILLION,idl.global,1:37:35,@avy_guel22,Goosebumps RH
Seoul,2,1,1MILLION,idl.global,1:37:35,@hyunjinswife2248,HOMETURF
Seoul,2,1,1MILLION,idl.global,1:37:35,@---wy8zq,BRHD WAS AMAZING
Seoul,2,1,1MILLION,idl.global,1:37:36,@eve4560,BRHD FOR DA WINNN
Seoul,2,1,1MILLION,idl.global,1:37:37,@hroyhn,BRHD WIN
Seoul,2,1,1MILLION,idl.global,1:37:37,@roselynronquillo853,WATTT
Seoul,2,1,1MILLION,idl.global,1:37:38,@lowkeygraphic,WAAAAAAAHHHH!!!!!!!!!!!
Seoul,2,1,1MILLION,idl.global,1:37:39,@luckyfroakie,why does every team other than 1mil seem so out of energy?? :man_cook::man_cook::man_cook:
Seoul,2,1,1MILLION,idl.global,1:37:39,@---wy8zq,THAT WAS CRAZY
Seoul,2,1,1MILLION,idl.global,1:37:41,@LucasPasig,EW
Seoul,2,1,1MILLION,idl.global,1:37:41,@bea-ok3pl,IF BROTHERHOOD DOESNT WIN IM SPOILING THE NEW SPIDERMAN MOVIE
Seoul,2,1,1MILLION,idl.global,1:37:42,@Anastasia-rt4mi,Brotherhood
Seoul,2,1,1MILLION,idl.global,1:37:42,@vulcanifilio,spooderman
Seoul,2,1,1MILLION,idl.global,1:37:43,@rynfrrr,SPIDER MAN
Seoul,2,1,1MILLION,idl.global,1:37:44,@LucasPasig,LIKE A SPIDER
Seoul,2,1,1MILLION,idl.global,1:37:44,@cenamoncenamobuns,OUUUUUUUUU
Seoul,2,1,1MILLION,idl.global,1:37:44,@takeyyshi,oh-
Seoul,2,1,1MILLION,idl.global,1:37:45,@nishimurr0,dang spider
Seoul,2,1,1MILLION,idl.global,1:37:48,@noelverzosa8127,straight up favoritism on brhd btw LOLLLLL
Seoul,2,1,1MILLION,idl.global,1:37:50,@ZylixMeta,whatt!!!
Seoul,2,1,1MILLION,idl.global,1:37:50,@kevinbriang.garcia6398,CHAMMPSSS
Seoul,2,1,1MILLION,idl.global,1:37:51,@vahnyk,nH brdh wins
Seoul,2,1,1MILLION,idl.global,1:37:51,@takeyyshi,its giving spiderman
Seoul,2,1,1MILLION,idl.global,1:37:51,@ohhtris,brotherhood for the win
Seoul,2,1,1MILLION,idl.global,1:37:51,@heinzfel,1 m so good
Seoul,2,1,1MILLION,idl.global,1:37:52,@rosemarieupodparisan,is brotherhood done?
Seoul,2,1,1MILLION,idl.global,1:37:52,@xshckwave,what the HELLLLL
Seoul,2,1,1MILLION,idl.global,1:37:53,@miyowww,OH GUYSSS OHHHHH
Seoul,2,1,1MILLION,idl.global,1:37:54,@lowkeygraphic,ANOTHER CHIP!!!!
Seoul,2,1,1MILLION,idl.global,1:37:55,@Smithanonymous,They came out with the hats and I KNEW it was gonna be :sparkles:ICONIC:sparkles:
Seoul,2,1,1MILLION,idl.global,1:37:57,@arh1d3a,omgggggg
Seoul,2,1,1MILLION,idl.global,1:37:57,@Tepaneyy,HELL NAHHHH
Seoul,2,1,1MILLION,idl.global,1:37:58,@Idkkkkkkk-777,NO I MISSED BROTHERHOOD I WAS ON THE TT LIVE AND THEN IT ENDED :loudly_crying_face:
Seoul,2,1,1MILLION,idl.global,1:37:58,@victxriah,WFTFFFFFF
Seoul,2,1,1MILLION,idl.global,1:37:58,@jairozkentbazarsoria2253,I KNOW THAT AMAZON POSE
Seoul,2,1,1MILLION,idl.global,1:38:00,@sentsent7246,GG
Seoul,2,1,1MILLION,idl.global,1:38:01,@heinzfel,spider
Seoul,2,1,1MILLION,idl.global,1:38:01,@miguelpondevida9238,WAITTTTT
Seoul,2,1,1MILLION,idl.global,1:38:01,@bea-ok3pl,oh this is goooooddd
Seoul,2,1,1MILLION,idl.global,1:38:02,@pieceofdoe,CREEPY CRAWLY INDEED
Seoul,2,1,1MILLION,idl.global,1:38:02,@hshszzi,weak
Seoul,2,1,1MILLION,idl.global,1:38:03,@jj1728,THIS IS CONCEPTTT!!!
Seoul,2,1,1MILLION,idl.global,1:38:03,@jjjjjjjoshu,brhd taking it
Seoul,2,1,1MILLION,idl.global,1:38:03,@Banana-ph4vq,ER
Seoul,2,1,1MILLION,idl.global,1:38:03,@purpleey854,Nah bruh
Seoul,2,1,1MILLION,idl.global,1:38:04,@JouhannaLouiseGalela,if bh didnt win id cry
Seoul,2,1,1MILLION,idl.global,1:38:04,@swaragopal,EVEYONE IS FONE
Seoul,2,1,1MILLION,idl.global,1:38:04,@briannajean376,oh nah
Seoul,2,1,1MILLION,idl.global,1:38:04,@hroyhn,brhd energy was up
Seoul,2,1,1MILLION,idl.global,1:38:05,@xshckwave,OH 1M ARE TAKING ITTT
Seoul,2,1,1MILLION,idl.global,1:38:06,@jeewonkim0111,whats up danger
Seoul,2,1,1MILLION,idl.global,1:38:07,@takeyyshi,OHHH SPIDERMAAANN
Seoul,2,1,1MILLION,idl.global,1:38:08,@shiryu1094,BROTHERHOOOD TO
Seoul,2,1,1MILLION,idl.global,1:38:09,@ceff_uses_cross_poison,WHATS UP DANGER
Seoul,2,1,1MILLION,idl.global,1:38:09,@asteriawho,okaayyyyyy
Seoul,2,1,1MILLION,idl.global,1:38:09,@MotivatedPotatoKnish,yooooo
Seoul,2,1,1MILLION,idl.global,1:38:10,@vulcanifilio,ooh they didn't come to play
Seoul,2,1,1MILLION,idl.global,1:38:10,@jjjjjjjoshu,OKAY BRHD TAKING IT IM SURE
Seoul,2,1,1MILLION,idl.global,1:38:10,@swaragopal,EVETOE IS DONE
Seoul,2,1,1MILLION,idl.global,1:38:12,@shanna9821,Love this song. Spider-Man
Seoul,2,1,1MILLION,idl.global,1:38:13,@swaragopal,HOLY SHRT
Seoul,2,1,1MILLION,idl.global,1:38:13,@Tepaneyy,BRDH
Seoul,2,1,1MILLION,idl.global,1:38:13,@whois_kenz,lowkey messy
Seoul,2,1,1MILLION,idl.global,1:38:14,@justenz5,ATEEEEEE
Seoul,2,1,1MILLION,idl.global,1:38:14,@fryllecarosus1263,"1 MILLION IS EATING TOO, SHEEESSHHHHHH"
Seoul,2,1,1MILLION,idl.global,1:38:16,@j.feelinright,is this BTS song??
Seoul,2,1,1MILLION,idl.global,1:38:16,@hyunjinswife2248,MIS
Seoul,2,1,1MILLION,idl.global,1:38:17,@heinzfel,OOOOHH WHAT SUP DANGERR
Seoul,2,1,1MILLION,idl.global,1:38:17,@b__2710,1M stay messy
Seoul,2,1,1MILLION,idl.global,1:38:17,@PriyobartaSorenshangbam,Ewwww sooo mid and messy
Seoul,2,1,1MILLION,idl.global,1:38:18,@bea-ok3pl,EWWW SO GOOD
Seoul,2,1,1MILLION,idl.global,1:38:18,@ken-l1p8u,DANNBB
Seoul,2,1,1MILLION,idl.global,1:38:19,@purpleey854,Brhd cleaner
Seoul,2,1,1MILLION,idl.global,1:38:19,@Christinaa2300,oh fkkk
Seoul,2,1,1MILLION,idl.global,1:38:19,@Kayabread,Bro 1M creativity is insane
Seoul,2,1,1MILLION,idl.global,1:38:19,@riannetenedero6233,ehhhhh
Seoul,2,1,1MILLION,idl.global,1:38:20,@hyunjinswife2248,MID
Seoul,2,1,1MILLION,idl.global,1:38:20,@mariselasutton957,BROOOO DIDNT 1M DO KPOP DEMON HUNTERS LIKE 2 COMPS AGO??!
Seoul,2,1,1MILLION,idl.global,1:38:20,@vhs_dreams_yt,nah this is wild
Seoul,2,1,1MILLION,idl.global,1:38:20,@skizrcha4978,LETSGO BRHD!!!
Seoul,2,1,1MILLION,idl.global,1:38:20,@vqyzna,yoooooooo
Seoul,2,1,1MILLION,idl.global,1:38:20,@Sean_S_00,SPIDERMAN
Seoul,2,1,1MILLION,idl.global,1:38:21,@slayonika,bh
Seoul,2,1,1MILLION,idl.global,1:38:21,@tookakuidude1121,different style from them
Seoul,2,1,1MILLION,idl.global,1:38:22,@channe156,BHD cooking
Seoul,2,1,1MILLION,idl.global,1:38:22,@lourencediana5680,DO WE STILL NEED TO WATCH THIS? BROTHERHOOD ALREADY WON!!
Seoul,2,1,1MILLION,idl.global,1:38:22,@jaehyunjepsen,this is mihawk's
Seoul,2,1,1MILLION,idl.global,1:38:22,@ewrinka,kinda boring 🫩
Seoul,2,1,1MILLION,idl.global,1:38:23,@kunsyaman,IS THIS MONSTA X
Seoul,2,1,1MILLION,idl.global,1:38:23,@ohhtris,why dat
Seoul,2,1,1MILLION,idl.global,1:38:24,@heinzfel,THE SPIDERMAN SONG DURING SPIDERMAN SEASONNNN
Seoul,2,1,1MILLION,idl.global,1:38:24,@DevsCarbin,SAJA BOY PA RENNNNNNNNNNNNNNNNNN
Seoul,2,1,1MILLION,idl.global,1:38:24,@vahnyk,rigged if brhd doesnt win
Seoul,2,1,1MILLION,idl.global,1:38:25,@æ-ditt,go 1m
Seoul,2,1,1MILLION,idl.global,1:38:25,@Shortfilmjudge123,dammmn
Seoul,2,1,1MILLION,idl.global,1:38:25,@hyunjinswife2248,NAH
Seoul,2,1,1MILLION,idl.global,1:38:25,@jj1728,FOCCCCC
Seoul,2,1,1MILLION,idl.global,1:38:26,@Tepaneyy,GUYSSSS VOTEEE FOR BRDH
Seoul,2,1,1MILLION,idl.global,1:38:26,@xshckwave,all the brhd fans mad that they eating tf up
Seoul,2,1,1MILLION,idl.global,1:38:26,@rionvert,underwhelming
Seoul,2,1,1MILLION,idl.global,1:38:26,@riwandaalexandra,YESSSSSS 1MILLIONNNMMM
Seoul,2,1,1MILLION,idl.global,1:38:28,@angie.n9u,Brotherhood is better
Seoul,2,1,1MILLION,idl.global,1:38:30,@stupidlynene5633,i love this style omg
Seoul,2,1,1MILLION,idl.global,1:38:30,@skizrcha4978,BRHD SWEEP
Seoul,2,1,1MILLION,idl.global,1:38:30,@richardmagdasal4153,they Stick to demons always
Seoul,2,1,1MILLION,idl.global,1:38:31,@Mxkoelle,HOLY SPIDERMAN
Seoul,2,1,1MILLION,idl.global,1:38:32,@LaurenceOrcana,rffffffdfffffffffffff
Seoul,2,1,1MILLION,idl.global,1:38:32,@shanna9821,Song from Spider-Man into spider verse
Seoul,2,1,1MILLION,idl.global,1:38:33,@takeyyshi,so kewl tho
Seoul,2,1,1MILLION,idl.global,1:38:33,@dracosession3893,oh i thought they were STILL gonna go crazy
Seoul,2,1,1MILLION,idl.global,1:38:33,@vhs_dreams_yt,"nooooooooooo, this is mild"
Seoul,2,1,1MILLION,idl.global,1:38:34,@benedicttamayo9799,Still Brotherhood!!
Seoul,2,1,1MILLION,idl.global,1:38:35,@bea-ok3pl,brhd 1st 1m 2nd rf 3rd
Seoul,2,1,1MILLION,idl.global,1:38:36,@hyunjinswife2248,NOPE
Seoul,2,1,1MILLION,idl.global,1:38:37,@gretaaa7122,They need to winn
Seoul,2,1,1MILLION,idl.global,1:38:37,@takeyyshi,brotherhoods good also
Seoul,2,1,1MILLION,idl.global,1:38:37,@7valeritha,naaaah brotherhood ateeee
Seoul,2,1,1MILLION,idl.global,1:38:38,@ginalyndizon2400,I million is leveling uppppo
Seoul,2,1,1MILLION,idl.global,1:38:38,@ReVeLy-ez3qt,WHAT SONG IS THIS
Seoul,2,1,1MILLION,idl.global,1:38:39,@eve4560,BRHD COOKED
Seoul,2,1,1MILLION,idl.global,1:38:39,@noelverzosa8127,"if not RF, 1MILLIONNNN!!!!!!!!"
Seoul,2,1,1MILLION,idl.global,1:38:40,@ohhtris,fire brotherhood
Seoul,2,1,1MILLION,idl.global,1:38:40,@lare_berry,YAAAAASSSSS
Seoul,2,1,1MILLION,idl.global,1:38:40,@riannetenedero6233,EHHHHHHHH
Seoul,2,1,1MILLION,idl.global,1:38:40,@ArgelJosephTamelin,BROTHERHOOD SET STANDARD HIGH HAHAHAHA MID
Seoul,2,1,1MILLION,idl.global,1:38:41,@DJJD17,wowwwwwww!
Seoul,2,1,1MILLION,idl.global,1:38:41,@justinguiniling4675,no energy
Seoul,2,1,1MILLION,idl.global,1:38:42,@Karlzrkx,music kinda lamd but the dance is freaking clean
Seoul,2,1,1MILLION,idl.global,1:38:42,@hshszzi,WOAHHY
Seoul,2,1,1MILLION,idl.global,1:38:42,@PriyobartaSorenshangbam,Ewww so mid
Seoul,2,1,1MILLION,idl.global,1:38:43,@dracosession3893,helppp brhd still cleared at the end :loudly_crying_face::loudly_crying_face::loudly_crying_face:
Seoul,2,1,1MILLION,idl.global,1:38:43,@fryllecarosus1263,OH SHIIII
Seoul,2,1,1MILLION,idl.global,1:38:43,@toshq_q,good but mid
Seoul,2,1,1MILLION,idl.global,1:38:44,@guuuu7j7654,Nop
Seoul,2,1,1MILLION,idl.global,1:38:44,@tookakuidude1121,i love number 7 so muchhh
Seoul,2,1,1MILLION,idl.global,1:38:44,@vhs_dreams_yt,brothredhood won again.
Seoul,2,1,1MILLION,idl.global,1:38:45,@whois_kenz,lowkey mid and boring
Seoul,2,1,1MILLION,idl.global,1:38:45,@SOMMLAPTOP,2NDDDD
Seoul,2,1,1MILLION,idl.global,1:38:46,@PriyobartaSorenshangbam,Sooo midd ewww
Seoul,2,1,1MILLION,idl.global,1:38:46,@inomkape,spiderman theme
Seoul,2,1,1MILLION,idl.global,1:38:46,@nevieluvs,BH god it
Seoul,2,1,1MILLION,idl.global,1:38:47,@ajparaiso8455,Underwhelming
Seoul,2,1,1MILLION,idl.global,1:38:47,@stooopeeed,NAHHH
Seoul,2,1,1MILLION,idl.global,1:38:47,@hyunjinswife2248,"ok lang panalo pa rin sila, home turf hHa"
Seoul,2,1,1MILLION,idl.global,1:38:48,@bea-ok3pl,good but brotherhood cooked
Seoul,2,1,1MILLION,idl.global,1:38:49,@hroyhn,brhd was better
Seoul,2,1,1MILLION,idl.global,1:38:49,@mathyunghyunsukieee3957,WALA NA BRHD NA TALAGA :rolling_on_the_floor_laughing:
Seoul,2,1,1MILLION,idl.global,1:38:49,@crsn.j,oh i expected too much
Seoul,2,1,1MILLION,idl.global,1:38:50,@PriyobartaSorenshangbam,Ewwwww
Seoul,2,1,1MILLION,idl.global,1:38:51,@shanna9821,What’s up danger from into the spider verse
Seoul,2,1,1MILLION,idl.global,1:38:52,@eleonoradibellucci2352,nahh they winning this
Seoul,2,1,1MILLION,idl.global,1:38:52,@dumpiezzz,This good asf
Seoul,2,1,1MILLION,idl.global,1:38:52,@rtyoen7270,Brotherhoodsss wass goatedd broo
Seoul,2,1,1MILLION,idl.global,1:38:53,@vahnyk,music lame
Seoul,2,1,1MILLION,idl.global,1:38:53,@dracosession3893,Music couldve been better oml
Seoul,2,1,1MILLION,idl.global,1:38:54,@kenjifd,IDK WHAT TO SAY
Seoul,2,1,1MILLION,idl.global,1:38:54,@mulaaxmoraa,imagine going after brotherhood
Seoul,2,1,1MILLION,idl.global,1:38:54,@KeiSumiyoshi,NAHHHH MID
Seoul,2,1,1MILLION,idl.global,1:38:55,@SOMMLAPTOP,ITS SPIDER MAN DAY
Seoul,2,1,1MILLION,idl.global,1:38:55,@melissalin1713,the synchronization is insane
Seoul,2,1,1MILLION,idl.global,1:38:55,@Eievuy,If they have judas as the second set they would've have won bcs wth is this?
Seoul,2,1,1MILLION,idl.global,1:38:56,@pritongsabaw2878,ala
Seoul,2,1,1MILLION,idl.global,1:38:56,@johndomingo7019,woooo\
Seoul,2,1,1MILLION,idl.global,1:38:56,@rtbd.6933,its cringey
Seoul,2,1,1MILLION,idl.global,1:38:56,@lykosine,WOA
Seoul,2,1,1MILLION,idl.global,1:38:56,@alexie-x5i,YOOOOOO
Seoul,2,1,1MILLION,idl.global,1:38:57,@RubyCrystal-u1y,mild
Seoul,2,1,1MILLION,idl.global,1:38:57,@loraileys,they good but song ain't giving .
Seoul,2,1,1MILLION,idl.global,1:38:57,@toshq_q,too many hand movements
Seoul,2,1,1MILLION,idl.global,1:38:57,@dollie3488,LETS GO BROTHERHOOD WONNNN
Seoul,2,1,1MILLION,idl.global,1:38:57,@jjjjjjjoshu,yea brhd came clean
Seoul,2,1,1MILLION,idl.global,1:38:57,@ginalyndizon2400,they're leveling upppp
Seoul,2,1,1MILLION,idl.global,1:38:58,@jj1728,THEY TAKING THISSSSSS
Seoul,2,1,1MILLION,idl.global,1:38:58,@Seunlii-u9n,WOW THIS IS GOOD
Seoul,2,1,1MILLION,idl.global,1:38:58,@ohhtris,lets vote for brotherhood
Seoul,2,1,1MILLION,idl.global,1:38:59,@Mavisymra,oh.. uhm
Seoul,2,1,1MILLION,idl.global,1:38:59,@kweensh1t,that was cleannn
Seoul,2,1,1MILLION,idl.global,1:38:59,@takeyyshi,naangasan parin ako sa hat ng brhd :loudly_crying_face:
Seoul,2,1,1MILLION,idl.global,1:39:00,@vmese,bro
Seoul,2,1,1MILLION,idl.global,1:39:00,@vqyzna,HOLLYYYYYY 1M
Seoul,2,1,1MILLION,idl.global,1:39:00,@rtyoen7270,Brotherhoods best set definitely
Seoul,2,1,1MILLION,idl.global,1:39:00,@agustu_iosifdivinagracia_d7220,1MILLIONNN OMG
Seoul,2,1,1MILLION,idl.global,1:39:01,@ashwoned,SPIDERMAN??!!!
Seoul,2,1,1MILLION,idl.global,1:39:01,@MotivatedPotatoKnish,this fire
Seoul,2,1,1MILLION,idl.global,1:39:01,@mikomontemayor8183,gosh 1million
Seoul,2,1,1MILLION,idl.global,1:39:03,@b25kyleclareyvillareal66,1mil diff
Seoul,2,1,1MILLION,idl.global,1:39:04,@richardmagdasal4153,they diss the brh too popping
Seoul,2,1,1MILLION,idl.global,1:39:04,@avy_guel22,Lakass din
Seoul,2,1,1MILLION,idl.global,1:39:04,@bruhify786,damn this one might beat brotherhood
Seoul,2,1,1MILLION,idl.global,1:39:05,@victxriah,cleannnn
Seoul,2,1,1MILLION,idl.global,1:39:05,@cottonmyeon2775,Shongit music
Seoul,2,1,1MILLION,idl.global,1:39:05,@mikehawk8744,I lowkey like their first one better
Seoul,2,1,1MILLION,idl.global,1:39:05,@justenz5,HOLY SHYT
Seoul,2,1,1MILLION,idl.global,1:39:05,@alvindevibar5193,brotherhood still got it
Seoul,2,1,1MILLION,idl.global,1:39:06,@dracosession3893,"they did so good at R1, why this song bye"
Seoul,2,1,1MILLION,idl.global,1:39:06,@DJJD17,debbyyyyyy!!!!
Seoul,2,1,1MILLION,idl.global,1:39:07,@jjjjjjjoshu,right..right
Seoul,2,1,1MILLION,idl.global,1:39:07,@meow_meowieee,THE FORMATIONS!?
Seoul,2,1,1MILLION,idl.global,1:39:08,@yowzzz05,POPPINGGG
Seoul,2,1,1MILLION,idl.global,1:39:08,@RafaelWFH,IF 1M WON ITS COOK
Seoul,2,1,1MILLION,idl.global,1:39:08,@yancylaraine1791,LINISSSSS
Seoul,2,1,1MILLION,idl.global,1:39:08,@biancapatiag,OKAY tutting and popping
Seoul,2,1,1MILLION,idl.global,1:39:09,@vmese,they're taking this
Seoul,2,1,1MILLION,idl.global,1:39:09,@chen61197,Woahhhhh
Seoul,2,1,1MILLION,idl.global,1:39:10,@kunsyaman,poppers cld be stronger icl
Seoul,2,1,1MILLION,idl.global,1:39:10,@UwU-on8kq,THEY EATINGGG\
Seoul,2,1,1MILLION,idl.global,1:39:10,@Not_kassu,HOLYYY
Seoul,2,1,1MILLION,idl.global,1:39:10,@hyunjinswife2248,NAHHHHH
Seoul,2,1,1MILLION,idl.global,1:39:10,@mathyunghyunsukieee3957,knpop demon hunter tau :rolling_on_the_floor_laughing:
Seoul,2,1,1MILLION,idl.global,1:39:11,@Aether_Yang,dqmn
Seoul,2,1,1MILLION,idl.global,1:39:11,@mikehawk8744,Ok that was clean
Seoul,2,1,1MILLION,idl.global,1:39:11,@RubyCrystal-u1y,ok 3rd PLACE!
Seoul,2,1,1MILLION,idl.global,1:39:11,@lare_berry,NICEEEE
Seoul,2,1,1MILLION,idl.global,1:39:12,@SOMMLAPTOP,WOAHHHHHHHHHHHHHHHH
Seoul,2,1,1MILLION,idl.global,1:39:12,@loraileys,wait they eating
Seoul,2,1,1MILLION,idl.global,1:39:12,@nevieluvs,mid song choice
Seoul,2,1,1MILLION,idl.global,1:39:12,@Kayabread,Oh shit danggg
Seoul,2,1,1MILLION,idl.global,1:39:13,@jj1728,NAHHH THEY TAKING THISSSS WIN
Seoul,2,1,1MILLION,idl.global,1:39:13,@takeyyshi,spidermann
Seoul,2,1,1MILLION,idl.global,1:39:13,@ellieanagnostou7545,BRHD was way better
Seoul,2,1,1MILLION,idl.global,1:39:13,@wonpiri___jinani3340,YUP THEYRE TAKING IT
Seoul,2,1,1MILLION,idl.global,1:39:13,@vmese,no way
Seoul,2,1,1MILLION,idl.global,1:39:14,@wonpiri___jinani3340,HOLY SHT
Seoul,2,1,1MILLION,idl.global,1:39:14,@UwU-on8kq,POPPINGGGG
Seoul,2,1,1MILLION,idl.global,1:39:15,@acotek56,this is asome
Seoul,2,1,1MILLION,idl.global,1:39:15,@patcharasudapetcharat3228,บราเต้อฮูดที่รัก มาแน่
Seoul,2,1,1MILLION,idl.global,1:39:16,@KaeJiratchaya,Brotherhood was so in sync
Seoul,2,1,1MILLION,idl.global,1:39:16,@playingwithoutcredit,DAYM\
Seoul,2,1,1MILLION,idl.global,1:39:16,@Tepaneyy,BDRH
Seoul,2,1,1MILLION,idl.global,1:39:17,@UwU-on8kq,INSANE
Seoul,2,1,1MILLION,idl.global,1:39:17,@Anastasia-rt4mi,Good afs
Seoul,2,1,1MILLION,idl.global,1:39:17,@axelsnootnoot,NOT THE BUMSUP REFERENCE
Seoul,2,1,1MILLION,idl.global,1:39:19,@acotek56,awsome
Seoul,2,1,1MILLION,idl.global,1:39:19,@eve4560,1M SLAYY BUT BRHD CONCEPT IS EVERYTHING
Seoul,2,1,1MILLION,idl.global,1:39:19,@notkat_vlogs,NOOOO THEY COULDVE DONE BETTERRRR BUT BROTHERHOOD SUCKED
Seoul,2,1,1MILLION,idl.global,1:39:19,@meow_meowieee,FREAKKK!
Seoul,2,1,1MILLION,idl.global,1:39:20,@briannajean376,need rf to 2nd place :downcast_face_with_sweat::downcast_face_with_sweat:
Seoul,2,1,1MILLION,idl.global,1:39:20,@Bitcxbed,crazyyy
Seoul,2,1,1MILLION,idl.global,1:39:20,@whois_kenz,mid song
Seoul,2,1,1MILLION,idl.global,1:39:20,@takeyyshi,wats up danger
Seoul,2,1,1MILLION,idl.global,1:39:21,@gretaaa7122,They be eating every time
Seoul,2,1,1MILLION,idl.global,1:39:22,@arianborgonia7645,SHETTTT
Seoul,2,1,1MILLION,idl.global,1:39:22,@SOMMLAPTOP,CLOCKKKKKK
Seoul,2,1,1MILLION,idl.global,1:39:22,@lare_berry,YASSSSSSSSSSSSSSSS
Seoul,2,1,1MILLION,idl.global,1:39:22,@xshckwave,IF 1M DONT WIN ITS RIGGED
Seoul,2,1,1MILLION,idl.global,1:39:23,@CallMeTpain,spider man conceptttttttttttttt
Seoul,2,1,1MILLION,idl.global,1:39:23,@sentsent7246,GG CREATIVITY
Seoul,2,1,1MILLION,idl.global,1:39:23,@jj1728,YUPPP THEY WILL TAKE ITTTTTT
Seoul,2,1,1MILLION,idl.global,1:39:23,@mariabrigettetiburcio5097,bat yan nanalo dinaya bi
Seoul,2,1,1MILLION,idl.global,1:39:23,@vmese,bro they're eatingg
Seoul,2,1,1MILLION,idl.global,1:39:23,@hshszzi,"WEAKK JUST KIDDING, THIS IS SOO PEAKKKKKKK"
Seoul,2,1,1MILLION,idl.global,1:39:23,@aliyaisabel,oh they’re taking this
Seoul,2,1,1MILLION,idl.global,1:39:23,@oratricemechaniquedeanalyse,PWEDE NA 2ND PLACE HAHAHAHAHA
Seoul,2,1,1MILLION,idl.global,1:39:24,@RubyCrystal-u1y,ok 3rd PLACE
Seoul,2,1,1MILLION,idl.global,1:39:24,@justenz5,HOLY SHSTTTTTTT
Seoul,2,1,1MILLION,idl.global,1:39:24,@Bitcxbed,zamn
Seoul,2,1,1MILLION,idl.global,1:39:24,@meow_meowieee,WOHHHHHH
Seoul,2,1,1MILLION,idl.global,1:39:25,@fbhthkdxs,songggggggggggggggggggggggg boring
Seoul,2,1,1MILLION,idl.global,1:39:25,@fryllecarosus1263,OHHH SHIIIII
Seoul,2,1,1MILLION,idl.global,1:39:25,@applenewyorkg,지리넹
Seoul,2,1,1MILLION,idl.global,1:39:26,@Ziweee,oh this is gonna be a hard pick between 1M and BRH
Seoul,2,1,1MILLION,idl.global,1:39:26,@jeduthunzang,pftttttt that was crazy doe
Seoul,2,1,1MILLION,idl.global,1:39:26,@tsukki5536,kinda mid
Seoul,2,1,1MILLION,idl.global,1:39:26,@rtbd.6933,cringe:grimacing_face::grimacing_face::grimacing_face::grimacing_face:
Seoul,2,1,1MILLION,idl.global,1:39:27,@iyelll_r,1M ULTING BRU
Seoul,2,1,1MILLION,idl.global,1:39:27,@HoshiOkiro,SO CLEAN OMMH HI
Seoul,2,1,1MILLION,idl.global,1:39:28,@itsbig.zee2002,Tuff
Seoul,2,1,1MILLION,idl.global,1:39:28,@ThereseViane,BRUH I CAN'T CHOOSE BETWEEN BRHD & 1M
Seoul,2,1,1MILLION,idl.global,1:39:28,@nevieluvs,mid sonf
Seoul,2,1,1MILLION,idl.global,1:39:28,@vqyzna,NAILLEEDDD
Seoul,2,1,1MILLION,idl.global,1:39:28,@NevereverMindeddd,BROTHERHOOD GONNA WIN
Seoul,2,1,1MILLION,idl.global,1:39:28,@mariabrigettetiburcio5097,makalat
Seoul,2,1,1MILLION,idl.global,1:39:29,@jjjjjjjoshu,BEHD IS CREATIVE
Seoul,2,1,1MILLION,idl.global,1:39:30,@JavenSanchez-f2z,halata na b
Seoul,2,1,1MILLION,idl.global,1:39:30,@kunsyaman,OH I SAW BUMSUP TOO
Seoul,2,1,1MILLION,idl.global,1:39:30,@mobfrmdb,if you say mid we your ur BIASED LOLLLLL
Seoul,2,1,1MILLION,idl.global,1:39:30,@benedicttamayo9799,1M 3rd place
Seoul,2,1,1MILLION,idl.global,1:39:32,@Bitcxbed,dangerrr
Seoul,2,1,1MILLION,idl.global,1:39:33,@purpleey854,Brhd cleaner ngl
Seoul,2,1,1MILLION,idl.global,1:39:33,@rodelynledres6321,ironic how the koreans didn’t use a kpop track but ok
Seoul,2,1,1MILLION,idl.global,1:39:34,@takeyyshi,nailedddd
Seoul,2,1,1MILLION,idl.global,1:39:35,@ThereseJazzypimentel,VOTE BROTHERHOOD GUYSSS
Seoul,2,1,1MILLION,idl.global,1:39:35,@ReVeLy-ez3qt,AYEEEEEE ATEEEEEE
Seoul,2,1,1MILLION,idl.global,1:39:35,@UwU-on8kq,OUH SHIII
Seoul,2,1,1MILLION,idl.global,1:39:35,@itsbig.zee2002,THIS ONE IS HARD MAN
Seoul,2,1,1MILLION,idl.global,1:39:36,@lykosine,OMH
Seoul,2,1,1MILLION,idl.global,1:39:36,@ejall770,Brotherhoood won
Seoul,2,1,1MILLION,idl.global,1:39:36,@æ-ditt,eyyyyy
Seoul,2,1,1MILLION,idl.global,1:39:36,@shawn_02,oh shocks it aint clean
Seoul,2,1,1MILLION,idl.global,1:39:38,@avy_guel22,Aaaaaaaa ateee
Seoul,2,1,1MILLION,idl.global,1:39:38,@lexiewescott445,1m winning this
Seoul,2,1,1MILLION,idl.global,1:39:39,@patcharasudapetcharat3228,Brhd เก็บหมด
Seoul,2,1,1MILLION,idl.global,1:39:39,@channe156,"Choreography 1M , Creativity BHD"
Seoul,2,1,1MILLION,idl.global,1:39:39,@parkjihou,BROTHERHOOD GUYS LEZZGO SAJAHOOD
Seoul,2,1,1MILLION,idl.global,1:39:40,@SOMMLAPTOP,CREATIVITYYYY
Seoul,2,1,1MILLION,idl.global,1:39:41,@Logan-r8n8h,Mhmmhmgmgmgmgmgmhm maybeeed
Seoul,2,1,1MILLION,idl.global,1:39:41,@1Catherine,Brotherhood is winning this round
Seoul,2,1,1MILLION,idl.global,1:39:42,@kunsyaman,MIHAWKKKKKKK
Seoul,2,1,1MILLION,idl.global,1:39:42,@jjjjjjjoshu,we all YES WEEE all voting for brhd
Seoul,2,1,1MILLION,idl.global,1:39:42,@NoahEvangelista-123,BROOOO WTH
Seoul,2,1,1MILLION,idl.global,1:39:42,@noriiiibeeddoo,this is good too
Seoul,2,1,1MILLION,idl.global,1:39:43,@MJH977,crowd oohhing and ahhhing for what when they didn't react like this for RF and Brotherhood LOL
Seoul,2,1,1MILLION,idl.global,1:39:43,@takeyyshi,SHITS GOOD
Seoul,2,1,1MILLION,idl.global,1:39:43,@VincentJeffBaronOfonda,brotherhood might loose :face_with_peeking_eye::face_with_peeking_eye::face_with_peeking_eye::face_with_peeking_eye::face_with_open_eyes_and_hand_over_mouth:
Seoul,2,1,1MILLION,idl.global,1:39:44,@maisieynion,1M vs BRHD :fire::fire::fire:
Seoul,2,1,1MILLION,idl.global,1:39:45,@CineClip_01,FIRST PIECE BETTER!!!!
Seoul,2,1,1MILLION,idl.global,1:39:45,@shawn_02,it aint clean
Seoul,2,1,1MILLION,idl.global,1:39:45,@DNCharLeys,1 MILLION STRONG CONTENDERR
Seoul,2,1,1MILLION,idl.global,1:39:46,@justenz5,THEY WON
Seoul,2,1,1MILLION,idl.global,1:39:46,@noriiiibeeddoo,i love this song
Seoul,2,1,1MILLION,idl.global,1:39:46,@rayrey0-1,Mmmmm
Seoul,2,1,1MILLION,idl.global,1:39:46,@soupuuuaaa,BAEK KOOYOUNGGGGGGG
Seoul,2,1,1MILLION,idl.global,1:39:46,@toshq_q,"too many scenarios, not dance"
Seoul,2,1,1MILLION,idl.global,1:39:47,@roselynronquillo853,THIS IS HARDDDDD
Seoul,2,1,1MILLION,idl.global,1:39:47,@ellieanagnostou7545,brhd way cleaner dude
Seoul,2,1,1MILLION,idl.global,1:39:47,@sentsent7246,1 MILLION WILL WIN THIS LOL
Seoul,2,1,1MILLION,idl.global,1:39:48,@Nyx_ze67,brhd won
Seoul,2,1,1MILLION,idl.global,1:39:48,@noelverzosa8127,"IF NOT ROYAL FAMILY, 1MILLION!! SWF SISTERS"
Seoul,2,1,1MILLION,idl.global,1:39:48,@Aether_Yang,damn the song hit
Seoul,2,1,1MILLION,idl.global,1:39:48,@Eievuy,This was such a letdown in R2 im so mad
Seoul,2,1,1MILLION,idl.global,1:39:49,@playingwithoutcredit,bro who do vote for
Seoul,2,1,1MILLION,idl.global,1:39:50,@aintnate14,BROTHERHOOOOOD
Seoul,2,1,1MILLION,idl.global,1:39:50,@oratricemechaniquedeanalyse,SAJA-HOOD PA DIN!!!!!
Seoul,2,1,1MILLION,idl.global,1:39:50,@soupuuuaaa,MIHAWK BACKKKKKKKKKK
Seoul,2,1,1MILLION,idl.global,1:39:51,@3verthay,LETS GOOOO BROTHERHOOD
Seoul,2,1,1MILLION,idl.global,1:39:51,@JudryRuz-j7f,looks like 1m will win tonight
Seoul,2,1,1MILLION,idl.global,1:39:51,@parkjihou,SAJAHOOD LEZZGO
Seoul,2,1,1MILLION,idl.global,1:39:51,@cabritojermeinevalm.8208,DEBBYYYYY
Seoul,2,1,1MILLION,idl.global,1:39:52,@roselynronquillo853,THEY MIGHT WIN
Seoul,2,1,1MILLION,idl.global,1:39:52,@MW-yi4pq,"sooo much posses 1m, but they created"
Seoul,2,1,1MILLION,idl.global,1:39:52,@jj1728,THIS IS CREATIVITYYY!!!!!
Seoul,2,1,1MILLION,idl.global,1:39:53,@Helyum3,1M win
Seoul,2,1,1MILLION,idl.global,1:39:53,@takeyyshi,"1M vs Brhddd, damnn"
Seoul,2,1,1MILLION,idl.global,1:39:53,@vhs_dreams_yt,this is better than the Royal Family
Seoul,2,1,1MILLION,idl.global,1:39:53,@double_roses,BACK KOOOOYOUNGGGGGGG
Seoul,2,1,1MILLION,idl.global,1:39:53,@Mavisymra,VOTE BROTHERHOOD!
Seoul,2,1,1MILLION,idl.global,1:39:54,@u8dren,mannequeen nusic reference
Seoul,2,1,1MILLION,idl.global,1:39:54,@mathyunghyunsukieee3957,brhd pdn :rolling_on_the_floor_laughing:
Seoul,2,1,1MILLION,idl.global,1:39:55,@1Catherine,The song choice is something
Seoul,2,1,1MILLION,idl.global,1:39:55,@heinzfel,so good
Seoul,2,1,1MILLION,idl.global,1:39:56,@miguelpondevida9238,What is this we are charlie kirk sounding ass song
Seoul,2,1,1MILLION,idl.global,1:39:56,@kikay849,BROTHERHOOOOD
Seoul,2,1,1MILLION,idl.global,1:39:57,@vmese,they won
Seoul,2,1,1MILLION,idl.global,1:39:57,@ayen_cat04,BRUH WHO TO VOTE BETWEEN BRHD & 1M?:loudly_crying_face::loudly_crying_face::loudly_crying_face:
Seoul,2,1,1MILLION,idl.global,1:39:58,@Yappadappadooo,Brotherhood easily won
Seoul,2,1,1MILLION,idl.global,1:39:58,@ohhtris,brothehood ate it
Seoul,2,1,1MILLION,idl.global,1:39:58,@malennamae,NAHHHH THIS IS NUTS LOL
Seoul,2,1,1MILLION,idl.global,1:39:58,@nevieluvs,first pice was better!!
Seoul,2,1,1MILLION,idl.global,1:39:59,@SarahRada-e3p,damn 1 million ain't playing
Seoul,2,1,1MILLION,idl.global,1:39:59,@encrts,its underwhelming
Seoul,2,1,1MILLION,idl.global,1:39:59,@bzi_rnb,"congrats for 3rd place, 1M!"
Seoul,2,1,1MILLION,idl.global,1:39:59,@hazelvenancio2300,WAAAAAHHHHHHHH
