event,date,venue,round,match,team,fan_vote_count,judge,category,score,total_fan_votes
New York,2026-05-02,Hammerstein Ballroom,1,1,GRV,676,Amari Marshall,Choreography Complexity,8.0,1649
New York,2026-05-02,Hammerstein Ballroom,1,1,GRV,676,Amari Marshall,Staging,8.0,1649
New York,2026-05-02,Hammerstein Ballroom,1,1,GRV,676,Amari Marshall,Musicality,7.0,1649
New York,2026-05-02,Hammerstein Ballroom,1,1,GRV,676,Amari Marshall,Creativity,8.0,1649
New York,2026-05-02,Hammerstein Ballroom,1,1,GRV,676,Amari Marshall,Stylistic Athleticism,8.0,1649
New York,2026-05-02,Hammerstein Ballroom,1,1,GRV,676,Amari Marshall,Cleanliness,8.0,1649
New York,2026-05-02,Hammerstein Ballroom,1,1,GRV,676,Amari Marshall,Technical Execution + Authenticity,8.0,1649
New York,2026-05-02,Hammerstein Ballroom,1,1,GRV,676,Amari Marshall,Spacing,8.0,1649
New York,2026-05-02,Hammerstein Ballroom,1,1,GRV,676,Amari Marshall,Projection/Communication,8.0,1649
New York,2026-05-02,Hammerstein Ballroom,1,1,GRV,676,Amari Marshall,Stamina,9.0,1649
New York,2026-05-02,Hammerstein Ballroom,1,1,QUICK STYLE,973,Amari Marshall,Choreography Complexity,9.0,1649
New York,2026-05-02,Hammerstein Ballroom,1,1,QUICK STYLE,973,Amari Marshall,Staging,10.0,1649
New York,2026-05-02,Hammerstein Ballroom,1,1,QUICK STYLE,973,Amari Marshall,Musicality,10.0,1649
New York,2026-05-02,Hammerstein Ballroom,1,1,QUICK STYLE,973,Amari Marshall,Creativity,9.0,1649
New York,2026-05-02,Hammerstein Ballroom,1,1,QUICK STYLE,973,Amari Marshall,Stylistic Athleticism,8.0,1649
New York,2026-05-02,Hammerstein Ballroom,1,1,QUICK STYLE,973,Amari Marshall,Cleanliness,10.0,1649
New York,2026-05-02,Hammerstein Ballroom,1,1,QUICK STYLE,973,Amari Marshall,Technical Execution + Authenticity,10.0,1649
New York,2026-05-02,Hammerstein Ballroom,1,1,QUICK STYLE,973,Amari Marshall,Spacing,9.0,1649
New York,2026-05-02,Hammerstein Ballroom,1,1,QUICK STYLE,973,Amari Marshall,Projection/Communication,10.0,1649
New York,2026-05-02,Hammerstein Ballroom,1,1,QUICK STYLE,973,Amari Marshall,Stamina,10.0,1649
New York,2026-05-02,Hammerstein Ballroom,1,1,GRV,676,Arnel Calvario,Choreography Complexity,9.0,1649
New York,2026-05-02,Hammerstein Ballroom,1,1,GRV,676,Arnel Calvario,Staging,9.0,1649
New York,2026-05-02,Hammerstein Ballroom,1,1,GRV,676,Arnel Calvario,Musicality,9.0,1649
New York,2026-05-02,Hammerstein Ballroom,1,1,GRV,676,Arnel Calvario,Creativity,9.0,1649
New York,2026-05-02,Hammerstein Ballroom,1,1,GRV,676,Arnel Calvario,Stylistic Athleticism,10.0,1649
New York,2026-05-02,Hammerstein Ballroom,1,1,GRV,676,Arnel Calvario,Cleanliness,8.0,1649
New York,2026-05-02,Hammerstein Ballroom,1,1,GRV,676,Arnel Calvario,Technical Execution + Authenticity,9.0,1649
New York,2026-05-02,Hammerstein Ballroom,1,1,GRV,676,Arnel Calvario,Spacing,8.0,1649
New York,2026-05-02,Hammerstein Ballroom,1,1,GRV,676,Arnel Calvario,Projection/Communication,10.0,1649
New York,2026-05-02,Hammerstein Ballroom,1,1,GRV,676,Arnel Calvario,Stamina,10.0,1649
New York,2026-05-02,Hammerstein Ballroom,1,1,QUICK STYLE,973,Arnel Calvario,Choreography Complexity,9.0,1649
New York,2026-05-02,Hammerstein Ballroom,1,1,QUICK STYLE,973,Arnel Calvario,Staging,8.0,1649
New York,2026-05-02,Hammerstein Ballroom,1,1,QUICK STYLE,973,Arnel Calvario,Musicality,9.0,1649
New York,2026-05-02,Hammerstein Ballroom,1,1,QUICK STYLE,973,Arnel Calvario,Creativity,9.0,1649
New York,2026-05-02,Hammerstein Ballroom,1,1,QUICK STYLE,973,Arnel Calvario,Stylistic Athleticism,9.0,1649
New York,2026-05-02,Hammerstein Ballroom,1,1,QUICK STYLE,973,Arnel Calvario,Cleanliness,9.0,1649
New York,2026-05-02,Hammerstein Ballroom,1,1,QUICK STYLE,973,Arnel Calvario,Technical Execution + Authenticity,9.0,1649
New York,2026-05-02,Hammerstein Ballroom,1,1,QUICK STYLE,973,Arnel Calvario,Spacing,8.0,1649
New York,2026-05-02,Hammerstein Ballroom,1,1,QUICK STYLE,973,Arnel Calvario,Projection/Communication,10.0,1649
New York,2026-05-02,Hammerstein Ballroom,1,1,QUICK STYLE,973,Arnel Calvario,Stamina,9.0,1649
New York,2026-05-02,Hammerstein Ballroom,1,1,GRV,676,Arturo Lyons,Choreography Complexity,8.0,1649
New York,2026-05-02,Hammerstein Ballroom,1,1,GRV,676,Arturo Lyons,Staging,8.0,1649
New York,2026-05-02,Hammerstein Ballroom,1,1,GRV,676,Arturo Lyons,Musicality,10.0,1649
New York,2026-05-02,Hammerstein Ballroom,1,1,GRV,676,Arturo Lyons,Creativity,8.0,1649
New York,2026-05-02,Hammerstein Ballroom,1,1,GRV,676,Arturo Lyons,Stylistic Athleticism,8.0,1649
New York,2026-05-02,Hammerstein Ballroom,1,1,GRV,676,Arturo Lyons,Cleanliness,9.0,1649
New York,2026-05-02,Hammerstein Ballroom,1,1,GRV,676,Arturo Lyons,Technical Execution + Authenticity,8.0,1649
New York,2026-05-02,Hammerstein Ballroom,1,1,GRV,676,Arturo Lyons,Spacing,9.0,1649
New York,2026-05-02,Hammerstein Ballroom,1,1,GRV,676,Arturo Lyons,Projection/Communication,9.0,1649
New York,2026-05-02,Hammerstein Ballroom,1,1,GRV,676,Arturo Lyons,Stamina,9.0,1649
New York,2026-05-02,Hammerstein Ballroom,1,1,QUICK STYLE,973,Arturo Lyons,Choreography Complexity,9.0,1649
New York,2026-05-02,Hammerstein Ballroom,1,1,QUICK STYLE,973,Arturo Lyons,Staging,7.0,1649
New York,2026-05-02,Hammerstein Ballroom,1,1,QUICK STYLE,973,Arturo Lyons,Musicality,10.0,1649
New York,2026-05-02,Hammerstein Ballroom,1,1,QUICK STYLE,973,Arturo Lyons,Creativity,8.0,1649
New York,2026-05-02,Hammerstein Ballroom,1,1,QUICK STYLE,973,Arturo Lyons,Stylistic Athleticism,7.0,1649
New York,2026-05-02,Hammerstein Ballroom,1,1,QUICK STYLE,973,Arturo Lyons,Cleanliness,8.0,1649
New York,2026-05-02,Hammerstein Ballroom,1,1,QUICK STYLE,973,Arturo Lyons,Technical Execution + Authenticity,8.0,1649
New York,2026-05-02,Hammerstein Ballroom,1,1,QUICK STYLE,973,Arturo Lyons,Spacing,7.0,1649
New York,2026-05-02,Hammerstein Ballroom,1,1,QUICK STYLE,973,Arturo Lyons,Projection/Communication,8.0,1649
New York,2026-05-02,Hammerstein Ballroom,1,1,QUICK STYLE,973,Arturo Lyons,Stamina,8.0,1649
New York,2026-05-02,Hammerstein Ballroom,1,1,GRV,676,Chonique Sneed,Choreography Complexity,9.0,1649
New York,2026-05-02,Hammerstein Ballroom,1,1,GRV,676,Chonique Sneed,Staging,8.0,1649
New York,2026-05-02,Hammerstein Ballroom,1,1,GRV,676,Chonique Sneed,Musicality,9.0,1649
New York,2026-05-02,Hammerstein Ballroom,1,1,GRV,676,Chonique Sneed,Creativity,8.0,1649
New York,2026-05-02,Hammerstein Ballroom,1,1,GRV,676,Chonique Sneed,Stylistic Athleticism,8.0,1649
New York,2026-05-02,Hammerstein Ballroom,1,1,GRV,676,Chonique Sneed,Cleanliness,9.0,1649
New York,2026-05-02,Hammerstein Ballroom,1,1,GRV,676,Chonique Sneed,Technical Execution + Authenticity,9.0,1649
New York,2026-05-02,Hammerstein Ballroom,1,1,GRV,676,Chonique Sneed,Spacing,8.0,1649
New York,2026-05-02,Hammerstein Ballroom,1,1,GRV,676,Chonique Sneed,Projection/Communication,9.0,1649
New York,2026-05-02,Hammerstein Ballroom,1,1,GRV,676,Chonique Sneed,Stamina,9.0,1649
New York,2026-05-02,Hammerstein Ballroom,1,1,QUICK STYLE,973,Chonique Sneed,Choreography Complexity,8.0,1649
New York,2026-05-02,Hammerstein Ballroom,1,1,QUICK STYLE,973,Chonique Sneed,Staging,9.0,1649
New York,2026-05-02,Hammerstein Ballroom,1,1,QUICK STYLE,973,Chonique Sneed,Musicality,9.0,1649
New York,2026-05-02,Hammerstein Ballroom,1,1,QUICK STYLE,973,Chonique Sneed,Creativity,10.0,1649
New York,2026-05-02,Hammerstein Ballroom,1,1,QUICK STYLE,973,Chonique Sneed,Stylistic Athleticism,8.0,1649
New York,2026-05-02,Hammerstein Ballroom,1,1,QUICK STYLE,973,Chonique Sneed,Cleanliness,9.0,1649
New York,2026-05-02,Hammerstein Ballroom,1,1,QUICK STYLE,973,Chonique Sneed,Technical Execution + Authenticity,9.0,1649
New York,2026-05-02,Hammerstein Ballroom,1,1,QUICK STYLE,973,Chonique Sneed,Spacing,10.0,1649
New York,2026-05-02,Hammerstein Ballroom,1,1,QUICK STYLE,973,Chonique Sneed,Projection/Communication,9.0,1649
New York,2026-05-02,Hammerstein Ballroom,1,1,QUICK STYLE,973,Chonique Sneed,Stamina,9.0,1649
New York,2026-05-02,Hammerstein Ballroom,1,1,GRV,676,Jamal Sims,Choreography Complexity,9.0,1649
New York,2026-05-02,Hammerstein Ballroom,1,1,GRV,676,Jamal Sims,Staging,9.0,1649
New York,2026-05-02,Hammerstein Ballroom,1,1,GRV,676,Jamal Sims,Musicality,10.0,1649
New York,2026-05-02,Hammerstein Ballroom,1,1,GRV,676,Jamal Sims,Creativity,9.0,1649
New York,2026-05-02,Hammerstein Ballroom,1,1,GRV,676,Jamal Sims,Stylistic Athleticism,10.0,1649
New York,2026-05-02,Hammerstein Ballroom,1,1,GRV,676,Jamal Sims,Cleanliness,8.0,1649
New York,2026-05-02,Hammerstein Ballroom,1,1,GRV,676,Jamal Sims,Technical Execution + Authenticity,9.0,1649
New York,2026-05-02,Hammerstein Ballroom,1,1,GRV,676,Jamal Sims,Spacing,10.0,1649
New York,2026-05-02,Hammerstein Ballroom,1,1,GRV,676,Jamal Sims,Projection/Communication,9.0,1649
New York,2026-05-02,Hammerstein Ballroom,1,1,GRV,676,Jamal Sims,Stamina,10.0,1649
New York,2026-05-02,Hammerstein Ballroom,1,1,QUICK STYLE,973,Jamal Sims,Choreography Complexity,9.0,1649
New York,2026-05-02,Hammerstein Ballroom,1,1,QUICK STYLE,973,Jamal Sims,Staging,9.0,1649
New York,2026-05-02,Hammerstein Ballroom,1,1,QUICK STYLE,973,Jamal Sims,Musicality,9.0,1649
New York,2026-05-02,Hammerstein Ballroom,1,1,QUICK STYLE,973,Jamal Sims,Creativity,9.0,1649
New York,2026-05-02,Hammerstein Ballroom,1,1,QUICK STYLE,973,Jamal Sims,Stylistic Athleticism,9.0,1649
New York,2026-05-02,Hammerstein Ballroom,1,1,QUICK STYLE,973,Jamal Sims,Cleanliness,10.0,1649
New York,2026-05-02,Hammerstein Ballroom,1,1,QUICK STYLE,973,Jamal Sims,Technical Execution + Authenticity,9.0,1649
New York,2026-05-02,Hammerstein Ballroom,1,1,QUICK STYLE,973,Jamal Sims,Spacing,8.0,1649
New York,2026-05-02,Hammerstein Ballroom,1,1,QUICK STYLE,973,Jamal Sims,Projection/Communication,9.0,1649
New York,2026-05-02,Hammerstein Ballroom,1,1,QUICK STYLE,973,Jamal Sims,Stamina,9.0,1649
New York,2026-05-02,Hammerstein Ballroom,1,1,GRV,676,LaTasha Barnes,Choreography Complexity,9.0,1649
New York,2026-05-02,Hammerstein Ballroom,1,1,GRV,676,LaTasha Barnes,Staging,9.0,1649
New York,2026-05-02,Hammerstein Ballroom,1,1,GRV,676,LaTasha Barnes,Musicality,8.0,1649
New York,2026-05-02,Hammerstein Ballroom,1,1,GRV,676,LaTasha Barnes,Creativity,9.0,1649
New York,2026-05-02,Hammerstein Ballroom,1,1,GRV,676,LaTasha Barnes,Stylistic Athleticism,7.0,1649
New York,2026-05-02,Hammerstein Ballroom,1,1,GRV,676,LaTasha Barnes,Cleanliness,7.0,1649
New York,2026-05-02,Hammerstein Ballroom,1,1,GRV,676,LaTasha Barnes,Technical Execution + Authenticity,9.0,1649
New York,2026-05-02,Hammerstein Ballroom,1,1,GRV,676,LaTasha Barnes,Spacing,9.0,1649
New York,2026-05-02,Hammerstein Ballroom,1,1,GRV,676,LaTasha Barnes,Projection/Communication,9.0,1649
New York,2026-05-02,Hammerstein Ballroom,1,1,GRV,676,LaTasha Barnes,Stamina,9.0,1649
New York,2026-05-02,Hammerstein Ballroom,1,1,QUICK STYLE,973,LaTasha Barnes,Choreography Complexity,9.0,1649
New York,2026-05-02,Hammerstein Ballroom,1,1,QUICK STYLE,973,LaTasha Barnes,Staging,9.0,1649
New York,2026-05-02,Hammerstein Ballroom,1,1,QUICK STYLE,973,LaTasha Barnes,Musicality,9.0,1649
New York,2026-05-02,Hammerstein Ballroom,1,1,QUICK STYLE,973,LaTasha Barnes,Creativity,10.0,1649
New York,2026-05-02,Hammerstein Ballroom,1,1,QUICK STYLE,973,LaTasha Barnes,Stylistic Athleticism,8.0,1649
New York,2026-05-02,Hammerstein Ballroom,1,1,QUICK STYLE,973,LaTasha Barnes,Cleanliness,8.0,1649
New York,2026-05-02,Hammerstein Ballroom,1,1,QUICK STYLE,973,LaTasha Barnes,Technical Execution + Authenticity,9.0,1649
New York,2026-05-02,Hammerstein Ballroom,1,1,QUICK STYLE,973,LaTasha Barnes,Spacing,9.0,1649
New York,2026-05-02,Hammerstein Ballroom,1,1,QUICK STYLE,973,LaTasha Barnes,Projection/Communication,10.0,1649
New York,2026-05-02,Hammerstein Ballroom,1,1,QUICK STYLE,973,LaTasha Barnes,Stamina,9.0,1649
New York,2026-05-02,Hammerstein Ballroom,1,2,BROTHERHOOD,2225,Amari Marshall,Choreography Complexity,9.0,2924
New York,2026-05-02,Hammerstein Ballroom,1,2,BROTHERHOOD,2225,Amari Marshall,Staging,10.0,2924
New York,2026-05-02,Hammerstein Ballroom,1,2,BROTHERHOOD,2225,Amari Marshall,Musicality,10.0,2924
New York,2026-05-02,Hammerstein Ballroom,1,2,BROTHERHOOD,2225,Amari Marshall,Creativity,10.0,2924
New York,2026-05-02,Hammerstein Ballroom,1,2,BROTHERHOOD,2225,Amari Marshall,Stylistic Athleticism,9.0,2924
New York,2026-05-02,Hammerstein Ballroom,1,2,BROTHERHOOD,2225,Amari Marshall,Cleanliness,9.0,2924
New York,2026-05-02,Hammerstein Ballroom,1,2,BROTHERHOOD,2225,Amari Marshall,Technical Execution + Authenticity,9.0,2924
New York,2026-05-02,Hammerstein Ballroom,1,2,BROTHERHOOD,2225,Amari Marshall,Spacing,8.0,2924
New York,2026-05-02,Hammerstein Ballroom,1,2,BROTHERHOOD,2225,Amari Marshall,Projection/Communication,10.0,2924
New York,2026-05-02,Hammerstein Ballroom,1,2,BROTHERHOOD,2225,Amari Marshall,Stamina,10.0,2924
New York,2026-05-02,Hammerstein Ballroom,1,2,1MILLION,699,Amari Marshall,Choreography Complexity,9.0,2924
New York,2026-05-02,Hammerstein Ballroom,1,2,1MILLION,699,Amari Marshall,Staging,9.0,2924
New York,2026-05-02,Hammerstein Ballroom,1,2,1MILLION,699,Amari Marshall,Musicality,9.0,2924
New York,2026-05-02,Hammerstein Ballroom,1,2,1MILLION,699,Amari Marshall,Creativity,9.0,2924
New York,2026-05-02,Hammerstein Ballroom,1,2,1MILLION,699,Amari Marshall,Stylistic Athleticism,9.0,2924
New York,2026-05-02,Hammerstein Ballroom,1,2,1MILLION,699,Amari Marshall,Cleanliness,8.0,2924
New York,2026-05-02,Hammerstein Ballroom,1,2,1MILLION,699,Amari Marshall,Technical Execution + Authenticity,8.0,2924
New York,2026-05-02,Hammerstein Ballroom,1,2,1MILLION,699,Amari Marshall,Spacing,9.0,2924
New York,2026-05-02,Hammerstein Ballroom,1,2,1MILLION,699,Amari Marshall,Projection/Communication,8.0,2924
New York,2026-05-02,Hammerstein Ballroom,1,2,1MILLION,699,Amari Marshall,Stamina,10.0,2924
New York,2026-05-02,Hammerstein Ballroom,1,2,BROTHERHOOD,2225,Arnel Calvario,Choreography Complexity,10.0,2924
New York,2026-05-02,Hammerstein Ballroom,1,2,BROTHERHOOD,2225,Arnel Calvario,Staging,9.0,2924
New York,2026-05-02,Hammerstein Ballroom,1,2,BROTHERHOOD,2225,Arnel Calvario,Musicality,9.0,2924
New York,2026-05-02,Hammerstein Ballroom,1,2,BROTHERHOOD,2225,Arnel Calvario,Creativity,9.0,2924
New York,2026-05-02,Hammerstein Ballroom,1,2,BROTHERHOOD,2225,Arnel Calvario,Stylistic Athleticism,9.0,2924
New York,2026-05-02,Hammerstein Ballroom,1,2,BROTHERHOOD,2225,Arnel Calvario,Cleanliness,9.0,2924
New York,2026-05-02,Hammerstein Ballroom,1,2,BROTHERHOOD,2225,Arnel Calvario,Technical Execution + Authenticity,9.0,2924
New York,2026-05-02,Hammerstein Ballroom,1,2,BROTHERHOOD,2225,Arnel Calvario,Spacing,8.0,2924
New York,2026-05-02,Hammerstein Ballroom,1,2,BROTHERHOOD,2225,Arnel Calvario,Projection/Communication,10.0,2924
New York,2026-05-02,Hammerstein Ballroom,1,2,BROTHERHOOD,2225,Arnel Calvario,Stamina,9.0,2924
New York,2026-05-02,Hammerstein Ballroom,1,2,1MILLION,699,Arnel Calvario,Choreography Complexity,9.0,2924
New York,2026-05-02,Hammerstein Ballroom,1,2,1MILLION,699,Arnel Calvario,Staging,10.0,2924
New York,2026-05-02,Hammerstein Ballroom,1,2,1MILLION,699,Arnel Calvario,Musicality,9.0,2924
New York,2026-05-02,Hammerstein Ballroom,1,2,1MILLION,699,Arnel Calvario,Creativity,8.0,2924
New York,2026-05-02,Hammerstein Ballroom,1,2,1MILLION,699,Arnel Calvario,Stylistic Athleticism,9.0,2924
New York,2026-05-02,Hammerstein Ballroom,1,2,1MILLION,699,Arnel Calvario,Cleanliness,9.0,2924
New York,2026-05-02,Hammerstein Ballroom,1,2,1MILLION,699,Arnel Calvario,Technical Execution + Authenticity,9.0,2924
New York,2026-05-02,Hammerstein Ballroom,1,2,1MILLION,699,Arnel Calvario,Spacing,8.0,2924
New York,2026-05-02,Hammerstein Ballroom,1,2,1MILLION,699,Arnel Calvario,Projection/Communication,10.0,2924
New York,2026-05-02,Hammerstein Ballroom,1,2,1MILLION,699,Arnel Calvario,Stamina,9.0,2924
New York,2026-05-02,Hammerstein Ballroom,1,2,BROTHERHOOD,2225,Arturo Lyons,Choreography Complexity,10.0,2924
New York,2026-05-02,Hammerstein Ballroom,1,2,BROTHERHOOD,2225,Arturo Lyons,Staging,10.0,2924
New York,2026-05-02,Hammerstein Ballroom,1,2,BROTHERHOOD,2225,Arturo Lyons,Musicality,10.0,2924
New York,2026-05-02,Hammerstein Ballroom,1,2,BROTHERHOOD,2225,Arturo Lyons,Creativity,10.0,2924
New York,2026-05-02,Hammerstein Ballroom,1,2,BROTHERHOOD,2225,Arturo Lyons,Stylistic Athleticism,9.0,2924
New York,2026-05-02,Hammerstein Ballroom,1,2,BROTHERHOOD,2225,Arturo Lyons,Cleanliness,9.0,2924
New York,2026-05-02,Hammerstein Ballroom,1,2,BROTHERHOOD,2225,Arturo Lyons,Technical Execution + Authenticity,9.0,2924
New York,2026-05-02,Hammerstein Ballroom,1,2,BROTHERHOOD,2225,Arturo Lyons,Spacing,10.0,2924
New York,2026-05-02,Hammerstein Ballroom,1,2,BROTHERHOOD,2225,Arturo Lyons,Projection/Communication,9.0,2924
New York,2026-05-02,Hammerstein Ballroom,1,2,BROTHERHOOD,2225,Arturo Lyons,Stamina,10.0,2924
New York,2026-05-02,Hammerstein Ballroom,1,2,1MILLION,699,Arturo Lyons,Choreography Complexity,7.0,2924
New York,2026-05-02,Hammerstein Ballroom,1,2,1MILLION,699,Arturo Lyons,Staging,7.0,2924
New York,2026-05-02,Hammerstein Ballroom,1,2,1MILLION,699,Arturo Lyons,Musicality,8.0,2924
New York,2026-05-02,Hammerstein Ballroom,1,2,1MILLION,699,Arturo Lyons,Creativity,8.0,2924
New York,2026-05-02,Hammerstein Ballroom,1,2,1MILLION,699,Arturo Lyons,Stylistic Athleticism,8.0,2924
New York,2026-05-02,Hammerstein Ballroom,1,2,1MILLION,699,Arturo Lyons,Cleanliness,8.0,2924
New York,2026-05-02,Hammerstein Ballroom,1,2,1MILLION,699,Arturo Lyons,Technical Execution + Authenticity,8.0,2924
New York,2026-05-02,Hammerstein Ballroom,1,2,1MILLION,699,Arturo Lyons,Spacing,9.0,2924
New York,2026-05-02,Hammerstein Ballroom,1,2,1MILLION,699,Arturo Lyons,Projection/Communication,8.0,2924
New York,2026-05-02,Hammerstein Ballroom,1,2,1MILLION,699,Arturo Lyons,Stamina,10.0,2924
New York,2026-05-02,Hammerstein Ballroom,1,2,BROTHERHOOD,2225,Chonique Sneed,Choreography Complexity,10.0,2924
New York,2026-05-02,Hammerstein Ballroom,1,2,BROTHERHOOD,2225,Chonique Sneed,Staging,9.0,2924
New York,2026-05-02,Hammerstein Ballroom,1,2,BROTHERHOOD,2225,Chonique Sneed,Musicality,9.0,2924
New York,2026-05-02,Hammerstein Ballroom,1,2,BROTHERHOOD,2225,Chonique Sneed,Creativity,10.0,2924
New York,2026-05-02,Hammerstein Ballroom,1,2,BROTHERHOOD,2225,Chonique Sneed,Stylistic Athleticism,9.0,2924
New York,2026-05-02,Hammerstein Ballroom,1,2,BROTHERHOOD,2225,Chonique Sneed,Cleanliness,10.0,2924
New York,2026-05-02,Hammerstein Ballroom,1,2,BROTHERHOOD,2225,Chonique Sneed,Technical Execution + Authenticity,9.0,2924
New York,2026-05-02,Hammerstein Ballroom,1,2,BROTHERHOOD,2225,Chonique Sneed,Spacing,10.0,2924
New York,2026-05-02,Hammerstein Ballroom,1,2,BROTHERHOOD,2225,Chonique Sneed,Projection/Communication,9.0,2924
New York,2026-05-02,Hammerstein Ballroom,1,2,BROTHERHOOD,2225,Chonique Sneed,Stamina,9.0,2924
New York,2026-05-02,Hammerstein Ballroom,1,2,1MILLION,699,Chonique Sneed,Choreography Complexity,9.0,2924
New York,2026-05-02,Hammerstein Ballroom,1,2,1MILLION,699,Chonique Sneed,Staging,9.0,2924
New York,2026-05-02,Hammerstein Ballroom,1,2,1MILLION,699,Chonique Sneed,Musicality,9.0,2924
New York,2026-05-02,Hammerstein Ballroom,1,2,1MILLION,699,Chonique Sneed,Creativity,8.0,2924
New York,2026-05-02,Hammerstein Ballroom,1,2,1MILLION,699,Chonique Sneed,Stylistic Athleticism,9.0,2924
New York,2026-05-02,Hammerstein Ballroom,1,2,1MILLION,699,Chonique Sneed,Cleanliness,8.0,2924
New York,2026-05-02,Hammerstein Ballroom,1,2,1MILLION,699,Chonique Sneed,Technical Execution + Authenticity,10.0,2924
New York,2026-05-02,Hammerstein Ballroom,1,2,1MILLION,699,Chonique Sneed,Spacing,9.0,2924
New York,2026-05-02,Hammerstein Ballroom,1,2,1MILLION,699,Chonique Sneed,Projection/Communication,9.0,2924
New York,2026-05-02,Hammerstein Ballroom,1,2,1MILLION,699,Chonique Sneed,Stamina,9.0,2924
New York,2026-05-02,Hammerstein Ballroom,1,2,BROTHERHOOD,2225,Jamal Sims,Choreography Complexity,9.0,2924
New York,2026-05-02,Hammerstein Ballroom,1,2,BROTHERHOOD,2225,Jamal Sims,Staging,10.0,2924
New York,2026-05-02,Hammerstein Ballroom,1,2,BROTHERHOOD,2225,Jamal Sims,Musicality,10.0,2924
New York,2026-05-02,Hammerstein Ballroom,1,2,BROTHERHOOD,2225,Jamal Sims,Creativity,10.0,2924
New York,2026-05-02,Hammerstein Ballroom,1,2,BROTHERHOOD,2225,Jamal Sims,Stylistic Athleticism,9.0,2924
New York,2026-05-02,Hammerstein Ballroom,1,2,BROTHERHOOD,2225,Jamal Sims,Cleanliness,10.0,2924
New York,2026-05-02,Hammerstein Ballroom,1,2,BROTHERHOOD,2225,Jamal Sims,Technical Execution + Authenticity,10.0,2924
New York,2026-05-02,Hammerstein Ballroom,1,2,BROTHERHOOD,2225,Jamal Sims,Spacing,9.0,2924
New York,2026-05-02,Hammerstein Ballroom,1,2,BROTHERHOOD,2225,Jamal Sims,Projection/Communication,9.0,2924
New York,2026-05-02,Hammerstein Ballroom,1,2,BROTHERHOOD,2225,Jamal Sims,Stamina,10.0,2924
New York,2026-05-02,Hammerstein Ballroom,1,2,1MILLION,699,Jamal Sims,Choreography Complexity,9.0,2924
New York,2026-05-02,Hammerstein Ballroom,1,2,1MILLION,699,Jamal Sims,Staging,9.0,2924
New York,2026-05-02,Hammerstein Ballroom,1,2,1MILLION,699,Jamal Sims,Musicality,8.0,2924
New York,2026-05-02,Hammerstein Ballroom,1,2,1MILLION,699,Jamal Sims,Creativity,9.0,2924
New York,2026-05-02,Hammerstein Ballroom,1,2,1MILLION,699,Jamal Sims,Stylistic Athleticism,8.0,2924
New York,2026-05-02,Hammerstein Ballroom,1,2,1MILLION,699,Jamal Sims,Cleanliness,9.0,2924
New York,2026-05-02,Hammerstein Ballroom,1,2,1MILLION,699,Jamal Sims,Technical Execution + Authenticity,10.0,2924
New York,2026-05-02,Hammerstein Ballroom,1,2,1MILLION,699,Jamal Sims,Spacing,9.0,2924
New York,2026-05-02,Hammerstein Ballroom,1,2,1MILLION,699,Jamal Sims,Projection/Communication,9.0,2924
New York,2026-05-02,Hammerstein Ballroom,1,2,1MILLION,699,Jamal Sims,Stamina,9.0,2924
New York,2026-05-02,Hammerstein Ballroom,1,2,BROTHERHOOD,2225,LaTasha Barnes,Choreography Complexity,10.0,2924
New York,2026-05-02,Hammerstein Ballroom,1,2,BROTHERHOOD,2225,LaTasha Barnes,Staging,10.0,2924
New York,2026-05-02,Hammerstein Ballroom,1,2,BROTHERHOOD,2225,LaTasha Barnes,Musicality,9.0,2924
New York,2026-05-02,Hammerstein Ballroom,1,2,BROTHERHOOD,2225,LaTasha Barnes,Creativity,9.0,2924
New York,2026-05-02,Hammerstein Ballroom,1,2,BROTHERHOOD,2225,LaTasha Barnes,Stylistic Athleticism,10.0,2924
New York,2026-05-02,Hammerstein Ballroom,1,2,BROTHERHOOD,2225,LaTasha Barnes,Cleanliness,9.0,2924
New York,2026-05-02,Hammerstein Ballroom,1,2,BROTHERHOOD,2225,LaTasha Barnes,Technical Execution + Authenticity,9.0,2924
New York,2026-05-02,Hammerstein Ballroom,1,2,BROTHERHOOD,2225,LaTasha Barnes,Spacing,8.0,2924
New York,2026-05-02,Hammerstein Ballroom,1,2,BROTHERHOOD,2225,LaTasha Barnes,Projection/Communication,9.0,2924
New York,2026-05-02,Hammerstein Ballroom,1,2,BROTHERHOOD,2225,LaTasha Barnes,Stamina,10.0,2924
New York,2026-05-02,Hammerstein Ballroom,1,2,1MILLION,699,LaTasha Barnes,Choreography Complexity,9.0,2924
New York,2026-05-02,Hammerstein Ballroom,1,2,1MILLION,699,LaTasha Barnes,Staging,9.0,2924
New York,2026-05-02,Hammerstein Ballroom,1,2,1MILLION,699,LaTasha Barnes,Musicality,8.0,2924
New York,2026-05-02,Hammerstein Ballroom,1,2,1MILLION,699,LaTasha Barnes,Creativity,8.0,2924
New York,2026-05-02,Hammerstein Ballroom,1,2,1MILLION,699,LaTasha Barnes,Stylistic Athleticism,9.0,2924
New York,2026-05-02,Hammerstein Ballroom,1,2,1MILLION,699,LaTasha Barnes,Cleanliness,8.0,2924
New York,2026-05-02,Hammerstein Ballroom,1,2,1MILLION,699,LaTasha Barnes,Technical Execution + Authenticity,8.0,2924
New York,2026-05-02,Hammerstein Ballroom,1,2,1MILLION,699,LaTasha Barnes,Spacing,8.0,2924
New York,2026-05-02,Hammerstein Ballroom,1,2,1MILLION,699,LaTasha Barnes,Projection/Communication,10.0,2924
New York,2026-05-02,Hammerstein Ballroom,1,2,1MILLION,699,LaTasha Barnes,Stamina,10.0,2924
New York,2026-05-02,Hammerstein Ballroom,1,3,ROYAL FAMILY,1200,Amari Marshall,Choreography Complexity,8.0,3008
New York,2026-05-02,Hammerstein Ballroom,1,3,ROYAL FAMILY,1200,Amari Marshall,Staging,8.0,3008
New York,2026-05-02,Hammerstein Ballroom,1,3,ROYAL FAMILY,1200,Amari Marshall,Musicality,8.0,3008
New York,2026-05-02,Hammerstein Ballroom,1,3,ROYAL FAMILY,1200,Amari Marshall,Creativity,7.0,3008
New York,2026-05-02,Hammerstein Ballroom,1,3,ROYAL FAMILY,1200,Amari Marshall,Stylistic Athleticism,9.0,3008
New York,2026-05-02,Hammerstein Ballroom,1,3,ROYAL FAMILY,1200,Amari Marshall,Cleanliness,7.0,3008
New York,2026-05-02,Hammerstein Ballroom,1,3,ROYAL FAMILY,1200,Amari Marshall,Technical Execution + Authenticity,9.0,3008
New York,2026-05-02,Hammerstein Ballroom,1,3,ROYAL FAMILY,1200,Amari Marshall,Spacing,7.0,3008
New York,2026-05-02,Hammerstein Ballroom,1,3,ROYAL FAMILY,1200,Amari Marshall,Projection/Communication,7.0,3008
New York,2026-05-02,Hammerstein Ballroom,1,3,ROYAL FAMILY,1200,Amari Marshall,Stamina,10.0,3008
New York,2026-05-02,Hammerstein Ballroom,1,3,JAM REPUBLIC,1808,Amari Marshall,Choreography Complexity,8.0,3008
New York,2026-05-02,Hammerstein Ballroom,1,3,JAM REPUBLIC,1808,Amari Marshall,Staging,8.0,3008
New York,2026-05-02,Hammerstein Ballroom,1,3,JAM REPUBLIC,1808,Amari Marshall,Musicality,9.0,3008
New York,2026-05-02,Hammerstein Ballroom,1,3,JAM REPUBLIC,1808,Amari Marshall,Creativity,8.0,3008
New York,2026-05-02,Hammerstein Ballroom,1,3,JAM REPUBLIC,1808,Amari Marshall,Stylistic Athleticism,8.0,3008
New York,2026-05-02,Hammerstein Ballroom,1,3,JAM REPUBLIC,1808,Amari Marshall,Cleanliness,7.0,3008
New York,2026-05-02,Hammerstein Ballroom,1,3,JAM REPUBLIC,1808,Amari Marshall,Technical Execution + Authenticity,7.0,3008
New York,2026-05-02,Hammerstein Ballroom,1,3,JAM REPUBLIC,1808,Amari Marshall,Spacing,7.0,3008
New York,2026-05-02,Hammerstein Ballroom,1,3,JAM REPUBLIC,1808,Amari Marshall,Projection/Communication,7.0,3008
New York,2026-05-02,Hammerstein Ballroom,1,3,JAM REPUBLIC,1808,Amari Marshall,Stamina,9.0,3008
New York,2026-05-02,Hammerstein Ballroom,1,3,ROYAL FAMILY,1200,Arnel Calvario,Choreography Complexity,9.0,3008
New York,2026-05-02,Hammerstein Ballroom,1,3,ROYAL FAMILY,1200,Arnel Calvario,Staging,9.0,3008
New York,2026-05-02,Hammerstein Ballroom,1,3,ROYAL FAMILY,1200,Arnel Calvario,Musicality,9.0,3008
New York,2026-05-02,Hammerstein Ballroom,1,3,ROYAL FAMILY,1200,Arnel Calvario,Creativity,8.0,3008
New York,2026-05-02,Hammerstein Ballroom,1,3,ROYAL FAMILY,1200,Arnel Calvario,Stylistic Athleticism,10.0,3008
New York,2026-05-02,Hammerstein Ballroom,1,3,ROYAL FAMILY,1200,Arnel Calvario,Cleanliness,8.0,3008
New York,2026-05-02,Hammerstein Ballroom,1,3,ROYAL FAMILY,1200,Arnel Calvario,Technical Execution + Authenticity,9.0,3008
New York,2026-05-02,Hammerstein Ballroom,1,3,ROYAL FAMILY,1200,Arnel Calvario,Spacing,9.0,3008
New York,2026-05-02,Hammerstein Ballroom,1,3,ROYAL FAMILY,1200,Arnel Calvario,Projection/Communication,10.0,3008
New York,2026-05-02,Hammerstein Ballroom,1,3,ROYAL FAMILY,1200,Arnel Calvario,Stamina,10.0,3008
New York,2026-05-02,Hammerstein Ballroom,1,3,JAM REPUBLIC,1808,Arnel Calvario,Choreography Complexity,9.0,3008
New York,2026-05-02,Hammerstein Ballroom,1,3,JAM REPUBLIC,1808,Arnel Calvario,Staging,10.0,3008
New York,2026-05-02,Hammerstein Ballroom,1,3,JAM REPUBLIC,1808,Arnel Calvario,Musicality,9.0,3008
New York,2026-05-02,Hammerstein Ballroom,1,3,JAM REPUBLIC,1808,Arnel Calvario,Creativity,8.0,3008
New York,2026-05-02,Hammerstein Ballroom,1,3,JAM REPUBLIC,1808,Arnel Calvario,Stylistic Athleticism,9.0,3008
New York,2026-05-02,Hammerstein Ballroom,1,3,JAM REPUBLIC,1808,Arnel Calvario,Cleanliness,8.0,3008
New York,2026-05-02,Hammerstein Ballroom,1,3,JAM REPUBLIC,1808,Arnel Calvario,Technical Execution + Authenticity,8.0,3008
New York,2026-05-02,Hammerstein Ballroom,1,3,JAM REPUBLIC,1808,Arnel Calvario,Spacing,8.0,3008
New York,2026-05-02,Hammerstein Ballroom,1,3,JAM REPUBLIC,1808,Arnel Calvario,Projection/Communication,10.0,3008
New York,2026-05-02,Hammerstein Ballroom,1,3,JAM REPUBLIC,1808,Arnel Calvario,Stamina,10.0,3008
New York,2026-05-02,Hammerstein Ballroom,1,3,ROYAL FAMILY,1200,Arturo Lyons,Choreography Complexity,8.0,3008
New York,2026-05-02,Hammerstein Ballroom,1,3,ROYAL FAMILY,1200,Arturo Lyons,Staging,9.0,3008
New York,2026-05-02,Hammerstein Ballroom,1,3,ROYAL FAMILY,1200,Arturo Lyons,Musicality,8.0,3008
New York,2026-05-02,Hammerstein Ballroom,1,3,ROYAL FAMILY,1200,Arturo Lyons,Creativity,8.0,3008
New York,2026-05-02,Hammerstein Ballroom,1,3,ROYAL FAMILY,1200,Arturo Lyons,Stylistic Athleticism,8.0,3008
New York,2026-05-02,Hammerstein Ballroom,1,3,ROYAL FAMILY,1200,Arturo Lyons,Cleanliness,8.0,3008
New York,2026-05-02,Hammerstein Ballroom,1,3,ROYAL FAMILY,1200,Arturo Lyons,Technical Execution + Authenticity,8.0,3008
New York,2026-05-02,Hammerstein Ballroom,1,3,ROYAL FAMILY,1200,Arturo Lyons,Spacing,9.0,3008
New York,2026-05-02,Hammerstein Ballroom,1,3,ROYAL FAMILY,1200,Arturo Lyons,Projection/Communication,10.0,3008
New York,2026-05-02,Hammerstein Ballroom,1,3,ROYAL FAMILY,1200,Arturo Lyons,Stamina,10.0,3008
New York,2026-05-02,Hammerstein Ballroom,1,3,JAM REPUBLIC,1808,Arturo Lyons,Choreography Complexity,7.0,3008
New York,2026-05-02,Hammerstein Ballroom,1,3,JAM REPUBLIC,1808,Arturo Lyons,Staging,7.0,3008
New York,2026-05-02,Hammerstein Ballroom,1,3,JAM REPUBLIC,1808,Arturo Lyons,Musicality,8.0,3008
New York,2026-05-02,Hammerstein Ballroom,1,3,JAM REPUBLIC,1808,Arturo Lyons,Creativity,8.0,3008
New York,2026-05-02,Hammerstein Ballroom,1,3,JAM REPUBLIC,1808,Arturo Lyons,Stylistic Athleticism,8.0,3008
New York,2026-05-02,Hammerstein Ballroom,1,3,JAM REPUBLIC,1808,Arturo Lyons,Cleanliness,7.0,3008
New York,2026-05-02,Hammerstein Ballroom,1,3,JAM REPUBLIC,1808,Arturo Lyons,Technical Execution + Authenticity,8.0,3008
New York,2026-05-02,Hammerstein Ballroom,1,3,JAM REPUBLIC,1808,Arturo Lyons,Spacing,8.0,3008
New York,2026-05-02,Hammerstein Ballroom,1,3,JAM REPUBLIC,1808,Arturo Lyons,Projection/Communication,8.0,3008
New York,2026-05-02,Hammerstein Ballroom,1,3,JAM REPUBLIC,1808,Arturo Lyons,Stamina,9.0,3008
New York,2026-05-02,Hammerstein Ballroom,1,3,ROYAL FAMILY,1200,Chonique Sneed,Choreography Complexity,8.0,3008
New York,2026-05-02,Hammerstein Ballroom,1,3,ROYAL FAMILY,1200,Chonique Sneed,Staging,9.0,3008
New York,2026-05-02,Hammerstein Ballroom,1,3,ROYAL FAMILY,1200,Chonique Sneed,Musicality,8.0,3008
New York,2026-05-02,Hammerstein Ballroom,1,3,ROYAL FAMILY,1200,Chonique Sneed,Creativity,8.0,3008
New York,2026-05-02,Hammerstein Ballroom,1,3,ROYAL FAMILY,1200,Chonique Sneed,Stylistic Athleticism,8.0,3008
New York,2026-05-02,Hammerstein Ballroom,1,3,ROYAL FAMILY,1200,Chonique Sneed,Cleanliness,8.0,3008
New York,2026-05-02,Hammerstein Ballroom,1,3,ROYAL FAMILY,1200,Chonique Sneed,Technical Execution + Authenticity,9.0,3008
New York,2026-05-02,Hammerstein Ballroom,1,3,ROYAL FAMILY,1200,Chonique Sneed,Spacing,9.0,3008
New York,2026-05-02,Hammerstein Ballroom,1,3,ROYAL FAMILY,1200,Chonique Sneed,Projection/Communication,8.0,3008
New York,2026-05-02,Hammerstein Ballroom,1,3,ROYAL FAMILY,1200,Chonique Sneed,Stamina,9.0,3008
New York,2026-05-02,Hammerstein Ballroom,1,3,JAM REPUBLIC,1808,Chonique Sneed,Choreography Complexity,8.0,3008
New York,2026-05-02,Hammerstein Ballroom,1,3,JAM REPUBLIC,1808,Chonique Sneed,Staging,8.0,3008
New York,2026-05-02,Hammerstein Ballroom,1,3,JAM REPUBLIC,1808,Chonique Sneed,Musicality,8.0,3008
New York,2026-05-02,Hammerstein Ballroom,1,3,JAM REPUBLIC,1808,Chonique Sneed,Creativity,8.0,3008
New York,2026-05-02,Hammerstein Ballroom,1,3,JAM REPUBLIC,1808,Chonique Sneed,Stylistic Athleticism,8.0,3008
New York,2026-05-02,Hammerstein Ballroom,1,3,JAM REPUBLIC,1808,Chonique Sneed,Cleanliness,8.0,3008
New York,2026-05-02,Hammerstein Ballroom,1,3,JAM REPUBLIC,1808,Chonique Sneed,Technical Execution + Authenticity,8.0,3008
New York,2026-05-02,Hammerstein Ballroom,1,3,JAM REPUBLIC,1808,Chonique Sneed,Spacing,9.0,3008
New York,2026-05-02,Hammerstein Ballroom,1,3,JAM REPUBLIC,1808,Chonique Sneed,Projection/Communication,8.0,3008
New York,2026-05-02,Hammerstein Ballroom,1,3,JAM REPUBLIC,1808,Chonique Sneed,Stamina,10.0,3008
New York,2026-05-02,Hammerstein Ballroom,1,3,ROYAL FAMILY,1200,Jamal Sims,Choreography Complexity,9.0,3008
New York,2026-05-02,Hammerstein Ballroom,1,3,ROYAL FAMILY,1200,Jamal Sims,Staging,9.0,3008
New York,2026-05-02,Hammerstein Ballroom,1,3,ROYAL FAMILY,1200,Jamal Sims,Musicality,9.0,3008
New York,2026-05-02,Hammerstein Ballroom,1,3,ROYAL FAMILY,1200,Jamal Sims,Creativity,8.0,3008
New York,2026-05-02,Hammerstein Ballroom,1,3,ROYAL FAMILY,1200,Jamal Sims,Stylistic Athleticism,8.0,3008
New York,2026-05-02,Hammerstein Ballroom,1,3,ROYAL FAMILY,1200,Jamal Sims,Cleanliness,10.0,3008
New York,2026-05-02,Hammerstein Ballroom,1,3,ROYAL FAMILY,1200,Jamal Sims,Technical Execution + Authenticity,9.0,3008
New York,2026-05-02,Hammerstein Ballroom,1,3,ROYAL FAMILY,1200,Jamal Sims,Spacing,9.0,3008
New York,2026-05-02,Hammerstein Ballroom,1,3,ROYAL FAMILY,1200,Jamal Sims,Projection/Communication,10.0,3008
New York,2026-05-02,Hammerstein Ballroom,1,3,ROYAL FAMILY,1200,Jamal Sims,Stamina,9.0,3008
New York,2026-05-02,Hammerstein Ballroom,1,3,JAM REPUBLIC,1808,Jamal Sims,Choreography Complexity,8.0,3008
New York,2026-05-02,Hammerstein Ballroom,1,3,JAM REPUBLIC,1808,Jamal Sims,Staging,9.0,3008
New York,2026-05-02,Hammerstein Ballroom,1,3,JAM REPUBLIC,1808,Jamal Sims,Musicality,8.0,3008
New York,2026-05-02,Hammerstein Ballroom,1,3,JAM REPUBLIC,1808,Jamal Sims,Creativity,8.0,3008
New York,2026-05-02,Hammerstein Ballroom,1,3,JAM REPUBLIC,1808,Jamal Sims,Stylistic Athleticism,9.0,3008
New York,2026-05-02,Hammerstein Ballroom,1,3,JAM REPUBLIC,1808,Jamal Sims,Cleanliness,9.0,3008
New York,2026-05-02,Hammerstein Ballroom,1,3,JAM REPUBLIC,1808,Jamal Sims,Technical Execution + Authenticity,8.0,3008
New York,2026-05-02,Hammerstein Ballroom,1,3,JAM REPUBLIC,1808,Jamal Sims,Spacing,8.0,3008
New York,2026-05-02,Hammerstein Ballroom,1,3,JAM REPUBLIC,1808,Jamal Sims,Projection/Communication,8.0,3008
New York,2026-05-02,Hammerstein Ballroom,1,3,JAM REPUBLIC,1808,Jamal Sims,Stamina,9.0,3008
New York,2026-05-02,Hammerstein Ballroom,1,3,ROYAL FAMILY,1200,LaTasha Barnes,Choreography Complexity,9.0,3008
New York,2026-05-02,Hammerstein Ballroom,1,3,ROYAL FAMILY,1200,LaTasha Barnes,Staging,10.0,3008
New York,2026-05-02,Hammerstein Ballroom,1,3,ROYAL FAMILY,1200,LaTasha Barnes,Musicality,9.0,3008
New York,2026-05-02,Hammerstein Ballroom,1,3,ROYAL FAMILY,1200,LaTasha Barnes,Creativity,8.0,3008
New York,2026-05-02,Hammerstein Ballroom,1,3,ROYAL FAMILY,1200,LaTasha Barnes,Stylistic Athleticism,9.0,3008
New York,2026-05-02,Hammerstein Ballroom,1,3,ROYAL FAMILY,1200,LaTasha Barnes,Cleanliness,9.0,3008
New York,2026-05-02,Hammerstein Ballroom,1,3,ROYAL FAMILY,1200,LaTasha Barnes,Technical Execution + Authenticity,8.0,3008
New York,2026-05-02,Hammerstein Ballroom,1,3,ROYAL FAMILY,1200,LaTasha Barnes,Spacing,9.0,3008
New York,2026-05-02,Hammerstein Ballroom,1,3,ROYAL FAMILY,1200,LaTasha Barnes,Projection/Communication,9.0,3008
New York,2026-05-02,Hammerstein Ballroom,1,3,ROYAL FAMILY,1200,LaTasha Barnes,Stamina,9.0,3008
New York,2026-05-02,Hammerstein Ballroom,1,3,JAM REPUBLIC,1808,LaTasha Barnes,Choreography Complexity,8.0,3008
New York,2026-05-02,Hammerstein Ballroom,1,3,JAM REPUBLIC,1808,LaTasha Barnes,Staging,8.0,3008
New York,2026-05-02,Hammerstein Ballroom,1,3,JAM REPUBLIC,1808,LaTasha Barnes,Musicality,9.0,3008
New York,2026-05-02,Hammerstein Ballroom,1,3,JAM REPUBLIC,1808,LaTasha Barnes,Creativity,8.0,3008
New York,2026-05-02,Hammerstein Ballroom,1,3,JAM REPUBLIC,1808,LaTasha Barnes,Stylistic Athleticism,9.0,3008
New York,2026-05-02,Hammerstein Ballroom,1,3,JAM REPUBLIC,1808,LaTasha Barnes,Cleanliness,8.0,3008
New York,2026-05-02,Hammerstein Ballroom,1,3,JAM REPUBLIC,1808,LaTasha Barnes,Technical Execution + Authenticity,8.0,3008
New York,2026-05-02,Hammerstein Ballroom,1,3,JAM REPUBLIC,1808,LaTasha Barnes,Spacing,8.0,3008
New York,2026-05-02,Hammerstein Ballroom,1,3,JAM REPUBLIC,1808,LaTasha Barnes,Projection/Communication,8.0,3008
New York,2026-05-02,Hammerstein Ballroom,1,3,JAM REPUBLIC,1808,LaTasha Barnes,Stamina,9.0,3008
New York,2026-05-02,Hammerstein Ballroom,2,1,BROTHERHOOD,1527,Amari Marshall,Choreography Complexity,10.0,1950
New York,2026-05-02,Hammerstein Ballroom,2,1,BROTHERHOOD,1527,Amari Marshall,Staging,10.0,1950
New York,2026-05-02,Hammerstein Ballroom,2,1,BROTHERHOOD,1527,Amari Marshall,Musicality,10.0,1950
New York,2026-05-02,Hammerstein Ballroom,2,1,BROTHERHOOD,1527,Amari Marshall,Creativity,10.0,1950
New York,2026-05-02,Hammerstein Ballroom,2,1,BROTHERHOOD,1527,Amari Marshall,Stylistic Athleticism,10.0,1950
New York,2026-05-02,Hammerstein Ballroom,2,1,BROTHERHOOD,1527,Amari Marshall,Cleanliness,10.0,1950
New York,2026-05-02,Hammerstein Ballroom,2,1,BROTHERHOOD,1527,Amari Marshall,Technical Execution + Authenticity,10.0,1950
New York,2026-05-02,Hammerstein Ballroom,2,1,BROTHERHOOD,1527,Amari Marshall,Spacing,10.0,1950
New York,2026-05-02,Hammerstein Ballroom,2,1,BROTHERHOOD,1527,Amari Marshall,Projection/Communication,10.0,1950
New York,2026-05-02,Hammerstein Ballroom,2,1,BROTHERHOOD,1527,Amari Marshall,Stamina,10.0,1950
New York,2026-05-02,Hammerstein Ballroom,2,1,QUICK STYLE,268,Amari Marshall,Choreography Complexity,9.0,1950
New York,2026-05-02,Hammerstein Ballroom,2,1,QUICK STYLE,268,Amari Marshall,Staging,9.0,1950
New York,2026-05-02,Hammerstein Ballroom,2,1,QUICK STYLE,268,Amari Marshall,Musicality,10.0,1950
New York,2026-05-02,Hammerstein Ballroom,2,1,QUICK STYLE,268,Amari Marshall,Creativity,9.0,1950
New York,2026-05-02,Hammerstein Ballroom,2,1,QUICK STYLE,268,Amari Marshall,Stylistic Athleticism,8.0,1950
New York,2026-05-02,Hammerstein Ballroom,2,1,QUICK STYLE,268,Amari Marshall,Cleanliness,8.0,1950
New York,2026-05-02,Hammerstein Ballroom,2,1,QUICK STYLE,268,Amari Marshall,Technical Execution + Authenticity,9.0,1950
New York,2026-05-02,Hammerstein Ballroom,2,1,QUICK STYLE,268,Amari Marshall,Spacing,8.0,1950
New York,2026-05-02,Hammerstein Ballroom,2,1,QUICK STYLE,268,Amari Marshall,Projection/Communication,9.0,1950
New York,2026-05-02,Hammerstein Ballroom,2,1,QUICK STYLE,268,Amari Marshall,Stamina,9.0,1950
New York,2026-05-02,Hammerstein Ballroom,2,1,ROYAL FAMILY,155,Amari Marshall,Choreography Complexity,8.0,1950
New York,2026-05-02,Hammerstein Ballroom,2,1,ROYAL FAMILY,155,Amari Marshall,Staging,9.0,1950
New York,2026-05-02,Hammerstein Ballroom,2,1,ROYAL FAMILY,155,Amari Marshall,Musicality,8.0,1950
New York,2026-05-02,Hammerstein Ballroom,2,1,ROYAL FAMILY,155,Amari Marshall,Creativity,8.0,1950
New York,2026-05-02,Hammerstein Ballroom,2,1,ROYAL FAMILY,155,Amari Marshall,Stylistic Athleticism,7.0,1950
New York,2026-05-02,Hammerstein Ballroom,2,1,ROYAL FAMILY,155,Amari Marshall,Cleanliness,9.0,1950
New York,2026-05-02,Hammerstein Ballroom,2,1,ROYAL FAMILY,155,Amari Marshall,Technical Execution + Authenticity,8.0,1950
New York,2026-05-02,Hammerstein Ballroom,2,1,ROYAL FAMILY,155,Amari Marshall,Spacing,8.0,1950
New York,2026-05-02,Hammerstein Ballroom,2,1,ROYAL FAMILY,155,Amari Marshall,Projection/Communication,8.0,1950
New York,2026-05-02,Hammerstein Ballroom,2,1,ROYAL FAMILY,155,Amari Marshall,Stamina,9.0,1950
New York,2026-05-02,Hammerstein Ballroom,2,1,BROTHERHOOD,1527,Arnel Calvario,Choreography Complexity,10.0,1950
New York,2026-05-02,Hammerstein Ballroom,2,1,BROTHERHOOD,1527,Arnel Calvario,Staging,9.0,1950
New York,2026-05-02,Hammerstein Ballroom,2,1,BROTHERHOOD,1527,Arnel Calvario,Musicality,10.0,1950
New York,2026-05-02,Hammerstein Ballroom,2,1,BROTHERHOOD,1527,Arnel Calvario,Creativity,10.0,1950
New York,2026-05-02,Hammerstein Ballroom,2,1,BROTHERHOOD,1527,Arnel Calvario,Stylistic Athleticism,10.0,1950
New York,2026-05-02,Hammerstein Ballroom,2,1,BROTHERHOOD,1527,Arnel Calvario,Cleanliness,10.0,1950
New York,2026-05-02,Hammerstein Ballroom,2,1,BROTHERHOOD,1527,Arnel Calvario,Technical Execution + Authenticity,9.0,1950
New York,2026-05-02,Hammerstein Ballroom,2,1,BROTHERHOOD,1527,Arnel Calvario,Spacing,8.0,1950
New York,2026-05-02,Hammerstein Ballroom,2,1,BROTHERHOOD,1527,Arnel Calvario,Projection/Communication,10.0,1950
New York,2026-05-02,Hammerstein Ballroom,2,1,BROTHERHOOD,1527,Arnel Calvario,Stamina,10.0,1950
New York,2026-05-02,Hammerstein Ballroom,2,1,QUICK STYLE,268,Arnel Calvario,Choreography Complexity,9.0,1950
New York,2026-05-02,Hammerstein Ballroom,2,1,QUICK STYLE,268,Arnel Calvario,Staging,8.0,1950
New York,2026-05-02,Hammerstein Ballroom,2,1,QUICK STYLE,268,Arnel Calvario,Musicality,10.0,1950
New York,2026-05-02,Hammerstein Ballroom,2,1,QUICK STYLE,268,Arnel Calvario,Creativity,9.0,1950
New York,2026-05-02,Hammerstein Ballroom,2,1,QUICK STYLE,268,Arnel Calvario,Stylistic Athleticism,9.0,1950
New York,2026-05-02,Hammerstein Ballroom,2,1,QUICK STYLE,268,Arnel Calvario,Cleanliness,9.0,1950
New York,2026-05-02,Hammerstein Ballroom,2,1,QUICK STYLE,268,Arnel Calvario,Technical Execution + Authenticity,9.0,1950
New York,2026-05-02,Hammerstein Ballroom,2,1,QUICK STYLE,268,Arnel Calvario,Spacing,8.0,1950
New York,2026-05-02,Hammerstein Ballroom,2,1,QUICK STYLE,268,Arnel Calvario,Projection/Communication,10.0,1950
New York,2026-05-02,Hammerstein Ballroom,2,1,QUICK STYLE,268,Arnel Calvario,Stamina,9.0,1950
New York,2026-05-02,Hammerstein Ballroom,2,1,ROYAL FAMILY,155,Arnel Calvario,Choreography Complexity,9.0,1950
New York,2026-05-02,Hammerstein Ballroom,2,1,ROYAL FAMILY,155,Arnel Calvario,Staging,9.0,1950
New York,2026-05-02,Hammerstein Ballroom,2,1,ROYAL FAMILY,155,Arnel Calvario,Musicality,8.0,1950
New York,2026-05-02,Hammerstein Ballroom,2,1,ROYAL FAMILY,155,Arnel Calvario,Creativity,8.0,1950
New York,2026-05-02,Hammerstein Ballroom,2,1,ROYAL FAMILY,155,Arnel Calvario,Stylistic Athleticism,9.0,1950
New York,2026-05-02,Hammerstein Ballroom,2,1,ROYAL FAMILY,155,Arnel Calvario,Cleanliness,9.0,1950
New York,2026-05-02,Hammerstein Ballroom,2,1,ROYAL FAMILY,155,Arnel Calvario,Technical Execution + Authenticity,8.0,1950
New York,2026-05-02,Hammerstein Ballroom,2,1,ROYAL FAMILY,155,Arnel Calvario,Spacing,9.0,1950
New York,2026-05-02,Hammerstein Ballroom,2,1,ROYAL FAMILY,155,Arnel Calvario,Projection/Communication,10.0,1950
New York,2026-05-02,Hammerstein Ballroom,2,1,ROYAL FAMILY,155,Arnel Calvario,Stamina,9.0,1950
New York,2026-05-02,Hammerstein Ballroom,2,1,BROTHERHOOD,1527,Arturo Lyons,Choreography Complexity,10.0,1950
New York,2026-05-02,Hammerstein Ballroom,2,1,BROTHERHOOD,1527,Arturo Lyons,Staging,10.0,1950
New York,2026-05-02,Hammerstein Ballroom,2,1,BROTHERHOOD,1527,Arturo Lyons,Musicality,10.0,1950
New York,2026-05-02,Hammerstein Ballroom,2,1,BROTHERHOOD,1527,Arturo Lyons,Creativity,10.0,1950
New York,2026-05-02,Hammerstein Ballroom,2,1,BROTHERHOOD,1527,Arturo Lyons,Stylistic Athleticism,10.0,1950
New York,2026-05-02,Hammerstein Ballroom,2,1,BROTHERHOOD,1527,Arturo Lyons,Cleanliness,10.0,1950
New York,2026-05-02,Hammerstein Ballroom,2,1,BROTHERHOOD,1527,Arturo Lyons,Technical Execution + Authenticity,10.0,1950
New York,2026-05-02,Hammerstein Ballroom,2,1,BROTHERHOOD,1527,Arturo Lyons,Spacing,10.0,1950
New York,2026-05-02,Hammerstein Ballroom,2,1,BROTHERHOOD,1527,Arturo Lyons,Projection/Communication,10.0,1950
New York,2026-05-02,Hammerstein Ballroom,2,1,BROTHERHOOD,1527,Arturo Lyons,Stamina,10.0,1950
New York,2026-05-02,Hammerstein Ballroom,2,1,QUICK STYLE,268,Arturo Lyons,Choreography Complexity,9.0,1950
New York,2026-05-02,Hammerstein Ballroom,2,1,QUICK STYLE,268,Arturo Lyons,Staging,9.0,1950
New York,2026-05-02,Hammerstein Ballroom,2,1,QUICK STYLE,268,Arturo Lyons,Musicality,8.0,1950
New York,2026-05-02,Hammerstein Ballroom,2,1,QUICK STYLE,268,Arturo Lyons,Creativity,9.0,1950
New York,2026-05-02,Hammerstein Ballroom,2,1,QUICK STYLE,268,Arturo Lyons,Stylistic Athleticism,8.0,1950
New York,2026-05-02,Hammerstein Ballroom,2,1,QUICK STYLE,268,Arturo Lyons,Cleanliness,8.0,1950
New York,2026-05-02,Hammerstein Ballroom,2,1,QUICK STYLE,268,Arturo Lyons,Technical Execution + Authenticity,9.0,1950
New York,2026-05-02,Hammerstein Ballroom,2,1,QUICK STYLE,268,Arturo Lyons,Spacing,9.0,1950
New York,2026-05-02,Hammerstein Ballroom,2,1,QUICK STYLE,268,Arturo Lyons,Projection/Communication,9.0,1950
New York,2026-05-02,Hammerstein Ballroom,2,1,QUICK STYLE,268,Arturo Lyons,Stamina,10.0,1950
New York,2026-05-02,Hammerstein Ballroom,2,1,ROYAL FAMILY,155,Arturo Lyons,Choreography Complexity,8.0,1950
New York,2026-05-02,Hammerstein Ballroom,2,1,ROYAL FAMILY,155,Arturo Lyons,Staging,9.0,1950
New York,2026-05-02,Hammerstein Ballroom,2,1,ROYAL FAMILY,155,Arturo Lyons,Musicality,8.0,1950
New York,2026-05-02,Hammerstein Ballroom,2,1,ROYAL FAMILY,155,Arturo Lyons,Creativity,8.0,1950
New York,2026-05-02,Hammerstein Ballroom,2,1,ROYAL FAMILY,155,Arturo Lyons,Stylistic Athleticism,8.0,1950
New York,2026-05-02,Hammerstein Ballroom,2,1,ROYAL FAMILY,155,Arturo Lyons,Cleanliness,8.0,1950
New York,2026-05-02,Hammerstein Ballroom,2,1,ROYAL FAMILY,155,Arturo Lyons,Technical Execution + Authenticity,8.0,1950
New York,2026-05-02,Hammerstein Ballroom,2,1,ROYAL FAMILY,155,Arturo Lyons,Spacing,8.0,1950
New York,2026-05-02,Hammerstein Ballroom,2,1,ROYAL FAMILY,155,Arturo Lyons,Projection/Communication,9.0,1950
New York,2026-05-02,Hammerstein Ballroom,2,1,ROYAL FAMILY,155,Arturo Lyons,Stamina,10.0,1950
New York,2026-05-02,Hammerstein Ballroom,2,1,BROTHERHOOD,1527,Chonique Sneed,Choreography Complexity,10.0,1950
New York,2026-05-02,Hammerstein Ballroom,2,1,BROTHERHOOD,1527,Chonique Sneed,Staging,10.0,1950
New York,2026-05-02,Hammerstein Ballroom,2,1,BROTHERHOOD,1527,Chonique Sneed,Musicality,10.0,1950
New York,2026-05-02,Hammerstein Ballroom,2,1,BROTHERHOOD,1527,Chonique Sneed,Creativity,10.0,1950
New York,2026-05-02,Hammerstein Ballroom,2,1,BROTHERHOOD,1527,Chonique Sneed,Stylistic Athleticism,10.0,1950
New York,2026-05-02,Hammerstein Ballroom,2,1,BROTHERHOOD,1527,Chonique Sneed,Cleanliness,10.0,1950
New York,2026-05-02,Hammerstein Ballroom,2,1,BROTHERHOOD,1527,Chonique Sneed,Technical Execution + Authenticity,9.0,1950
New York,2026-05-02,Hammerstein Ballroom,2,1,BROTHERHOOD,1527,Chonique Sneed,Spacing,9.0,1950
New York,2026-05-02,Hammerstein Ballroom,2,1,BROTHERHOOD,1527,Chonique Sneed,Projection/Communication,10.0,1950
New York,2026-05-02,Hammerstein Ballroom,2,1,BROTHERHOOD,1527,Chonique Sneed,Stamina,10.0,1950
New York,2026-05-02,Hammerstein Ballroom,2,1,QUICK STYLE,268,Chonique Sneed,Choreography Complexity,9.0,1950
New York,2026-05-02,Hammerstein Ballroom,2,1,QUICK STYLE,268,Chonique Sneed,Staging,9.0,1950
New York,2026-05-02,Hammerstein Ballroom,2,1,QUICK STYLE,268,Chonique Sneed,Musicality,9.0,1950
New York,2026-05-02,Hammerstein Ballroom,2,1,QUICK STYLE,268,Chonique Sneed,Creativity,10.0,1950
New York,2026-05-02,Hammerstein Ballroom,2,1,QUICK STYLE,268,Chonique Sneed,Stylistic Athleticism,9.0,1950
New York,2026-05-02,Hammerstein Ballroom,2,1,QUICK STYLE,268,Chonique Sneed,Cleanliness,9.0,1950
New York,2026-05-02,Hammerstein Ballroom,2,1,QUICK STYLE,268,Chonique Sneed,Technical Execution + Authenticity,9.0,1950
New York,2026-05-02,Hammerstein Ballroom,2,1,QUICK STYLE,268,Chonique Sneed,Spacing,9.0,1950
New York,2026-05-02,Hammerstein Ballroom,2,1,QUICK STYLE,268,Chonique Sneed,Projection/Communication,9.0,1950
New York,2026-05-02,Hammerstein Ballroom,2,1,QUICK STYLE,268,Chonique Sneed,Stamina,9.0,1950
New York,2026-05-02,Hammerstein Ballroom,2,1,ROYAL FAMILY,155,Chonique Sneed,Choreography Complexity,9.0,1950
New York,2026-05-02,Hammerstein Ballroom,2,1,ROYAL FAMILY,155,Chonique Sneed,Staging,9.0,1950
New York,2026-05-02,Hammerstein Ballroom,2,1,ROYAL FAMILY,155,Chonique Sneed,Musicality,9.0,1950
New York,2026-05-02,Hammerstein Ballroom,2,1,ROYAL FAMILY,155,Chonique Sneed,Creativity,9.0,1950
New York,2026-05-02,Hammerstein Ballroom,2,1,ROYAL FAMILY,155,Chonique Sneed,Stylistic Athleticism,9.0,1950
New York,2026-05-02,Hammerstein Ballroom,2,1,ROYAL FAMILY,155,Chonique Sneed,Cleanliness,9.0,1950
New York,2026-05-02,Hammerstein Ballroom,2,1,ROYAL FAMILY,155,Chonique Sneed,Technical Execution + Authenticity,8.0,1950
New York,2026-05-02,Hammerstein Ballroom,2,1,ROYAL FAMILY,155,Chonique Sneed,Spacing,10.0,1950
New York,2026-05-02,Hammerstein Ballroom,2,1,ROYAL FAMILY,155,Chonique Sneed,Projection/Communication,8.0,1950
New York,2026-05-02,Hammerstein Ballroom,2,1,ROYAL FAMILY,155,Chonique Sneed,Stamina,9.0,1950
New York,2026-05-02,Hammerstein Ballroom,2,1,BROTHERHOOD,1527,Jamal Sims,Choreography Complexity,10.0,1950
New York,2026-05-02,Hammerstein Ballroom,2,1,BROTHERHOOD,1527,Jamal Sims,Staging,10.0,1950
New York,2026-05-02,Hammerstein Ballroom,2,1,BROTHERHOOD,1527,Jamal Sims,Musicality,10.0,1950
New York,2026-05-02,Hammerstein Ballroom,2,1,BROTHERHOOD,1527,Jamal Sims,Creativity,10.0,1950
New York,2026-05-02,Hammerstein Ballroom,2,1,BROTHERHOOD,1527,Jamal Sims,Stylistic Athleticism,10.0,1950
New York,2026-05-02,Hammerstein Ballroom,2,1,BROTHERHOOD,1527,Jamal Sims,Cleanliness,10.0,1950
New York,2026-05-02,Hammerstein Ballroom,2,1,BROTHERHOOD,1527,Jamal Sims,Technical Execution + Authenticity,9.0,1950
New York,2026-05-02,Hammerstein Ballroom,2,1,BROTHERHOOD,1527,Jamal Sims,Spacing,9.0,1950
New York,2026-05-02,Hammerstein Ballroom,2,1,BROTHERHOOD,1527,Jamal Sims,Projection/Communication,10.0,1950
New York,2026-05-02,Hammerstein Ballroom,2,1,BROTHERHOOD,1527,Jamal Sims,Stamina,10.0,1950
New York,2026-05-02,Hammerstein Ballroom,2,1,QUICK STYLE,268,Jamal Sims,Choreography Complexity,10.0,1950
New York,2026-05-02,Hammerstein Ballroom,2,1,QUICK STYLE,268,Jamal Sims,Staging,10.0,1950
New York,2026-05-02,Hammerstein Ballroom,2,1,QUICK STYLE,268,Jamal Sims,Musicality,9.0,1950
New York,2026-05-02,Hammerstein Ballroom,2,1,QUICK STYLE,268,Jamal Sims,Creativity,9.0,1950
New York,2026-05-02,Hammerstein Ballroom,2,1,QUICK STYLE,268,Jamal Sims,Stylistic Athleticism,9.0,1950
New York,2026-05-02,Hammerstein Ballroom,2,1,QUICK STYLE,268,Jamal Sims,Cleanliness,9.0,1950
New York,2026-05-02,Hammerstein Ballroom,2,1,QUICK STYLE,268,Jamal Sims,Technical Execution + Authenticity,9.0,1950
New York,2026-05-02,Hammerstein Ballroom,2,1,QUICK STYLE,268,Jamal Sims,Spacing,9.0,1950
New York,2026-05-02,Hammerstein Ballroom,2,1,QUICK STYLE,268,Jamal Sims,Projection/Communication,10.0,1950
New York,2026-05-02,Hammerstein Ballroom,2,1,QUICK STYLE,268,Jamal Sims,Stamina,9.0,1950
New York,2026-05-02,Hammerstein Ballroom,2,1,ROYAL FAMILY,155,Jamal Sims,Choreography Complexity,10.0,1950
New York,2026-05-02,Hammerstein Ballroom,2,1,ROYAL FAMILY,155,Jamal Sims,Staging,8.0,1950
New York,2026-05-02,Hammerstein Ballroom,2,1,ROYAL FAMILY,155,Jamal Sims,Musicality,9.0,1950
New York,2026-05-02,Hammerstein Ballroom,2,1,ROYAL FAMILY,155,Jamal Sims,Creativity,8.0,1950
New York,2026-05-02,Hammerstein Ballroom,2,1,ROYAL FAMILY,155,Jamal Sims,Stylistic Athleticism,9.0,1950
New York,2026-05-02,Hammerstein Ballroom,2,1,ROYAL FAMILY,155,Jamal Sims,Cleanliness,8.0,1950
New York,2026-05-02,Hammerstein Ballroom,2,1,ROYAL FAMILY,155,Jamal Sims,Technical Execution + Authenticity,9.0,1950
New York,2026-05-02,Hammerstein Ballroom,2,1,ROYAL FAMILY,155,Jamal Sims,Spacing,9.0,1950
New York,2026-05-02,Hammerstein Ballroom,2,1,ROYAL FAMILY,155,Jamal Sims,Projection/Communication,9.0,1950
New York,2026-05-02,Hammerstein Ballroom,2,1,ROYAL FAMILY,155,Jamal Sims,Stamina,9.0,1950
New York,2026-05-02,Hammerstein Ballroom,2,1,BROTHERHOOD,1527,LaTasha Barnes,Choreography Complexity,10.0,1950
New York,2026-05-02,Hammerstein Ballroom,2,1,BROTHERHOOD,1527,LaTasha Barnes,Staging,10.0,1950
New York,2026-05-02,Hammerstein Ballroom,2,1,BROTHERHOOD,1527,LaTasha Barnes,Musicality,10.0,1950
New York,2026-05-02,Hammerstein Ballroom,2,1,BROTHERHOOD,1527,LaTasha Barnes,Creativity,10.0,1950
New York,2026-05-02,Hammerstein Ballroom,2,1,BROTHERHOOD,1527,LaTasha Barnes,Stylistic Athleticism,10.0,1950
New York,2026-05-02,Hammerstein Ballroom,2,1,BROTHERHOOD,1527,LaTasha Barnes,Cleanliness,10.0,1950
New York,2026-05-02,Hammerstein Ballroom,2,1,BROTHERHOOD,1527,LaTasha Barnes,Technical Execution + Authenticity,10.0,1950
New York,2026-05-02,Hammerstein Ballroom,2,1,BROTHERHOOD,1527,LaTasha Barnes,Spacing,9.0,1950
New York,2026-05-02,Hammerstein Ballroom,2,1,BROTHERHOOD,1527,LaTasha Barnes,Projection/Communication,10.0,1950
New York,2026-05-02,Hammerstein Ballroom,2,1,BROTHERHOOD,1527,LaTasha Barnes,Stamina,10.0,1950
New York,2026-05-02,Hammerstein Ballroom,2,1,QUICK STYLE,268,LaTasha Barnes,Choreography Complexity,10.0,1950
New York,2026-05-02,Hammerstein Ballroom,2,1,QUICK STYLE,268,LaTasha Barnes,Staging,9.0,1950
New York,2026-05-02,Hammerstein Ballroom,2,1,QUICK STYLE,268,LaTasha Barnes,Musicality,9.0,1950
New York,2026-05-02,Hammerstein Ballroom,2,1,QUICK STYLE,268,LaTasha Barnes,Creativity,8.0,1950
New York,2026-05-02,Hammerstein Ballroom,2,1,QUICK STYLE,268,LaTasha Barnes,Stylistic Athleticism,8.0,1950
New York,2026-05-02,Hammerstein Ballroom,2,1,QUICK STYLE,268,LaTasha Barnes,Cleanliness,8.0,1950
New York,2026-05-02,Hammerstein Ballroom,2,1,QUICK STYLE,268,LaTasha Barnes,Technical Execution + Authenticity,9.0,1950
New York,2026-05-02,Hammerstein Ballroom,2,1,QUICK STYLE,268,LaTasha Barnes,Spacing,9.0,1950
New York,2026-05-02,Hammerstein Ballroom,2,1,QUICK STYLE,268,LaTasha Barnes,Projection/Communication,9.0,1950
New York,2026-05-02,Hammerstein Ballroom,2,1,QUICK STYLE,268,LaTasha Barnes,Stamina,10.0,1950
New York,2026-05-02,Hammerstein Ballroom,2,1,ROYAL FAMILY,155,LaTasha Barnes,Choreography Complexity,8.0,1950
New York,2026-05-02,Hammerstein Ballroom,2,1,ROYAL FAMILY,155,LaTasha Barnes,Staging,9.0,1950
New York,2026-05-02,Hammerstein Ballroom,2,1,ROYAL FAMILY,155,LaTasha Barnes,Musicality,8.0,1950
New York,2026-05-02,Hammerstein Ballroom,2,1,ROYAL FAMILY,155,LaTasha Barnes,Creativity,8.0,1950
New York,2026-05-02,Hammerstein Ballroom,2,1,ROYAL FAMILY,155,LaTasha Barnes,Stylistic Athleticism,9.0,1950
New York,2026-05-02,Hammerstein Ballroom,2,1,ROYAL FAMILY,155,LaTasha Barnes,Cleanliness,8.0,1950
New York,2026-05-02,Hammerstein Ballroom,2,1,ROYAL FAMILY,155,LaTasha Barnes,Technical Execution + Authenticity,8.0,1950
New York,2026-05-02,Hammerstein Ballroom,2,1,ROYAL FAMILY,155,LaTasha Barnes,Spacing,9.0,1950
New York,2026-05-02,Hammerstein Ballroom,2,1,ROYAL FAMILY,155,LaTasha Barnes,Projection/Communication,9.0,1950
New York,2026-05-02,Hammerstein Ballroom,2,1,ROYAL FAMILY,155,LaTasha Barnes,Stamina,10.0,1950
Vancouver,2026-05-23,Thunderbird Sports Centre,1,1,ROYAL FAMILY,1889,Cheyenne Kibblewhite,Choreography Complexity,8.0,7779
Vancouver,2026-05-23,Thunderbird Sports Centre,1,1,ROYAL FAMILY,1889,Cheyenne Kibblewhite,Staging,9.0,7779
Vancouver,2026-05-23,Thunderbird Sports Centre,1,1,ROYAL FAMILY,1889,Cheyenne Kibblewhite,Musicality,9.0,7779
Vancouver,2026-05-23,Thunderbird Sports Centre,1,1,ROYAL FAMILY,1889,Cheyenne Kibblewhite,Creativity,9.0,7779
Vancouver,2026-05-23,Thunderbird Sports Centre,1,1,ROYAL FAMILY,1889,Cheyenne Kibblewhite,Stylistic Athleticism,9.0,7779
Vancouver,2026-05-23,Thunderbird Sports Centre,1,1,ROYAL FAMILY,1889,Cheyenne Kibblewhite,Cleanliness,10.0,7779
Vancouver,2026-05-23,Thunderbird Sports Centre,1,1,ROYAL FAMILY,1889,Cheyenne Kibblewhite,Technical Execution + Authenticity,9.0,7779
Vancouver,2026-05-23,Thunderbird Sports Centre,1,1,ROYAL FAMILY,1889,Cheyenne Kibblewhite,Spacing,9.0,7779
Vancouver,2026-05-23,Thunderbird Sports Centre,1,1,ROYAL FAMILY,1889,Cheyenne Kibblewhite,Projection/Communication,9.0,7779
Vancouver,2026-05-23,Thunderbird Sports Centre,1,1,ROYAL FAMILY,1889,Cheyenne Kibblewhite,Stamina,10.0,7779
Vancouver,2026-05-23,Thunderbird Sports Centre,1,1,1MILLION,5890,Cheyenne Kibblewhite,Choreography Complexity,9.0,7779
Vancouver,2026-05-23,Thunderbird Sports Centre,1,1,1MILLION,5890,Cheyenne Kibblewhite,Staging,9.0,7779
Vancouver,2026-05-23,Thunderbird Sports Centre,1,1,1MILLION,5890,Cheyenne Kibblewhite,Musicality,9.0,7779
Vancouver,2026-05-23,Thunderbird Sports Centre,1,1,1MILLION,5890,Cheyenne Kibblewhite,Creativity,8.0,7779
Vancouver,2026-05-23,Thunderbird Sports Centre,1,1,1MILLION,5890,Cheyenne Kibblewhite,Stylistic Athleticism,9.0,7779
Vancouver,2026-05-23,Thunderbird Sports Centre,1,1,1MILLION,5890,Cheyenne Kibblewhite,Cleanliness,8.0,7779
Vancouver,2026-05-23,Thunderbird Sports Centre,1,1,1MILLION,5890,Cheyenne Kibblewhite,Technical Execution + Authenticity,9.0,7779
Vancouver,2026-05-23,Thunderbird Sports Centre,1,1,1MILLION,5890,Cheyenne Kibblewhite,Spacing,9.0,7779
Vancouver,2026-05-23,Thunderbird Sports Centre,1,1,1MILLION,5890,Cheyenne Kibblewhite,Projection/Communication,9.0,7779
Vancouver,2026-05-23,Thunderbird Sports Centre,1,1,1MILLION,5890,Cheyenne Kibblewhite,Stamina,10.0,7779
Vancouver,2026-05-23,Thunderbird Sports Centre,1,1,ROYAL FAMILY,1889,Handy Yacinthe,Choreography Complexity,9.0,7779
Vancouver,2026-05-23,Thunderbird Sports Centre,1,1,ROYAL FAMILY,1889,Handy Yacinthe,Staging,7.0,7779
Vancouver,2026-05-23,Thunderbird Sports Centre,1,1,ROYAL FAMILY,1889,Handy Yacinthe,Musicality,8.0,7779
Vancouver,2026-05-23,Thunderbird Sports Centre,1,1,ROYAL FAMILY,1889,Handy Yacinthe,Creativity,7.0,7779
Vancouver,2026-05-23,Thunderbird Sports Centre,1,1,ROYAL FAMILY,1889,Handy Yacinthe,Stylistic Athleticism,7.0,7779
Vancouver,2026-05-23,Thunderbird Sports Centre,1,1,ROYAL FAMILY,1889,Handy Yacinthe,Cleanliness,8.0,7779
Vancouver,2026-05-23,Thunderbird Sports Centre,1,1,ROYAL FAMILY,1889,Handy Yacinthe,Technical Execution + Authenticity,7.0,7779
Vancouver,2026-05-23,Thunderbird Sports Centre,1,1,ROYAL FAMILY,1889,Handy Yacinthe,Spacing,9.0,7779
Vancouver,2026-05-23,Thunderbird Sports Centre,1,1,ROYAL FAMILY,1889,Handy Yacinthe,Projection/Communication,9.0,7779
Vancouver,2026-05-23,Thunderbird Sports Centre,1,1,ROYAL FAMILY,1889,Handy Yacinthe,Stamina,10.0,7779
Vancouver,2026-05-23,Thunderbird Sports Centre,1,1,1MILLION,5890,Handy Yacinthe,Choreography Complexity,9.0,7779
Vancouver,2026-05-23,Thunderbird Sports Centre,1,1,1MILLION,5890,Handy Yacinthe,Staging,9.0,7779
Vancouver,2026-05-23,Thunderbird Sports Centre,1,1,1MILLION,5890,Handy Yacinthe,Musicality,8.0,7779
Vancouver,2026-05-23,Thunderbird Sports Centre,1,1,1MILLION,5890,Handy Yacinthe,Creativity,8.0,7779
Vancouver,2026-05-23,Thunderbird Sports Centre,1,1,1MILLION,5890,Handy Yacinthe,Stylistic Athleticism,8.0,7779
Vancouver,2026-05-23,Thunderbird Sports Centre,1,1,1MILLION,5890,Handy Yacinthe,Cleanliness,7.0,7779
Vancouver,2026-05-23,Thunderbird Sports Centre,1,1,1MILLION,5890,Handy Yacinthe,Technical Execution + Authenticity,9.0,7779
Vancouver,2026-05-23,Thunderbird Sports Centre,1,1,1MILLION,5890,Handy Yacinthe,Spacing,8.0,7779
Vancouver,2026-05-23,Thunderbird Sports Centre,1,1,1MILLION,5890,Handy Yacinthe,Projection/Communication,9.0,7779
Vancouver,2026-05-23,Thunderbird Sports Centre,1,1,1MILLION,5890,Handy Yacinthe,Stamina,9.0,7779
Vancouver,2026-05-23,Thunderbird Sports Centre,1,1,ROYAL FAMILY,1889,Stephen Grey,Choreography Complexity,7.0,7779
Vancouver,2026-05-23,Thunderbird Sports Centre,1,1,ROYAL FAMILY,1889,Stephen Grey,Staging,8.0,7779
Vancouver,2026-05-23,Thunderbird Sports Centre,1,1,ROYAL FAMILY,1889,Stephen Grey,Musicality,8.0,7779
Vancouver,2026-05-23,Thunderbird Sports Centre,1,1,ROYAL FAMILY,1889,Stephen Grey,Creativity,8.0,7779
Vancouver,2026-05-23,Thunderbird Sports Centre,1,1,ROYAL FAMILY,1889,Stephen Grey,Stylistic Athleticism,7.0,7779
Vancouver,2026-05-23,Thunderbird Sports Centre,1,1,ROYAL FAMILY,1889,Stephen Grey,Cleanliness,9.0,7779
Vancouver,2026-05-23,Thunderbird Sports Centre,1,1,ROYAL FAMILY,1889,Stephen Grey,Technical Execution + Authenticity,8.0,7779
Vancouver,2026-05-23,Thunderbird Sports Centre,1,1,ROYAL FAMILY,1889,Stephen Grey,Spacing,9.0,7779
Vancouver,2026-05-23,Thunderbird Sports Centre,1,1,ROYAL FAMILY,1889,Stephen Grey,Projection/Communication,10.0,7779
Vancouver,2026-05-23,Thunderbird Sports Centre,1,1,ROYAL FAMILY,1889,Stephen Grey,Stamina,10.0,7779
Vancouver,2026-05-23,Thunderbird Sports Centre,1,1,1MILLION,5890,Stephen Grey,Choreography Complexity,7.0,7779
Vancouver,2026-05-23,Thunderbird Sports Centre,1,1,1MILLION,5890,Stephen Grey,Staging,8.0,7779
Vancouver,2026-05-23,Thunderbird Sports Centre,1,1,1MILLION,5890,Stephen Grey,Musicality,8.0,7779
Vancouver,2026-05-23,Thunderbird Sports Centre,1,1,1MILLION,5890,Stephen Grey,Creativity,9.0,7779
Vancouver,2026-05-23,Thunderbird Sports Centre,1,1,1MILLION,5890,Stephen Grey,Stylistic Athleticism,8.0,7779
Vancouver,2026-05-23,Thunderbird Sports Centre,1,1,1MILLION,5890,Stephen Grey,Cleanliness,8.0,7779
Vancouver,2026-05-23,Thunderbird Sports Centre,1,1,1MILLION,5890,Stephen Grey,Technical Execution + Authenticity,8.0,7779
Vancouver,2026-05-23,Thunderbird Sports Centre,1,1,1MILLION,5890,Stephen Grey,Spacing,8.0,7779
Vancouver,2026-05-23,Thunderbird Sports Centre,1,1,1MILLION,5890,Stephen Grey,Projection/Communication,10.0,7779
Vancouver,2026-05-23,Thunderbird Sports Centre,1,1,1MILLION,5890,Stephen Grey,Stamina,9.0,7779
Vancouver,2026-05-23,Thunderbird Sports Centre,1,1,ROYAL FAMILY,1889,Comfort Fedoke,Choreography Complexity,8.0,7779
Vancouver,2026-05-23,Thunderbird Sports Centre,1,1,ROYAL FAMILY,1889,Comfort Fedoke,Staging,9.0,7779
Vancouver,2026-05-23,Thunderbird Sports Centre,1,1,ROYAL FAMILY,1889,Comfort Fedoke,Musicality,9.0,7779
Vancouver,2026-05-23,Thunderbird Sports Centre,1,1,ROYAL FAMILY,1889,Comfort Fedoke,Creativity,9.0,7779
Vancouver,2026-05-23,Thunderbird Sports Centre,1,1,ROYAL FAMILY,1889,Comfort Fedoke,Stylistic Athleticism,7.0,7779
Vancouver,2026-05-23,Thunderbird Sports Centre,1,1,ROYAL FAMILY,1889,Comfort Fedoke,Cleanliness,9.0,7779
Vancouver,2026-05-23,Thunderbird Sports Centre,1,1,ROYAL FAMILY,1889,Comfort Fedoke,Technical Execution + Authenticity,8.0,7779
Vancouver,2026-05-23,Thunderbird Sports Centre,1,1,ROYAL FAMILY,1889,Comfort Fedoke,Spacing,9.0,7779
Vancouver,2026-05-23,Thunderbird Sports Centre,1,1,ROYAL FAMILY,1889,Comfort Fedoke,Projection/Communication,9.0,7779
Vancouver,2026-05-23,Thunderbird Sports Centre,1,1,ROYAL FAMILY,1889,Comfort Fedoke,Stamina,10.0,7779
Vancouver,2026-05-23,Thunderbird Sports Centre,1,1,1MILLION,5890,Comfort Fedoke,Choreography Complexity,9.0,7779
Vancouver,2026-05-23,Thunderbird Sports Centre,1,1,1MILLION,5890,Comfort Fedoke,Staging,8.0,7779
Vancouver,2026-05-23,Thunderbird Sports Centre,1,1,1MILLION,5890,Comfort Fedoke,Musicality,9.0,7779
Vancouver,2026-05-23,Thunderbird Sports Centre,1,1,1MILLION,5890,Comfort Fedoke,Creativity,9.0,7779
Vancouver,2026-05-23,Thunderbird Sports Centre,1,1,1MILLION,5890,Comfort Fedoke,Stylistic Athleticism,9.0,7779
Vancouver,2026-05-23,Thunderbird Sports Centre,1,1,1MILLION,5890,Comfort Fedoke,Cleanliness,9.0,7779
Vancouver,2026-05-23,Thunderbird Sports Centre,1,1,1MILLION,5890,Comfort Fedoke,Technical Execution + Authenticity,9.0,7779
Vancouver,2026-05-23,Thunderbird Sports Centre,1,1,1MILLION,5890,Comfort Fedoke,Spacing,9.0,7779
Vancouver,2026-05-23,Thunderbird Sports Centre,1,1,1MILLION,5890,Comfort Fedoke,Projection/Communication,9.0,7779
Vancouver,2026-05-23,Thunderbird Sports Centre,1,1,1MILLION,5890,Comfort Fedoke,Stamina,10.0,7779
Vancouver,2026-05-23,Thunderbird Sports Centre,1,1,ROYAL FAMILY,1889,Carlos Irizarry,Choreography Complexity,8.0,7779
Vancouver,2026-05-23,Thunderbird Sports Centre,1,1,ROYAL FAMILY,1889,Carlos Irizarry,Staging,8.0,7779
Vancouver,2026-05-23,Thunderbird Sports Centre,1,1,ROYAL FAMILY,1889,Carlos Irizarry,Musicality,9.0,7779
Vancouver,2026-05-23,Thunderbird Sports Centre,1,1,ROYAL FAMILY,1889,Carlos Irizarry,Creativity,8.0,7779
Vancouver,2026-05-23,Thunderbird Sports Centre,1,1,ROYAL FAMILY,1889,Carlos Irizarry,Stylistic Athleticism,7.0,7779
Vancouver,2026-05-23,Thunderbird Sports Centre,1,1,ROYAL FAMILY,1889,Carlos Irizarry,Cleanliness,9.0,7779
Vancouver,2026-05-23,Thunderbird Sports Centre,1,1,ROYAL FAMILY,1889,Carlos Irizarry,Technical Execution + Authenticity,9.0,7779
Vancouver,2026-05-23,Thunderbird Sports Centre,1,1,ROYAL FAMILY,1889,Carlos Irizarry,Spacing,9.0,7779
Vancouver,2026-05-23,Thunderbird Sports Centre,1,1,ROYAL FAMILY,1889,Carlos Irizarry,Projection/Communication,8.0,7779
Vancouver,2026-05-23,Thunderbird Sports Centre,1,1,ROYAL FAMILY,1889,Carlos Irizarry,Stamina,9.0,7779
Vancouver,2026-05-23,Thunderbird Sports Centre,1,1,1MILLION,5890,Carlos Irizarry,Choreography Complexity,9.0,7779
Vancouver,2026-05-23,Thunderbird Sports Centre,1,1,1MILLION,5890,Carlos Irizarry,Staging,9.0,7779
Vancouver,2026-05-23,Thunderbird Sports Centre,1,1,1MILLION,5890,Carlos Irizarry,Musicality,9.0,7779
Vancouver,2026-05-23,Thunderbird Sports Centre,1,1,1MILLION,5890,Carlos Irizarry,Creativity,9.0,7779
Vancouver,2026-05-23,Thunderbird Sports Centre,1,1,1MILLION,5890,Carlos Irizarry,Stylistic Athleticism,9.0,7779
Vancouver,2026-05-23,Thunderbird Sports Centre,1,1,1MILLION,5890,Carlos Irizarry,Cleanliness,9.0,7779
Vancouver,2026-05-23,Thunderbird Sports Centre,1,1,1MILLION,5890,Carlos Irizarry,Technical Execution + Authenticity,9.0,7779
Vancouver,2026-05-23,Thunderbird Sports Centre,1,1,1MILLION,5890,Carlos Irizarry,Spacing,9.0,7779
Vancouver,2026-05-23,Thunderbird Sports Centre,1,1,1MILLION,5890,Carlos Irizarry,Projection/Communication,9.0,7779
Vancouver,2026-05-23,Thunderbird Sports Centre,1,1,1MILLION,5890,Carlos Irizarry,Stamina,9.0,7779
Vancouver,2026-05-23,Thunderbird Sports Centre,1,1,ROYAL FAMILY,1889,Nicolas Begin,Choreography Complexity,8.0,7779
Vancouver,2026-05-23,Thunderbird Sports Centre,1,1,ROYAL FAMILY,1889,Nicolas Begin,Staging,9.0,7779
Vancouver,2026-05-23,Thunderbird Sports Centre,1,1,ROYAL FAMILY,1889,Nicolas Begin,Musicality,8.0,7779
Vancouver,2026-05-23,Thunderbird Sports Centre,1,1,ROYAL FAMILY,1889,Nicolas Begin,Creativity,8.0,7779
Vancouver,2026-05-23,Thunderbird Sports Centre,1,1,ROYAL FAMILY,1889,Nicolas Begin,Stylistic Athleticism,8.0,7779
Vancouver,2026-05-23,Thunderbird Sports Centre,1,1,ROYAL FAMILY,1889,Nicolas Begin,Cleanliness,10.0,7779
Vancouver,2026-05-23,Thunderbird Sports Centre,1,1,ROYAL FAMILY,1889,Nicolas Begin,Technical Execution + Authenticity,10.0,7779
Vancouver,2026-05-23,Thunderbird Sports Centre,1,1,ROYAL FAMILY,1889,Nicolas Begin,Spacing,9.0,7779
Vancouver,2026-05-23,Thunderbird Sports Centre,1,1,ROYAL FAMILY,1889,Nicolas Begin,Projection/Communication,9.0,7779
Vancouver,2026-05-23,Thunderbird Sports Centre,1,1,ROYAL FAMILY,1889,Nicolas Begin,Stamina,9.0,7779
Vancouver,2026-05-23,Thunderbird Sports Centre,1,1,1MILLION,5890,Nicolas Begin,Choreography Complexity,7.0,7779
Vancouver,2026-05-23,Thunderbird Sports Centre,1,1,1MILLION,5890,Nicolas Begin,Staging,8.0,7779
Vancouver,2026-05-23,Thunderbird Sports Centre,1,1,1MILLION,5890,Nicolas Begin,Musicality,9.0,7779
Vancouver,2026-05-23,Thunderbird Sports Centre,1,1,1MILLION,5890,Nicolas Begin,Creativity,8.0,7779
Vancouver,2026-05-23,Thunderbird Sports Centre,1,1,1MILLION,5890,Nicolas Begin,Stylistic Athleticism,8.0,7779
Vancouver,2026-05-23,Thunderbird Sports Centre,1,1,1MILLION,5890,Nicolas Begin,Cleanliness,9.0,7779
Vancouver,2026-05-23,Thunderbird Sports Centre,1,1,1MILLION,5890,Nicolas Begin,Technical Execution + Authenticity,9.0,7779
Vancouver,2026-05-23,Thunderbird Sports Centre,1,1,1MILLION,5890,Nicolas Begin,Spacing,9.0,7779
Vancouver,2026-05-23,Thunderbird Sports Centre,1,1,1MILLION,5890,Nicolas Begin,Projection/Communication,9.0,7779
Vancouver,2026-05-23,Thunderbird Sports Centre,1,1,1MILLION,5890,Nicolas Begin,Stamina,10.0,7779
Vancouver,2026-05-23,Thunderbird Sports Centre,1,2,QUICK STYLE,1024,Cheyenne Kibblewhite,Choreography Complexity,8.0,8733
Vancouver,2026-05-23,Thunderbird Sports Centre,1,2,QUICK STYLE,1024,Cheyenne Kibblewhite,Staging,9.0,8733
Vancouver,2026-05-23,Thunderbird Sports Centre,1,2,QUICK STYLE,1024,Cheyenne Kibblewhite,Musicality,9.0,8733
Vancouver,2026-05-23,Thunderbird Sports Centre,1,2,QUICK STYLE,1024,Cheyenne Kibblewhite,Creativity,9.0,8733
Vancouver,2026-05-23,Thunderbird Sports Centre,1,2,QUICK STYLE,1024,Cheyenne Kibblewhite,Stylistic Athleticism,8.0,8733
Vancouver,2026-05-23,Thunderbird Sports Centre,1,2,QUICK STYLE,1024,Cheyenne Kibblewhite,Cleanliness,8.0,8733
Vancouver,2026-05-23,Thunderbird Sports Centre,1,2,QUICK STYLE,1024,Cheyenne Kibblewhite,Technical Execution + Authenticity,9.0,8733
Vancouver,2026-05-23,Thunderbird Sports Centre,1,2,QUICK STYLE,1024,Cheyenne Kibblewhite,Spacing,9.0,8733
Vancouver,2026-05-23,Thunderbird Sports Centre,1,2,QUICK STYLE,1024,Cheyenne Kibblewhite,Projection/Communication,9.0,8733
Vancouver,2026-05-23,Thunderbird Sports Centre,1,2,QUICK STYLE,1024,Cheyenne Kibblewhite,Stamina,9.0,8733
Vancouver,2026-05-23,Thunderbird Sports Centre,1,2,JAM REPUBLIC,7709,Cheyenne Kibblewhite,Choreography Complexity,9.0,8733
Vancouver,2026-05-23,Thunderbird Sports Centre,1,2,JAM REPUBLIC,7709,Cheyenne Kibblewhite,Staging,9.0,8733
Vancouver,2026-05-23,Thunderbird Sports Centre,1,2,JAM REPUBLIC,7709,Cheyenne Kibblewhite,Musicality,9.0,8733
Vancouver,2026-05-23,Thunderbird Sports Centre,1,2,JAM REPUBLIC,7709,Cheyenne Kibblewhite,Creativity,9.0,8733
Vancouver,2026-05-23,Thunderbird Sports Centre,1,2,JAM REPUBLIC,7709,Cheyenne Kibblewhite,Stylistic Athleticism,8.0,8733
Vancouver,2026-05-23,Thunderbird Sports Centre,1,2,JAM REPUBLIC,7709,Cheyenne Kibblewhite,Cleanliness,9.0,8733
Vancouver,2026-05-23,Thunderbird Sports Centre,1,2,JAM REPUBLIC,7709,Cheyenne Kibblewhite,Technical Execution + Authenticity,8.0,8733
Vancouver,2026-05-23,Thunderbird Sports Centre,1,2,JAM REPUBLIC,7709,Cheyenne Kibblewhite,Spacing,9.0,8733
Vancouver,2026-05-23,Thunderbird Sports Centre,1,2,JAM REPUBLIC,7709,Cheyenne Kibblewhite,Projection/Communication,9.0,8733
Vancouver,2026-05-23,Thunderbird Sports Centre,1,2,JAM REPUBLIC,7709,Cheyenne Kibblewhite,Stamina,9.0,8733
Vancouver,2026-05-23,Thunderbird Sports Centre,1,2,QUICK STYLE,1024,Handy Yacinthe,Choreography Complexity,8.0,8733
Vancouver,2026-05-23,Thunderbird Sports Centre,1,2,QUICK STYLE,1024,Handy Yacinthe,Staging,7.0,8733
Vancouver,2026-05-23,Thunderbird Sports Centre,1,2,QUICK STYLE,1024,Handy Yacinthe,Musicality,8.0,8733
Vancouver,2026-05-23,Thunderbird Sports Centre,1,2,QUICK STYLE,1024,Handy Yacinthe,Creativity,8.0,8733
Vancouver,2026-05-23,Thunderbird Sports Centre,1,2,QUICK STYLE,1024,Handy Yacinthe,Stylistic Athleticism,7.0,8733
Vancouver,2026-05-23,Thunderbird Sports Centre,1,2,QUICK STYLE,1024,Handy Yacinthe,Cleanliness,9.0,8733
Vancouver,2026-05-23,Thunderbird Sports Centre,1,2,QUICK STYLE,1024,Handy Yacinthe,Technical Execution + Authenticity,8.0,8733
Vancouver,2026-05-23,Thunderbird Sports Centre,1,2,QUICK STYLE,1024,Handy Yacinthe,Spacing,8.0,8733
Vancouver,2026-05-23,Thunderbird Sports Centre,1,2,QUICK STYLE,1024,Handy Yacinthe,Projection/Communication,8.0,8733
Vancouver,2026-05-23,Thunderbird Sports Centre,1,2,QUICK STYLE,1024,Handy Yacinthe,Stamina,10.0,8733
Vancouver,2026-05-23,Thunderbird Sports Centre,1,2,JAM REPUBLIC,7709,Handy Yacinthe,Choreography Complexity,8.0,8733
Vancouver,2026-05-23,Thunderbird Sports Centre,1,2,JAM REPUBLIC,7709,Handy Yacinthe,Staging,7.0,8733
Vancouver,2026-05-23,Thunderbird Sports Centre,1,2,JAM REPUBLIC,7709,Handy Yacinthe,Musicality,9.0,8733
Vancouver,2026-05-23,Thunderbird Sports Centre,1,2,JAM REPUBLIC,7709,Handy Yacinthe,Creativity,8.0,8733
Vancouver,2026-05-23,Thunderbird Sports Centre,1,2,JAM REPUBLIC,7709,Handy Yacinthe,Stylistic Athleticism,9.0,8733
Vancouver,2026-05-23,Thunderbird Sports Centre,1,2,JAM REPUBLIC,7709,Handy Yacinthe,Cleanliness,9.0,8733
Vancouver,2026-05-23,Thunderbird Sports Centre,1,2,JAM REPUBLIC,7709,Handy Yacinthe,Technical Execution + Authenticity,9.0,8733
Vancouver,2026-05-23,Thunderbird Sports Centre,1,2,JAM REPUBLIC,7709,Handy Yacinthe,Spacing,8.0,8733
Vancouver,2026-05-23,Thunderbird Sports Centre,1,2,JAM REPUBLIC,7709,Handy Yacinthe,Projection/Communication,9.0,8733
Vancouver,2026-05-23,Thunderbird Sports Centre,1,2,JAM REPUBLIC,7709,Handy Yacinthe,Stamina,10.0,8733
Vancouver,2026-05-23,Thunderbird Sports Centre,1,2,QUICK STYLE,1024,Stephen Grey,Choreography Complexity,7.0,8733
Vancouver,2026-05-23,Thunderbird Sports Centre,1,2,QUICK STYLE,1024,Stephen Grey,Staging,7.0,8733
Vancouver,2026-05-23,Thunderbird Sports Centre,1,2,QUICK STYLE,1024,Stephen Grey,Musicality,8.0,8733
Vancouver,2026-05-23,Thunderbird Sports Centre,1,2,QUICK STYLE,1024,Stephen Grey,Creativity,7.0,8733
Vancouver,2026-05-23,Thunderbird Sports Centre,1,2,QUICK STYLE,1024,Stephen Grey,Stylistic Athleticism,8.0,8733
Vancouver,2026-05-23,Thunderbird Sports Centre,1,2,QUICK STYLE,1024,Stephen Grey,Cleanliness,9.0,8733
Vancouver,2026-05-23,Thunderbird Sports Centre,1,2,QUICK STYLE,1024,Stephen Grey,Technical Execution + Authenticity,8.0,8733
Vancouver,2026-05-23,Thunderbird Sports Centre,1,2,QUICK STYLE,1024,Stephen Grey,Spacing,8.0,8733
Vancouver,2026-05-23,Thunderbird Sports Centre,1,2,QUICK STYLE,1024,Stephen Grey,Projection/Communication,10.0,8733
Vancouver,2026-05-23,Thunderbird Sports Centre,1,2,QUICK STYLE,1024,Stephen Grey,Stamina,10.0,8733
Vancouver,2026-05-23,Thunderbird Sports Centre,1,2,JAM REPUBLIC,7709,Stephen Grey,Choreography Complexity,8.0,8733
Vancouver,2026-05-23,Thunderbird Sports Centre,1,2,JAM REPUBLIC,7709,Stephen Grey,Staging,8.0,8733
Vancouver,2026-05-23,Thunderbird Sports Centre,1,2,JAM REPUBLIC,7709,Stephen Grey,Musicality,8.0,8733
Vancouver,2026-05-23,Thunderbird Sports Centre,1,2,JAM REPUBLIC,7709,Stephen Grey,Creativity,8.0,8733
Vancouver,2026-05-23,Thunderbird Sports Centre,1,2,JAM REPUBLIC,7709,Stephen Grey,Stylistic Athleticism,9.0,8733
Vancouver,2026-05-23,Thunderbird Sports Centre,1,2,JAM REPUBLIC,7709,Stephen Grey,Cleanliness,9.0,8733
Vancouver,2026-05-23,Thunderbird Sports Centre,1,2,JAM REPUBLIC,7709,Stephen Grey,Technical Execution + Authenticity,8.0,8733
Vancouver,2026-05-23,Thunderbird Sports Centre,1,2,JAM REPUBLIC,7709,Stephen Grey,Spacing,8.0,8733
Vancouver,2026-05-23,Thunderbird Sports Centre,1,2,JAM REPUBLIC,7709,Stephen Grey,Projection/Communication,10.0,8733
Vancouver,2026-05-23,Thunderbird Sports Centre,1,2,JAM REPUBLIC,7709,Stephen Grey,Stamina,10.0,8733
Vancouver,2026-05-23,Thunderbird Sports Centre,1,2,QUICK STYLE,1024,Comfort Fedoke,Choreography Complexity,9.0,8733
Vancouver,2026-05-23,Thunderbird Sports Centre,1,2,QUICK STYLE,1024,Comfort Fedoke,Staging,8.0,8733
Vancouver,2026-05-23,Thunderbird Sports Centre,1,2,QUICK STYLE,1024,Comfort Fedoke,Musicality,9.0,8733
Vancouver,2026-05-23,Thunderbird Sports Centre,1,2,QUICK STYLE,1024,Comfort Fedoke,Creativity,8.0,8733
Vancouver,2026-05-23,Thunderbird Sports Centre,1,2,QUICK STYLE,1024,Comfort Fedoke,Stylistic Athleticism,8.0,8733
Vancouver,2026-05-23,Thunderbird Sports Centre,1,2,QUICK STYLE,1024,Comfort Fedoke,Cleanliness,9.0,8733
Vancouver,2026-05-23,Thunderbird Sports Centre,1,2,QUICK STYLE,1024,Comfort Fedoke,Technical Execution + Authenticity,7.0,8733
Vancouver,2026-05-23,Thunderbird Sports Centre,1,2,QUICK STYLE,1024,Comfort Fedoke,Spacing,8.0,8733
Vancouver,2026-05-23,Thunderbird Sports Centre,1,2,QUICK STYLE,1024,Comfort Fedoke,Projection/Communication,9.0,8733
Vancouver,2026-05-23,Thunderbird Sports Centre,1,2,QUICK STYLE,1024,Comfort Fedoke,Stamina,10.0,8733
Vancouver,2026-05-23,Thunderbird Sports Centre,1,2,JAM REPUBLIC,7709,Comfort Fedoke,Choreography Complexity,9.0,8733
Vancouver,2026-05-23,Thunderbird Sports Centre,1,2,JAM REPUBLIC,7709,Comfort Fedoke,Staging,9.0,8733
Vancouver,2026-05-23,Thunderbird Sports Centre,1,2,JAM REPUBLIC,7709,Comfort Fedoke,Musicality,9.0,8733
Vancouver,2026-05-23,Thunderbird Sports Centre,1,2,JAM REPUBLIC,7709,Comfort Fedoke,Creativity,9.0,8733
Vancouver,2026-05-23,Thunderbird Sports Centre,1,2,JAM REPUBLIC,7709,Comfort Fedoke,Stylistic Athleticism,8.0,8733
Vancouver,2026-05-23,Thunderbird Sports Centre,1,2,JAM REPUBLIC,7709,Comfort Fedoke,Cleanliness,9.0,8733
Vancouver,2026-05-23,Thunderbird Sports Centre,1,2,JAM REPUBLIC,7709,Comfort Fedoke,Technical Execution + Authenticity,9.0,8733
Vancouver,2026-05-23,Thunderbird Sports Centre,1,2,JAM REPUBLIC,7709,Comfort Fedoke,Spacing,9.0,8733
Vancouver,2026-05-23,Thunderbird Sports Centre,1,2,JAM REPUBLIC,7709,Comfort Fedoke,Projection/Communication,10.0,8733
Vancouver,2026-05-23,Thunderbird Sports Centre,1,2,JAM REPUBLIC,7709,Comfort Fedoke,Stamina,10.0,8733
Vancouver,2026-05-23,Thunderbird Sports Centre,1,2,QUICK STYLE,1024,Carlos Irizarry,Choreography Complexity,8.0,8733
Vancouver,2026-05-23,Thunderbird Sports Centre,1,2,QUICK STYLE,1024,Carlos Irizarry,Staging,8.0,8733
Vancouver,2026-05-23,Thunderbird Sports Centre,1,2,QUICK STYLE,1024,Carlos Irizarry,Musicality,9.0,8733
Vancouver,2026-05-23,Thunderbird Sports Centre,1,2,QUICK STYLE,1024,Carlos Irizarry,Creativity,8.0,8733
Vancouver,2026-05-23,Thunderbird Sports Centre,1,2,QUICK STYLE,1024,Carlos Irizarry,Stylistic Athleticism,8.0,8733
Vancouver,2026-05-23,Thunderbird Sports Centre,1,2,QUICK STYLE,1024,Carlos Irizarry,Cleanliness,8.0,8733
Vancouver,2026-05-23,Thunderbird Sports Centre,1,2,QUICK STYLE,1024,Carlos Irizarry,Technical Execution + Authenticity,9.0,8733
Vancouver,2026-05-23,Thunderbird Sports Centre,1,2,QUICK STYLE,1024,Carlos Irizarry,Spacing,9.0,8733
Vancouver,2026-05-23,Thunderbird Sports Centre,1,2,QUICK STYLE,1024,Carlos Irizarry,Projection/Communication,8.0,8733
Vancouver,2026-05-23,Thunderbird Sports Centre,1,2,QUICK STYLE,1024,Carlos Irizarry,Stamina,8.0,8733
Vancouver,2026-05-23,Thunderbird Sports Centre,1,2,JAM REPUBLIC,7709,Carlos Irizarry,Choreography Complexity,9.0,8733
Vancouver,2026-05-23,Thunderbird Sports Centre,1,2,JAM REPUBLIC,7709,Carlos Irizarry,Staging,8.0,8733
Vancouver,2026-05-23,Thunderbird Sports Centre,1,2,JAM REPUBLIC,7709,Carlos Irizarry,Musicality,9.0,8733
Vancouver,2026-05-23,Thunderbird Sports Centre,1,2,JAM REPUBLIC,7709,Carlos Irizarry,Creativity,9.0,8733
Vancouver,2026-05-23,Thunderbird Sports Centre,1,2,JAM REPUBLIC,7709,Carlos Irizarry,Stylistic Athleticism,8.0,8733
Vancouver,2026-05-23,Thunderbird Sports Centre,1,2,JAM REPUBLIC,7709,Carlos Irizarry,Cleanliness,9.0,8733
Vancouver,2026-05-23,Thunderbird Sports Centre,1,2,JAM REPUBLIC,7709,Carlos Irizarry,Technical Execution + Authenticity,9.0,8733
Vancouver,2026-05-23,Thunderbird Sports Centre,1,2,JAM REPUBLIC,7709,Carlos Irizarry,Spacing,9.0,8733
Vancouver,2026-05-23,Thunderbird Sports Centre,1,2,JAM REPUBLIC,7709,Carlos Irizarry,Projection/Communication,9.0,8733
Vancouver,2026-05-23,Thunderbird Sports Centre,1,2,JAM REPUBLIC,7709,Carlos Irizarry,Stamina,9.0,8733
Vancouver,2026-05-23,Thunderbird Sports Centre,1,2,QUICK STYLE,1024,Nicolas Begin,Choreography Complexity,10.0,8733
Vancouver,2026-05-23,Thunderbird Sports Centre,1,2,QUICK STYLE,1024,Nicolas Begin,Staging,7.0,8733
Vancouver,2026-05-23,Thunderbird Sports Centre,1,2,QUICK STYLE,1024,Nicolas Begin,Musicality,9.0,8733
Vancouver,2026-05-23,Thunderbird Sports Centre,1,2,QUICK STYLE,1024,Nicolas Begin,Creativity,9.0,8733
Vancouver,2026-05-23,Thunderbird Sports Centre,1,2,QUICK STYLE,1024,Nicolas Begin,Stylistic Athleticism,8.0,8733
Vancouver,2026-05-23,Thunderbird Sports Centre,1,2,QUICK STYLE,1024,Nicolas Begin,Cleanliness,8.0,8733
Vancouver,2026-05-23,Thunderbird Sports Centre,1,2,QUICK STYLE,1024,Nicolas Begin,Technical Execution + Authenticity,9.0,8733
Vancouver,2026-05-23,Thunderbird Sports Centre,1,2,QUICK STYLE,1024,Nicolas Begin,Spacing,9.0,8733
Vancouver,2026-05-23,Thunderbird Sports Centre,1,2,QUICK STYLE,1024,Nicolas Begin,Projection/Communication,8.0,8733
Vancouver,2026-05-23,Thunderbird Sports Centre,1,2,QUICK STYLE,1024,Nicolas Begin,Stamina,9.0,8733
Vancouver,2026-05-23,Thunderbird Sports Centre,1,2,JAM REPUBLIC,7709,Nicolas Begin,Choreography Complexity,9.0,8733
Vancouver,2026-05-23,Thunderbird Sports Centre,1,2,JAM REPUBLIC,7709,Nicolas Begin,Staging,9.0,8733
Vancouver,2026-05-23,Thunderbird Sports Centre,1,2,JAM REPUBLIC,7709,Nicolas Begin,Musicality,8.0,8733
Vancouver,2026-05-23,Thunderbird Sports Centre,1,2,JAM REPUBLIC,7709,Nicolas Begin,Creativity,8.0,8733
Vancouver,2026-05-23,Thunderbird Sports Centre,1,2,JAM REPUBLIC,7709,Nicolas Begin,Stylistic Athleticism,10.0,8733
Vancouver,2026-05-23,Thunderbird Sports Centre,1,2,JAM REPUBLIC,7709,Nicolas Begin,Cleanliness,9.0,8733
Vancouver,2026-05-23,Thunderbird Sports Centre,1,2,JAM REPUBLIC,7709,Nicolas Begin,Technical Execution + Authenticity,9.0,8733
Vancouver,2026-05-23,Thunderbird Sports Centre,1,2,JAM REPUBLIC,7709,Nicolas Begin,Spacing,9.0,8733
Vancouver,2026-05-23,Thunderbird Sports Centre,1,2,JAM REPUBLIC,7709,Nicolas Begin,Projection/Communication,10.0,8733
Vancouver,2026-05-23,Thunderbird Sports Centre,1,2,JAM REPUBLIC,7709,Nicolas Begin,Stamina,10.0,8733
Vancouver,2026-05-23,Thunderbird Sports Centre,1,3,GRV,2593,Cheyenne Kibblewhite,Choreography Complexity,9.0,9671
Vancouver,2026-05-23,Thunderbird Sports Centre,1,3,GRV,2593,Cheyenne Kibblewhite,Staging,9.0,9671
Vancouver,2026-05-23,Thunderbird Sports Centre,1,3,GRV,2593,Cheyenne Kibblewhite,Musicality,9.0,9671
Vancouver,2026-05-23,Thunderbird Sports Centre,1,3,GRV,2593,Cheyenne Kibblewhite,Creativity,10.0,9671
Vancouver,2026-05-23,Thunderbird Sports Centre,1,3,GRV,2593,Cheyenne Kibblewhite,Stylistic Athleticism,10.0,9671
Vancouver,2026-05-23,Thunderbird Sports Centre,1,3,GRV,2593,Cheyenne Kibblewhite,Cleanliness,9.0,9671
Vancouver,2026-05-23,Thunderbird Sports Centre,1,3,GRV,2593,Cheyenne Kibblewhite,Technical Execution + Authenticity,9.0,9671
Vancouver,2026-05-23,Thunderbird Sports Centre,1,3,GRV,2593,Cheyenne Kibblewhite,Spacing,9.0,9671
Vancouver,2026-05-23,Thunderbird Sports Centre,1,3,GRV,2593,Cheyenne Kibblewhite,Projection/Communication,9.0,9671
Vancouver,2026-05-23,Thunderbird Sports Centre,1,3,GRV,2593,Cheyenne Kibblewhite,Stamina,10.0,9671
Vancouver,2026-05-23,Thunderbird Sports Centre,1,3,BROTHERHOOD,7078,Cheyenne Kibblewhite,Choreography Complexity,8.0,9671
Vancouver,2026-05-23,Thunderbird Sports Centre,1,3,BROTHERHOOD,7078,Cheyenne Kibblewhite,Staging,9.0,9671
Vancouver,2026-05-23,Thunderbird Sports Centre,1,3,BROTHERHOOD,7078,Cheyenne Kibblewhite,Musicality,10.0,9671
Vancouver,2026-05-23,Thunderbird Sports Centre,1,3,BROTHERHOOD,7078,Cheyenne Kibblewhite,Creativity,9.0,9671
Vancouver,2026-05-23,Thunderbird Sports Centre,1,3,BROTHERHOOD,7078,Cheyenne Kibblewhite,Stylistic Athleticism,10.0,9671
Vancouver,2026-05-23,Thunderbird Sports Centre,1,3,BROTHERHOOD,7078,Cheyenne Kibblewhite,Cleanliness,10.0,9671
Vancouver,2026-05-23,Thunderbird Sports Centre,1,3,BROTHERHOOD,7078,Cheyenne Kibblewhite,Technical Execution + Authenticity,9.0,9671
Vancouver,2026-05-23,Thunderbird Sports Centre,1,3,BROTHERHOOD,7078,Cheyenne Kibblewhite,Spacing,9.0,9671
Vancouver,2026-05-23,Thunderbird Sports Centre,1,3,BROTHERHOOD,7078,Cheyenne Kibblewhite,Projection/Communication,10.0,9671
Vancouver,2026-05-23,Thunderbird Sports Centre,1,3,BROTHERHOOD,7078,Cheyenne Kibblewhite,Stamina,10.0,9671
Vancouver,2026-05-23,Thunderbird Sports Centre,1,3,GRV,2593,Handy Yacinthe,Choreography Complexity,8.0,9671
Vancouver,2026-05-23,Thunderbird Sports Centre,1,3,GRV,2593,Handy Yacinthe,Staging,9.0,9671
Vancouver,2026-05-23,Thunderbird Sports Centre,1,3,GRV,2593,Handy Yacinthe,Musicality,8.0,9671
Vancouver,2026-05-23,Thunderbird Sports Centre,1,3,GRV,2593,Handy Yacinthe,Creativity,10.0,9671
Vancouver,2026-05-23,Thunderbird Sports Centre,1,3,GRV,2593,Handy Yacinthe,Stylistic Athleticism,8.0,9671
Vancouver,2026-05-23,Thunderbird Sports Centre,1,3,GRV,2593,Handy Yacinthe,Cleanliness,9.0,9671
Vancouver,2026-05-23,Thunderbird Sports Centre,1,3,GRV,2593,Handy Yacinthe,Technical Execution + Authenticity,9.0,9671
Vancouver,2026-05-23,Thunderbird Sports Centre,1,3,GRV,2593,Handy Yacinthe,Spacing,8.0,9671
Vancouver,2026-05-23,Thunderbird Sports Centre,1,3,GRV,2593,Handy Yacinthe,Projection/Communication,10.0,9671
Vancouver,2026-05-23,Thunderbird Sports Centre,1,3,GRV,2593,Handy Yacinthe,Stamina,10.0,9671
Vancouver,2026-05-23,Thunderbird Sports Centre,1,3,BROTHERHOOD,7078,Handy Yacinthe,Choreography Complexity,9.0,9671
Vancouver,2026-05-23,Thunderbird Sports Centre,1,3,BROTHERHOOD,7078,Handy Yacinthe,Staging,7.0,9671
Vancouver,2026-05-23,Thunderbird Sports Centre,1,3,BROTHERHOOD,7078,Handy Yacinthe,Musicality,9.0,9671
Vancouver,2026-05-23,Thunderbird Sports Centre,1,3,BROTHERHOOD,7078,Handy Yacinthe,Creativity,9.0,9671
Vancouver,2026-05-23,Thunderbird Sports Centre,1,3,BROTHERHOOD,7078,Handy Yacinthe,Stylistic Athleticism,8.0,9671
Vancouver,2026-05-23,Thunderbird Sports Centre,1,3,BROTHERHOOD,7078,Handy Yacinthe,Cleanliness,10.0,9671
Vancouver,2026-05-23,Thunderbird Sports Centre,1,3,BROTHERHOOD,7078,Handy Yacinthe,Technical Execution + Authenticity,10.0,9671
Vancouver,2026-05-23,Thunderbird Sports Centre,1,3,BROTHERHOOD,7078,Handy Yacinthe,Spacing,9.0,9671
Vancouver,2026-05-23,Thunderbird Sports Centre,1,3,BROTHERHOOD,7078,Handy Yacinthe,Projection/Communication,10.0,9671
Vancouver,2026-05-23,Thunderbird Sports Centre,1,3,BROTHERHOOD,7078,Handy Yacinthe,Stamina,10.0,9671
Vancouver,2026-05-23,Thunderbird Sports Centre,1,3,GRV,2593,Stephen Grey,Choreography Complexity,8.0,9671
Vancouver,2026-05-23,Thunderbird Sports Centre,1,3,GRV,2593,Stephen Grey,Staging,9.0,9671
Vancouver,2026-05-23,Thunderbird Sports Centre,1,3,GRV,2593,Stephen Grey,Musicality,8.0,9671
Vancouver,2026-05-23,Thunderbird Sports Centre,1,3,GRV,2593,Stephen Grey,Creativity,10.0,9671
Vancouver,2026-05-23,Thunderbird Sports Centre,1,3,GRV,2593,Stephen Grey,Stylistic Athleticism,9.0,9671
Vancouver,2026-05-23,Thunderbird Sports Centre,1,3,GRV,2593,Stephen Grey,Cleanliness,8.0,9671
Vancouver,2026-05-23,Thunderbird Sports Centre,1,3,GRV,2593,Stephen Grey,Technical Execution + Authenticity,9.0,9671
Vancouver,2026-05-23,Thunderbird Sports Centre,1,3,GRV,2593,Stephen Grey,Spacing,7.0,9671
Vancouver,2026-05-23,Thunderbird Sports Centre,1,3,GRV,2593,Stephen Grey,Projection/Communication,10.0,9671
Vancouver,2026-05-23,Thunderbird Sports Centre,1,3,GRV,2593,Stephen Grey,Stamina,10.0,9671
Vancouver,2026-05-23,Thunderbird Sports Centre,1,3,BROTHERHOOD,7078,Stephen Grey,Choreography Complexity,9.0,9671
Vancouver,2026-05-23,Thunderbird Sports Centre,1,3,BROTHERHOOD,7078,Stephen Grey,Staging,7.0,9671
Vancouver,2026-05-23,Thunderbird Sports Centre,1,3,BROTHERHOOD,7078,Stephen Grey,Musicality,9.0,9671
Vancouver,2026-05-23,Thunderbird Sports Centre,1,3,BROTHERHOOD,7078,Stephen Grey,Creativity,10.0,9671
Vancouver,2026-05-23,Thunderbird Sports Centre,1,3,BROTHERHOOD,7078,Stephen Grey,Stylistic Athleticism,9.0,9671
Vancouver,2026-05-23,Thunderbird Sports Centre,1,3,BROTHERHOOD,7078,Stephen Grey,Cleanliness,9.0,9671
Vancouver,2026-05-23,Thunderbird Sports Centre,1,3,BROTHERHOOD,7078,Stephen Grey,Technical Execution + Authenticity,9.0,9671
Vancouver,2026-05-23,Thunderbird Sports Centre,1,3,BROTHERHOOD,7078,Stephen Grey,Spacing,8.0,9671
Vancouver,2026-05-23,Thunderbird Sports Centre,1,3,BROTHERHOOD,7078,Stephen Grey,Projection/Communication,10.0,9671
Vancouver,2026-05-23,Thunderbird Sports Centre,1,3,BROTHERHOOD,7078,Stephen Grey,Stamina,10.0,9671
Vancouver,2026-05-23,Thunderbird Sports Centre,1,3,GRV,2593,Comfort Fedoke,Choreography Complexity,8.0,9671
Vancouver,2026-05-23,Thunderbird Sports Centre,1,3,GRV,2593,Comfort Fedoke,Staging,9.0,9671
Vancouver,2026-05-23,Thunderbird Sports Centre,1,3,GRV,2593,Comfort Fedoke,Musicality,9.0,9671
Vancouver,2026-05-23,Thunderbird Sports Centre,1,3,GRV,2593,Comfort Fedoke,Creativity,9.0,9671
Vancouver,2026-05-23,Thunderbird Sports Centre,1,3,GRV,2593,Comfort Fedoke,Stylistic Athleticism,9.0,9671
Vancouver,2026-05-23,Thunderbird Sports Centre,1,3,GRV,2593,Comfort Fedoke,Cleanliness,9.0,9671
Vancouver,2026-05-23,Thunderbird Sports Centre,1,3,GRV,2593,Comfort Fedoke,Technical Execution + Authenticity,8.0,9671
Vancouver,2026-05-23,Thunderbird Sports Centre,1,3,GRV,2593,Comfort Fedoke,Spacing,9.0,9671
Vancouver,2026-05-23,Thunderbird Sports Centre,1,3,GRV,2593,Comfort Fedoke,Projection/Communication,9.0,9671
Vancouver,2026-05-23,Thunderbird Sports Centre,1,3,GRV,2593,Comfort Fedoke,Stamina,10.0,9671
Vancouver,2026-05-23,Thunderbird Sports Centre,1,3,BROTHERHOOD,7078,Comfort Fedoke,Choreography Complexity,9.0,9671
Vancouver,2026-05-23,Thunderbird Sports Centre,1,3,BROTHERHOOD,7078,Comfort Fedoke,Staging,10.0,9671
Vancouver,2026-05-23,Thunderbird Sports Centre,1,3,BROTHERHOOD,7078,Comfort Fedoke,Musicality,10.0,9671
Vancouver,2026-05-23,Thunderbird Sports Centre,1,3,BROTHERHOOD,7078,Comfort Fedoke,Creativity,9.0,9671
Vancouver,2026-05-23,Thunderbird Sports Centre,1,3,BROTHERHOOD,7078,Comfort Fedoke,Stylistic Athleticism,9.0,9671
Vancouver,2026-05-23,Thunderbird Sports Centre,1,3,BROTHERHOOD,7078,Comfort Fedoke,Cleanliness,9.0,9671
Vancouver,2026-05-23,Thunderbird Sports Centre,1,3,BROTHERHOOD,7078,Comfort Fedoke,Technical Execution + Authenticity,10.0,9671
Vancouver,2026-05-23,Thunderbird Sports Centre,1,3,BROTHERHOOD,7078,Comfort Fedoke,Spacing,9.0,9671
Vancouver,2026-05-23,Thunderbird Sports Centre,1,3,BROTHERHOOD,7078,Comfort Fedoke,Projection/Communication,10.0,9671
Vancouver,2026-05-23,Thunderbird Sports Centre,1,3,BROTHERHOOD,7078,Comfort Fedoke,Stamina,10.0,9671
Vancouver,2026-05-23,Thunderbird Sports Centre,1,3,GRV,2593,Carlos Irizarry,Choreography Complexity,10.0,9671
Vancouver,2026-05-23,Thunderbird Sports Centre,1,3,GRV,2593,Carlos Irizarry,Staging,10.0,9671
Vancouver,2026-05-23,Thunderbird Sports Centre,1,3,GRV,2593,Carlos Irizarry,Musicality,9.0,9671
Vancouver,2026-05-23,Thunderbird Sports Centre,1,3,GRV,2593,Carlos Irizarry,Creativity,9.0,9671
Vancouver,2026-05-23,Thunderbird Sports Centre,1,3,GRV,2593,Carlos Irizarry,Stylistic Athleticism,9.0,9671
Vancouver,2026-05-23,Thunderbird Sports Centre,1,3,GRV,2593,Carlos Irizarry,Cleanliness,9.0,9671
Vancouver,2026-05-23,Thunderbird Sports Centre,1,3,GRV,2593,Carlos Irizarry,Technical Execution + Authenticity,9.0,9671
Vancouver,2026-05-23,Thunderbird Sports Centre,1,3,GRV,2593,Carlos Irizarry,Spacing,10.0,9671
Vancouver,2026-05-23,Thunderbird Sports Centre,1,3,GRV,2593,Carlos Irizarry,Projection/Communication,9.0,9671
Vancouver,2026-05-23,Thunderbird Sports Centre,1,3,GRV,2593,Carlos Irizarry,Stamina,10.0,9671
Vancouver,2026-05-23,Thunderbird Sports Centre,1,3,BROTHERHOOD,7078,Carlos Irizarry,Choreography Complexity,9.0,9671
Vancouver,2026-05-23,Thunderbird Sports Centre,1,3,BROTHERHOOD,7078,Carlos Irizarry,Staging,9.0,9671
Vancouver,2026-05-23,Thunderbird Sports Centre,1,3,BROTHERHOOD,7078,Carlos Irizarry,Musicality,10.0,9671
Vancouver,2026-05-23,Thunderbird Sports Centre,1,3,BROTHERHOOD,7078,Carlos Irizarry,Creativity,10.0,9671
Vancouver,2026-05-23,Thunderbird Sports Centre,1,3,BROTHERHOOD,7078,Carlos Irizarry,Stylistic Athleticism,8.0,9671
Vancouver,2026-05-23,Thunderbird Sports Centre,1,3,BROTHERHOOD,7078,Carlos Irizarry,Cleanliness,10.0,9671
Vancouver,2026-05-23,Thunderbird Sports Centre,1,3,BROTHERHOOD,7078,Carlos Irizarry,Technical Execution + Authenticity,9.0,9671
Vancouver,2026-05-23,Thunderbird Sports Centre,1,3,BROTHERHOOD,7078,Carlos Irizarry,Spacing,10.0,9671
Vancouver,2026-05-23,Thunderbird Sports Centre,1,3,BROTHERHOOD,7078,Carlos Irizarry,Projection/Communication,10.0,9671
Vancouver,2026-05-23,Thunderbird Sports Centre,1,3,BROTHERHOOD,7078,Carlos Irizarry,Stamina,10.0,9671
Vancouver,2026-05-23,Thunderbird Sports Centre,1,3,GRV,2593,Nicolas Begin,Choreography Complexity,8.0,9671
Vancouver,2026-05-23,Thunderbird Sports Centre,1,3,GRV,2593,Nicolas Begin,Staging,8.0,9671
Vancouver,2026-05-23,Thunderbird Sports Centre,1,3,GRV,2593,Nicolas Begin,Musicality,8.0,9671
Vancouver,2026-05-23,Thunderbird Sports Centre,1,3,GRV,2593,Nicolas Begin,Creativity,10.0,9671
Vancouver,2026-05-23,Thunderbird Sports Centre,1,3,GRV,2593,Nicolas Begin,Stylistic Athleticism,9.0,9671
Vancouver,2026-05-23,Thunderbird Sports Centre,1,3,GRV,2593,Nicolas Begin,Cleanliness,8.0,9671
Vancouver,2026-05-23,Thunderbird Sports Centre,1,3,GRV,2593,Nicolas Begin,Technical Execution + Authenticity,9.0,9671
Vancouver,2026-05-23,Thunderbird Sports Centre,1,3,GRV,2593,Nicolas Begin,Spacing,9.0,9671
Vancouver,2026-05-23,Thunderbird Sports Centre,1,3,GRV,2593,Nicolas Begin,Projection/Communication,10.0,9671
Vancouver,2026-05-23,Thunderbird Sports Centre,1,3,GRV,2593,Nicolas Begin,Stamina,9.0,9671
Vancouver,2026-05-23,Thunderbird Sports Centre,1,3,BROTHERHOOD,7078,Nicolas Begin,Choreography Complexity,9.0,9671
Vancouver,2026-05-23,Thunderbird Sports Centre,1,3,BROTHERHOOD,7078,Nicolas Begin,Staging,10.0,9671
Vancouver,2026-05-23,Thunderbird Sports Centre,1,3,BROTHERHOOD,7078,Nicolas Begin,Musicality,8.0,9671
Vancouver,2026-05-23,Thunderbird Sports Centre,1,3,BROTHERHOOD,7078,Nicolas Begin,Creativity,9.0,9671
Vancouver,2026-05-23,Thunderbird Sports Centre,1,3,BROTHERHOOD,7078,Nicolas Begin,Stylistic Athleticism,10.0,9671
Vancouver,2026-05-23,Thunderbird Sports Centre,1,3,BROTHERHOOD,7078,Nicolas Begin,Cleanliness,10.0,9671
Vancouver,2026-05-23,Thunderbird Sports Centre,1,3,BROTHERHOOD,7078,Nicolas Begin,Technical Execution + Authenticity,10.0,9671
Vancouver,2026-05-23,Thunderbird Sports Centre,1,3,BROTHERHOOD,7078,Nicolas Begin,Spacing,8.0,9671
Vancouver,2026-05-23,Thunderbird Sports Centre,1,3,BROTHERHOOD,7078,Nicolas Begin,Projection/Communication,10.0,9671
Vancouver,2026-05-23,Thunderbird Sports Centre,1,3,BROTHERHOOD,7078,Nicolas Begin,Stamina,10.0,9671
Vancouver,2026-05-23,Thunderbird Sports Centre,2,1,BROTHERHOOD,6723,Cheyenne Kibblewhite,Choreography Complexity,9.0,8303
Vancouver,2026-05-23,Thunderbird Sports Centre,2,1,BROTHERHOOD,6723,Cheyenne Kibblewhite,Staging,9.0,8303
Vancouver,2026-05-23,Thunderbird Sports Centre,2,1,BROTHERHOOD,6723,Cheyenne Kibblewhite,Musicality,9.0,8303
Vancouver,2026-05-23,Thunderbird Sports Centre,2,1,BROTHERHOOD,6723,Cheyenne Kibblewhite,Creativity,10.0,8303
Vancouver,2026-05-23,Thunderbird Sports Centre,2,1,BROTHERHOOD,6723,Cheyenne Kibblewhite,Stylistic Athleticism,10.0,8303
Vancouver,2026-05-23,Thunderbird Sports Centre,2,1,BROTHERHOOD,6723,Cheyenne Kibblewhite,Cleanliness,9.0,8303
Vancouver,2026-05-23,Thunderbird Sports Centre,2,1,BROTHERHOOD,6723,Cheyenne Kibblewhite,Technical Execution + Authenticity,10.0,8303
Vancouver,2026-05-23,Thunderbird Sports Centre,2,1,BROTHERHOOD,6723,Cheyenne Kibblewhite,Spacing,9.0,8303
Vancouver,2026-05-23,Thunderbird Sports Centre,2,1,BROTHERHOOD,6723,Cheyenne Kibblewhite,Projection/Communication,9.0,8303
Vancouver,2026-05-23,Thunderbird Sports Centre,2,1,BROTHERHOOD,6723,Cheyenne Kibblewhite,Stamina,9.0,8303
Vancouver,2026-05-23,Thunderbird Sports Centre,2,1,JAM REPUBLIC,1205,Cheyenne Kibblewhite,Choreography Complexity,8.0,8303
Vancouver,2026-05-23,Thunderbird Sports Centre,2,1,JAM REPUBLIC,1205,Cheyenne Kibblewhite,Staging,8.0,8303
Vancouver,2026-05-23,Thunderbird Sports Centre,2,1,JAM REPUBLIC,1205,Cheyenne Kibblewhite,Musicality,8.0,8303
Vancouver,2026-05-23,Thunderbird Sports Centre,2,1,JAM REPUBLIC,1205,Cheyenne Kibblewhite,Creativity,8.0,8303
Vancouver,2026-05-23,Thunderbird Sports Centre,2,1,JAM REPUBLIC,1205,Cheyenne Kibblewhite,Stylistic Athleticism,8.0,8303
Vancouver,2026-05-23,Thunderbird Sports Centre,2,1,JAM REPUBLIC,1205,Cheyenne Kibblewhite,Cleanliness,8.0,8303
Vancouver,2026-05-23,Thunderbird Sports Centre,2,1,JAM REPUBLIC,1205,Cheyenne Kibblewhite,Technical Execution + Authenticity,8.0,8303
Vancouver,2026-05-23,Thunderbird Sports Centre,2,1,JAM REPUBLIC,1205,Cheyenne Kibblewhite,Spacing,8.0,8303
Vancouver,2026-05-23,Thunderbird Sports Centre,2,1,JAM REPUBLIC,1205,Cheyenne Kibblewhite,Projection/Communication,8.0,8303
Vancouver,2026-05-23,Thunderbird Sports Centre,2,1,JAM REPUBLIC,1205,Cheyenne Kibblewhite,Stamina,9.0,8303
Vancouver,2026-05-23,Thunderbird Sports Centre,2,1,1MILLION,375,Cheyenne Kibblewhite,Choreography Complexity,8.0,8303
Vancouver,2026-05-23,Thunderbird Sports Centre,2,1,1MILLION,375,Cheyenne Kibblewhite,Staging,9.0,8303
Vancouver,2026-05-23,Thunderbird Sports Centre,2,1,1MILLION,375,Cheyenne Kibblewhite,Musicality,9.0,8303
Vancouver,2026-05-23,Thunderbird Sports Centre,2,1,1MILLION,375,Cheyenne Kibblewhite,Creativity,8.0,8303
Vancouver,2026-05-23,Thunderbird Sports Centre,2,1,1MILLION,375,Cheyenne Kibblewhite,Stylistic Athleticism,8.0,8303
Vancouver,2026-05-23,Thunderbird Sports Centre,2,1,1MILLION,375,Cheyenne Kibblewhite,Cleanliness,8.0,8303
Vancouver,2026-05-23,Thunderbird Sports Centre,2,1,1MILLION,375,Cheyenne Kibblewhite,Technical Execution + Authenticity,9.0,8303
Vancouver,2026-05-23,Thunderbird Sports Centre,2,1,1MILLION,375,Cheyenne Kibblewhite,Spacing,9.0,8303
Vancouver,2026-05-23,Thunderbird Sports Centre,2,1,1MILLION,375,Cheyenne Kibblewhite,Projection/Communication,9.0,8303
Vancouver,2026-05-23,Thunderbird Sports Centre,2,1,1MILLION,375,Cheyenne Kibblewhite,Stamina,9.0,8303
Vancouver,2026-05-23,Thunderbird Sports Centre,2,1,BROTHERHOOD,6723,Handy Yacinthe,Choreography Complexity,9.0,8303
Vancouver,2026-05-23,Thunderbird Sports Centre,2,1,BROTHERHOOD,6723,Handy Yacinthe,Staging,9.0,8303
Vancouver,2026-05-23,Thunderbird Sports Centre,2,1,BROTHERHOOD,6723,Handy Yacinthe,Musicality,10.0,8303
Vancouver,2026-05-23,Thunderbird Sports Centre,2,1,BROTHERHOOD,6723,Handy Yacinthe,Creativity,9.0,8303
Vancouver,2026-05-23,Thunderbird Sports Centre,2,1,BROTHERHOOD,6723,Handy Yacinthe,Stylistic Athleticism,9.0,8303
Vancouver,2026-05-23,Thunderbird Sports Centre,2,1,BROTHERHOOD,6723,Handy Yacinthe,Cleanliness,10.0,8303
Vancouver,2026-05-23,Thunderbird Sports Centre,2,1,BROTHERHOOD,6723,Handy Yacinthe,Technical Execution + Authenticity,10.0,8303
Vancouver,2026-05-23,Thunderbird Sports Centre,2,1,BROTHERHOOD,6723,Handy Yacinthe,Spacing,9.0,8303
Vancouver,2026-05-23,Thunderbird Sports Centre,2,1,BROTHERHOOD,6723,Handy Yacinthe,Projection/Communication,10.0,8303
Vancouver,2026-05-23,Thunderbird Sports Centre,2,1,BROTHERHOOD,6723,Handy Yacinthe,Stamina,10.0,8303
Vancouver,2026-05-23,Thunderbird Sports Centre,2,1,JAM REPUBLIC,1205,Handy Yacinthe,Choreography Complexity,8.0,8303
Vancouver,2026-05-23,Thunderbird Sports Centre,2,1,JAM REPUBLIC,1205,Handy Yacinthe,Staging,8.0,8303
Vancouver,2026-05-23,Thunderbird Sports Centre,2,1,JAM REPUBLIC,1205,Handy Yacinthe,Musicality,10.0,8303
Vancouver,2026-05-23,Thunderbird Sports Centre,2,1,JAM REPUBLIC,1205,Handy Yacinthe,Creativity,8.0,8303
Vancouver,2026-05-23,Thunderbird Sports Centre,2,1,JAM REPUBLIC,1205,Handy Yacinthe,Stylistic Athleticism,9.0,8303
Vancouver,2026-05-23,Thunderbird Sports Centre,2,1,JAM REPUBLIC,1205,Handy Yacinthe,Cleanliness,10.0,8303
Vancouver,2026-05-23,Thunderbird Sports Centre,2,1,JAM REPUBLIC,1205,Handy Yacinthe,Technical Execution + Authenticity,9.0,8303
Vancouver,2026-05-23,Thunderbird Sports Centre,2,1,JAM REPUBLIC,1205,Handy Yacinthe,Spacing,9.0,8303
Vancouver,2026-05-23,Thunderbird Sports Centre,2,1,JAM REPUBLIC,1205,Handy Yacinthe,Projection/Communication,9.0,8303
Vancouver,2026-05-23,Thunderbird Sports Centre,2,1,JAM REPUBLIC,1205,Handy Yacinthe,Stamina,10.0,8303
Vancouver,2026-05-23,Thunderbird Sports Centre,2,1,1MILLION,375,Handy Yacinthe,Choreography Complexity,8.0,8303
Vancouver,2026-05-23,Thunderbird Sports Centre,2,1,1MILLION,375,Handy Yacinthe,Staging,8.0,8303
Vancouver,2026-05-23,Thunderbird Sports Centre,2,1,1MILLION,375,Handy Yacinthe,Musicality,8.0,8303
Vancouver,2026-05-23,Thunderbird Sports Centre,2,1,1MILLION,375,Handy Yacinthe,Creativity,8.0,8303
Vancouver,2026-05-23,Thunderbird Sports Centre,2,1,1MILLION,375,Handy Yacinthe,Stylistic Athleticism,8.0,8303
Vancouver,2026-05-23,Thunderbird Sports Centre,2,1,1MILLION,375,Handy Yacinthe,Cleanliness,9.0,8303
Vancouver,2026-05-23,Thunderbird Sports Centre,2,1,1MILLION,375,Handy Yacinthe,Technical Execution + Authenticity,9.0,8303
Vancouver,2026-05-23,Thunderbird Sports Centre,2,1,1MILLION,375,Handy Yacinthe,Spacing,8.0,8303
Vancouver,2026-05-23,Thunderbird Sports Centre,2,1,1MILLION,375,Handy Yacinthe,Projection/Communication,9.0,8303
Vancouver,2026-05-23,Thunderbird Sports Centre,2,1,1MILLION,375,Handy Yacinthe,Stamina,10.0,8303
Vancouver,2026-05-23,Thunderbird Sports Centre,2,1,BROTHERHOOD,6723,Stephen Grey,Choreography Complexity,9.0,8303
Vancouver,2026-05-23,Thunderbird Sports Centre,2,1,BROTHERHOOD,6723,Stephen Grey,Staging,8.0,8303
Vancouver,2026-05-23,Thunderbird Sports Centre,2,1,BROTHERHOOD,6723,Stephen Grey,Musicality,9.0,8303
Vancouver,2026-05-23,Thunderbird Sports Centre,2,1,BROTHERHOOD,6723,Stephen Grey,Creativity,9.0,8303
Vancouver,2026-05-23,Thunderbird Sports Centre,2,1,BROTHERHOOD,6723,Stephen Grey,Stylistic Athleticism,8.0,8303
Vancouver,2026-05-23,Thunderbird Sports Centre,2,1,BROTHERHOOD,6723,Stephen Grey,Cleanliness,9.0,8303
Vancouver,2026-05-23,Thunderbird Sports Centre,2,1,BROTHERHOOD,6723,Stephen Grey,Technical Execution + Authenticity,8.0,8303
Vancouver,2026-05-23,Thunderbird Sports Centre,2,1,BROTHERHOOD,6723,Stephen Grey,Spacing,7.0,8303
Vancouver,2026-05-23,Thunderbird Sports Centre,2,1,BROTHERHOOD,6723,Stephen Grey,Projection/Communication,10.0,8303
Vancouver,2026-05-23,Thunderbird Sports Centre,2,1,BROTHERHOOD,6723,Stephen Grey,Stamina,10.0,8303
Vancouver,2026-05-23,Thunderbird Sports Centre,2,1,JAM REPUBLIC,1205,Stephen Grey,Choreography Complexity,5.0,8303
Vancouver,2026-05-23,Thunderbird Sports Centre,2,1,JAM REPUBLIC,1205,Stephen Grey,Staging,8.0,8303
Vancouver,2026-05-23,Thunderbird Sports Centre,2,1,JAM REPUBLIC,1205,Stephen Grey,Musicality,8.0,8303
Vancouver,2026-05-23,Thunderbird Sports Centre,2,1,JAM REPUBLIC,1205,Stephen Grey,Creativity,7.0,8303
Vancouver,2026-05-23,Thunderbird Sports Centre,2,1,JAM REPUBLIC,1205,Stephen Grey,Stylistic Athleticism,7.0,8303
Vancouver,2026-05-23,Thunderbird Sports Centre,2,1,JAM REPUBLIC,1205,Stephen Grey,Cleanliness,8.0,8303
Vancouver,2026-05-23,Thunderbird Sports Centre,2,1,JAM REPUBLIC,1205,Stephen Grey,Technical Execution + Authenticity,8.0,8303
Vancouver,2026-05-23,Thunderbird Sports Centre,2,1,JAM REPUBLIC,1205,Stephen Grey,Spacing,8.0,8303
Vancouver,2026-05-23,Thunderbird Sports Centre,2,1,JAM REPUBLIC,1205,Stephen Grey,Projection/Communication,10.0,8303
Vancouver,2026-05-23,Thunderbird Sports Centre,2,1,JAM REPUBLIC,1205,Stephen Grey,Stamina,9.0,8303
Vancouver,2026-05-23,Thunderbird Sports Centre,2,1,1MILLION,375,Stephen Grey,Choreography Complexity,8.0,8303
Vancouver,2026-05-23,Thunderbird Sports Centre,2,1,1MILLION,375,Stephen Grey,Staging,8.0,8303
Vancouver,2026-05-23,Thunderbird Sports Centre,2,1,1MILLION,375,Stephen Grey,Musicality,8.0,8303
Vancouver,2026-05-23,Thunderbird Sports Centre,2,1,1MILLION,375,Stephen Grey,Creativity,7.0,8303
Vancouver,2026-05-23,Thunderbird Sports Centre,2,1,1MILLION,375,Stephen Grey,Stylistic Athleticism,8.0,8303
Vancouver,2026-05-23,Thunderbird Sports Centre,2,1,1MILLION,375,Stephen Grey,Cleanliness,7.0,8303
Vancouver,2026-05-23,Thunderbird Sports Centre,2,1,1MILLION,375,Stephen Grey,Technical Execution + Authenticity,8.0,8303
Vancouver,2026-05-23,Thunderbird Sports Centre,2,1,1MILLION,375,Stephen Grey,Spacing,8.0,8303
Vancouver,2026-05-23,Thunderbird Sports Centre,2,1,1MILLION,375,Stephen Grey,Projection/Communication,10.0,8303
Vancouver,2026-05-23,Thunderbird Sports Centre,2,1,1MILLION,375,Stephen Grey,Stamina,9.0,8303
Vancouver,2026-05-23,Thunderbird Sports Centre,2,1,BROTHERHOOD,6723,Comfort Fedoke,Choreography Complexity,10.0,8303
Vancouver,2026-05-23,Thunderbird Sports Centre,2,1,BROTHERHOOD,6723,Comfort Fedoke,Staging,9.0,8303
Vancouver,2026-05-23,Thunderbird Sports Centre,2,1,BROTHERHOOD,6723,Comfort Fedoke,Musicality,10.0,8303
Vancouver,2026-05-23,Thunderbird Sports Centre,2,1,BROTHERHOOD,6723,Comfort Fedoke,Creativity,9.0,8303
Vancouver,2026-05-23,Thunderbird Sports Centre,2,1,BROTHERHOOD,6723,Comfort Fedoke,Stylistic Athleticism,9.0,8303
Vancouver,2026-05-23,Thunderbird Sports Centre,2,1,BROTHERHOOD,6723,Comfort Fedoke,Cleanliness,9.0,8303
Vancouver,2026-05-23,Thunderbird Sports Centre,2,1,BROTHERHOOD,6723,Comfort Fedoke,Technical Execution + Authenticity,10.0,8303
Vancouver,2026-05-23,Thunderbird Sports Centre,2,1,BROTHERHOOD,6723,Comfort Fedoke,Spacing,8.0,8303
Vancouver,2026-05-23,Thunderbird Sports Centre,2,1,BROTHERHOOD,6723,Comfort Fedoke,Projection/Communication,10.0,8303
Vancouver,2026-05-23,Thunderbird Sports Centre,2,1,BROTHERHOOD,6723,Comfort Fedoke,Stamina,10.0,8303
Vancouver,2026-05-23,Thunderbird Sports Centre,2,1,JAM REPUBLIC,1205,Comfort Fedoke,Choreography Complexity,8.0,8303
Vancouver,2026-05-23,Thunderbird Sports Centre,2,1,JAM REPUBLIC,1205,Comfort Fedoke,Staging,9.0,8303
Vancouver,2026-05-23,Thunderbird Sports Centre,2,1,JAM REPUBLIC,1205,Comfort Fedoke,Musicality,9.0,8303
Vancouver,2026-05-23,Thunderbird Sports Centre,2,1,JAM REPUBLIC,1205,Comfort Fedoke,Creativity,9.0,8303
Vancouver,2026-05-23,Thunderbird Sports Centre,2,1,JAM REPUBLIC,1205,Comfort Fedoke,Stylistic Athleticism,8.0,8303
Vancouver,2026-05-23,Thunderbird Sports Centre,2,1,JAM REPUBLIC,1205,Comfort Fedoke,Cleanliness,9.0,8303
Vancouver,2026-05-23,Thunderbird Sports Centre,2,1,JAM REPUBLIC,1205,Comfort Fedoke,Technical Execution + Authenticity,9.0,8303
Vancouver,2026-05-23,Thunderbird Sports Centre,2,1,JAM REPUBLIC,1205,Comfort Fedoke,Spacing,9.0,8303
Vancouver,2026-05-23,Thunderbird Sports Centre,2,1,JAM REPUBLIC,1205,Comfort Fedoke,Projection/Communication,10.0,8303
Vancouver,2026-05-23,Thunderbird Sports Centre,2,1,JAM REPUBLIC,1205,Comfort Fedoke,Stamina,9.0,8303
Vancouver,2026-05-23,Thunderbird Sports Centre,2,1,1MILLION,375,Comfort Fedoke,Choreography Complexity,8.0,8303
Vancouver,2026-05-23,Thunderbird Sports Centre,2,1,1MILLION,375,Comfort Fedoke,Staging,8.0,8303
Vancouver,2026-05-23,Thunderbird Sports Centre,2,1,1MILLION,375,Comfort Fedoke,Musicality,9.0,8303
Vancouver,2026-05-23,Thunderbird Sports Centre,2,1,1MILLION,375,Comfort Fedoke,Creativity,9.0,8303
Vancouver,2026-05-23,Thunderbird Sports Centre,2,1,1MILLION,375,Comfort Fedoke,Stylistic Athleticism,8.0,8303
Vancouver,2026-05-23,Thunderbird Sports Centre,2,1,1MILLION,375,Comfort Fedoke,Cleanliness,9.0,8303
Vancouver,2026-05-23,Thunderbird Sports Centre,2,1,1MILLION,375,Comfort Fedoke,Technical Execution + Authenticity,9.0,8303
Vancouver,2026-05-23,Thunderbird Sports Centre,2,1,1MILLION,375,Comfort Fedoke,Spacing,8.0,8303
Vancouver,2026-05-23,Thunderbird Sports Centre,2,1,1MILLION,375,Comfort Fedoke,Projection/Communication,9.0,8303
Vancouver,2026-05-23,Thunderbird Sports Centre,2,1,1MILLION,375,Comfort Fedoke,Stamina,10.0,8303
Vancouver,2026-05-23,Thunderbird Sports Centre,2,1,BROTHERHOOD,6723,Carlos Irizarry,Choreography Complexity,10.0,8303
Vancouver,2026-05-23,Thunderbird Sports Centre,2,1,BROTHERHOOD,6723,Carlos Irizarry,Staging,9.0,8303
Vancouver,2026-05-23,Thunderbird Sports Centre,2,1,BROTHERHOOD,6723,Carlos Irizarry,Musicality,10.0,8303
Vancouver,2026-05-23,Thunderbird Sports Centre,2,1,BROTHERHOOD,6723,Carlos Irizarry,Creativity,10.0,8303
Vancouver,2026-05-23,Thunderbird Sports Centre,2,1,BROTHERHOOD,6723,Carlos Irizarry,Stylistic Athleticism,10.0,8303
Vancouver,2026-05-23,Thunderbird Sports Centre,2,1,BROTHERHOOD,6723,Carlos Irizarry,Cleanliness,10.0,8303
Vancouver,2026-05-23,Thunderbird Sports Centre,2,1,BROTHERHOOD,6723,Carlos Irizarry,Technical Execution + Authenticity,9.0,8303
Vancouver,2026-05-23,Thunderbird Sports Centre,2,1,BROTHERHOOD,6723,Carlos Irizarry,Spacing,9.0,8303
Vancouver,2026-05-23,Thunderbird Sports Centre,2,1,BROTHERHOOD,6723,Carlos Irizarry,Projection/Communication,9.0,8303
Vancouver,2026-05-23,Thunderbird Sports Centre,2,1,BROTHERHOOD,6723,Carlos Irizarry,Stamina,10.0,8303
Vancouver,2026-05-23,Thunderbird Sports Centre,2,1,JAM REPUBLIC,1205,Carlos Irizarry,Choreography Complexity,8.0,8303
Vancouver,2026-05-23,Thunderbird Sports Centre,2,1,JAM REPUBLIC,1205,Carlos Irizarry,Staging,9.0,8303
Vancouver,2026-05-23,Thunderbird Sports Centre,2,1,JAM REPUBLIC,1205,Carlos Irizarry,Musicality,10.0,8303
Vancouver,2026-05-23,Thunderbird Sports Centre,2,1,JAM REPUBLIC,1205,Carlos Irizarry,Creativity,9.0,8303
Vancouver,2026-05-23,Thunderbird Sports Centre,2,1,JAM REPUBLIC,1205,Carlos Irizarry,Stylistic Athleticism,7.0,8303
Vancouver,2026-05-23,Thunderbird Sports Centre,2,1,JAM REPUBLIC,1205,Carlos Irizarry,Cleanliness,9.0,8303
Vancouver,2026-05-23,Thunderbird Sports Centre,2,1,JAM REPUBLIC,1205,Carlos Irizarry,Technical Execution + Authenticity,9.0,8303
Vancouver,2026-05-23,Thunderbird Sports Centre,2,1,JAM REPUBLIC,1205,Carlos Irizarry,Spacing,8.0,8303
Vancouver,2026-05-23,Thunderbird Sports Centre,2,1,JAM REPUBLIC,1205,Carlos Irizarry,Projection/Communication,9.0,8303
Vancouver,2026-05-23,Thunderbird Sports Centre,2,1,JAM REPUBLIC,1205,Carlos Irizarry,Stamina,10.0,8303
Vancouver,2026-05-23,Thunderbird Sports Centre,2,1,1MILLION,375,Carlos Irizarry,Choreography Complexity,8.0,8303
Vancouver,2026-05-23,Thunderbird Sports Centre,2,1,1MILLION,375,Carlos Irizarry,Staging,9.0,8303
Vancouver,2026-05-23,Thunderbird Sports Centre,2,1,1MILLION,375,Carlos Irizarry,Musicality,9.0,8303
Vancouver,2026-05-23,Thunderbird Sports Centre,2,1,1MILLION,375,Carlos Irizarry,Creativity,9.0,8303
Vancouver,2026-05-23,Thunderbird Sports Centre,2,1,1MILLION,375,Carlos Irizarry,Stylistic Athleticism,7.0,8303
Vancouver,2026-05-23,Thunderbird Sports Centre,2,1,1MILLION,375,Carlos Irizarry,Cleanliness,9.0,8303
Vancouver,2026-05-23,Thunderbird Sports Centre,2,1,1MILLION,375,Carlos Irizarry,Technical Execution + Authenticity,9.0,8303
Vancouver,2026-05-23,Thunderbird Sports Centre,2,1,1MILLION,375,Carlos Irizarry,Spacing,9.0,8303
Vancouver,2026-05-23,Thunderbird Sports Centre,2,1,1MILLION,375,Carlos Irizarry,Projection/Communication,8.0,8303
Vancouver,2026-05-23,Thunderbird Sports Centre,2,1,1MILLION,375,Carlos Irizarry,Stamina,9.0,8303
Vancouver,2026-05-23,Thunderbird Sports Centre,2,1,BROTHERHOOD,6723,Nicolas Begin,Choreography Complexity,9.0,8303
Vancouver,2026-05-23,Thunderbird Sports Centre,2,1,BROTHERHOOD,6723,Nicolas Begin,Staging,9.0,8303
Vancouver,2026-05-23,Thunderbird Sports Centre,2,1,BROTHERHOOD,6723,Nicolas Begin,Musicality,9.0,8303
Vancouver,2026-05-23,Thunderbird Sports Centre,2,1,BROTHERHOOD,6723,Nicolas Begin,Creativity,10.0,8303
Vancouver,2026-05-23,Thunderbird Sports Centre,2,1,BROTHERHOOD,6723,Nicolas Begin,Stylistic Athleticism,8.0,8303
Vancouver,2026-05-23,Thunderbird Sports Centre,2,1,BROTHERHOOD,6723,Nicolas Begin,Cleanliness,10.0,8303
Vancouver,2026-05-23,Thunderbird Sports Centre,2,1,BROTHERHOOD,6723,Nicolas Begin,Technical Execution + Authenticity,9.0,8303
Vancouver,2026-05-23,Thunderbird Sports Centre,2,1,BROTHERHOOD,6723,Nicolas Begin,Spacing,9.0,8303
Vancouver,2026-05-23,Thunderbird Sports Centre,2,1,BROTHERHOOD,6723,Nicolas Begin,Projection/Communication,10.0,8303
Vancouver,2026-05-23,Thunderbird Sports Centre,2,1,BROTHERHOOD,6723,Nicolas Begin,Stamina,10.0,8303
Vancouver,2026-05-23,Thunderbird Sports Centre,2,1,JAM REPUBLIC,1205,Nicolas Begin,Choreography Complexity,9.0,8303
Vancouver,2026-05-23,Thunderbird Sports Centre,2,1,JAM REPUBLIC,1205,Nicolas Begin,Staging,8.0,8303
Vancouver,2026-05-23,Thunderbird Sports Centre,2,1,JAM REPUBLIC,1205,Nicolas Begin,Musicality,10.0,8303
Vancouver,2026-05-23,Thunderbird Sports Centre,2,1,JAM REPUBLIC,1205,Nicolas Begin,Creativity,10.0,8303
Vancouver,2026-05-23,Thunderbird Sports Centre,2,1,JAM REPUBLIC,1205,Nicolas Begin,Stylistic Athleticism,8.0,8303
Vancouver,2026-05-23,Thunderbird Sports Centre,2,1,JAM REPUBLIC,1205,Nicolas Begin,Cleanliness,9.0,8303
Vancouver,2026-05-23,Thunderbird Sports Centre,2,1,JAM REPUBLIC,1205,Nicolas Begin,Technical Execution + Authenticity,9.0,8303
Vancouver,2026-05-23,Thunderbird Sports Centre,2,1,JAM REPUBLIC,1205,Nicolas Begin,Spacing,9.0,8303
Vancouver,2026-05-23,Thunderbird Sports Centre,2,1,JAM REPUBLIC,1205,Nicolas Begin,Projection/Communication,9.0,8303
Vancouver,2026-05-23,Thunderbird Sports Centre,2,1,JAM REPUBLIC,1205,Nicolas Begin,Stamina,10.0,8303
Vancouver,2026-05-23,Thunderbird Sports Centre,2,1,1MILLION,375,Nicolas Begin,Choreography Complexity,8.0,8303
Vancouver,2026-05-23,Thunderbird Sports Centre,2,1,1MILLION,375,Nicolas Begin,Staging,9.0,8303
Vancouver,2026-05-23,Thunderbird Sports Centre,2,1,1MILLION,375,Nicolas Begin,Musicality,8.0,8303
Vancouver,2026-05-23,Thunderbird Sports Centre,2,1,1MILLION,375,Nicolas Begin,Creativity,9.0,8303
Vancouver,2026-05-23,Thunderbird Sports Centre,2,1,1MILLION,375,Nicolas Begin,Stylistic Athleticism,9.0,8303
Vancouver,2026-05-23,Thunderbird Sports Centre,2,1,1MILLION,375,Nicolas Begin,Cleanliness,9.0,8303
Vancouver,2026-05-23,Thunderbird Sports Centre,2,1,1MILLION,375,Nicolas Begin,Technical Execution + Authenticity,8.0,8303
Vancouver,2026-05-23,Thunderbird Sports Centre,2,1,1MILLION,375,Nicolas Begin,Spacing,9.0,8303
Vancouver,2026-05-23,Thunderbird Sports Centre,2,1,1MILLION,375,Nicolas Begin,Projection/Communication,9.0,8303
Vancouver,2026-05-23,Thunderbird Sports Centre,2,1,1MILLION,375,Nicolas Begin,Stamina,10.0,8303
Sydney,2026-06-20,The Hordern Pavillion,1,1,JAM REPUBLIC,1733,Stephen Grey,Choreography Complexity,6.0,9175
Sydney,2026-06-20,The Hordern Pavillion,1,1,JAM REPUBLIC,1733,Stephen Grey,Staging,8.0,9175
Sydney,2026-06-20,The Hordern Pavillion,1,1,JAM REPUBLIC,1733,Stephen Grey,Musicality,7.0,9175
Sydney,2026-06-20,The Hordern Pavillion,1,1,JAM REPUBLIC,1733,Stephen Grey,Creativity,8.0,9175
Sydney,2026-06-20,The Hordern Pavillion,1,1,JAM REPUBLIC,1733,Stephen Grey,Stylistic Athleticism,7.0,9175
Sydney,2026-06-20,The Hordern Pavillion,1,1,JAM REPUBLIC,1733,Stephen Grey,Cleanliness,8.0,9175
Sydney,2026-06-20,The Hordern Pavillion,1,1,JAM REPUBLIC,1733,Stephen Grey,Technical Execution + Authenticity,7.0,9175
Sydney,2026-06-20,The Hordern Pavillion,1,1,JAM REPUBLIC,1733,Stephen Grey,Spacing,8.0,9175
Sydney,2026-06-20,The Hordern Pavillion,1,1,JAM REPUBLIC,1733,Stephen Grey,Projection/Communication,9.0,9175
Sydney,2026-06-20,The Hordern Pavillion,1,1,JAM REPUBLIC,1733,Stephen Grey,Stamina,9.0,9175
Sydney,2026-06-20,The Hordern Pavillion,1,1,GRV,7442,Stephen Grey,Choreography Complexity,9.0,9175
Sydney,2026-06-20,The Hordern Pavillion,1,1,GRV,7442,Stephen Grey,Staging,9.0,9175
Sydney,2026-06-20,The Hordern Pavillion,1,1,GRV,7442,Stephen Grey,Musicality,8.0,9175
Sydney,2026-06-20,The Hordern Pavillion,1,1,GRV,7442,Stephen Grey,Creativity,9.0,9175
Sydney,2026-06-20,The Hordern Pavillion,1,1,GRV,7442,Stephen Grey,Stylistic Athleticism,9.0,9175
Sydney,2026-06-20,The Hordern Pavillion,1,1,GRV,7442,Stephen Grey,Cleanliness,8.0,9175
Sydney,2026-06-20,The Hordern Pavillion,1,1,GRV,7442,Stephen Grey,Technical Execution + Authenticity,9.0,9175
Sydney,2026-06-20,The Hordern Pavillion,1,1,GRV,7442,Stephen Grey,Spacing,9.0,9175
Sydney,2026-06-20,The Hordern Pavillion,1,1,GRV,7442,Stephen Grey,Projection/Communication,10.0,9175
Sydney,2026-06-20,The Hordern Pavillion,1,1,GRV,7442,Stephen Grey,Stamina,10.0,9175
Sydney,2026-06-20,The Hordern Pavillion,1,1,JAM REPUBLIC,1733,Mel Charlot,Choreography Complexity,7.0,9175
Sydney,2026-06-20,The Hordern Pavillion,1,1,JAM REPUBLIC,1733,Mel Charlot,Staging,8.0,9175
Sydney,2026-06-20,The Hordern Pavillion,1,1,JAM REPUBLIC,1733,Mel Charlot,Musicality,9.0,9175
Sydney,2026-06-20,The Hordern Pavillion,1,1,JAM REPUBLIC,1733,Mel Charlot,Creativity,8.0,9175
Sydney,2026-06-20,The Hordern Pavillion,1,1,JAM REPUBLIC,1733,Mel Charlot,Stylistic Athleticism,7.0,9175
Sydney,2026-06-20,The Hordern Pavillion,1,1,JAM REPUBLIC,1733,Mel Charlot,Cleanliness,8.0,9175
Sydney,2026-06-20,The Hordern Pavillion,1,1,JAM REPUBLIC,1733,Mel Charlot,Technical Execution + Authenticity,8.0,9175
Sydney,2026-06-20,The Hordern Pavillion,1,1,JAM REPUBLIC,1733,Mel Charlot,Spacing,8.0,9175
Sydney,2026-06-20,The Hordern Pavillion,1,1,JAM REPUBLIC,1733,Mel Charlot,Projection/Communication,8.0,9175
Sydney,2026-06-20,The Hordern Pavillion,1,1,JAM REPUBLIC,1733,Mel Charlot,Stamina,10.0,9175
Sydney,2026-06-20,The Hordern Pavillion,1,1,GRV,7442,Mel Charlot,Choreography Complexity,9.0,9175
Sydney,2026-06-20,The Hordern Pavillion,1,1,GRV,7442,Mel Charlot,Staging,9.0,9175
Sydney,2026-06-20,The Hordern Pavillion,1,1,GRV,7442,Mel Charlot,Musicality,9.0,9175
Sydney,2026-06-20,The Hordern Pavillion,1,1,GRV,7442,Mel Charlot,Creativity,8.0,9175
Sydney,2026-06-20,The Hordern Pavillion,1,1,GRV,7442,Mel Charlot,Stylistic Athleticism,8.0,9175
Sydney,2026-06-20,The Hordern Pavillion,1,1,GRV,7442,Mel Charlot,Cleanliness,9.0,9175
Sydney,2026-06-20,The Hordern Pavillion,1,1,GRV,7442,Mel Charlot,Technical Execution + Authenticity,9.0,9175
Sydney,2026-06-20,The Hordern Pavillion,1,1,GRV,7442,Mel Charlot,Spacing,9.0,9175
Sydney,2026-06-20,The Hordern Pavillion,1,1,GRV,7442,Mel Charlot,Projection/Communication,9.0,9175
Sydney,2026-06-20,The Hordern Pavillion,1,1,GRV,7442,Mel Charlot,Stamina,10.0,9175
Sydney,2026-06-20,The Hordern Pavillion,1,1,JAM REPUBLIC,1733,Comfort Fedoke,Choreography Complexity,7.0,9175
Sydney,2026-06-20,The Hordern Pavillion,1,1,JAM REPUBLIC,1733,Comfort Fedoke,Staging,8.0,9175
Sydney,2026-06-20,The Hordern Pavillion,1,1,JAM REPUBLIC,1733,Comfort Fedoke,Musicality,8.0,9175
Sydney,2026-06-20,The Hordern Pavillion,1,1,JAM REPUBLIC,1733,Comfort Fedoke,Creativity,8.0,9175
Sydney,2026-06-20,The Hordern Pavillion,1,1,JAM REPUBLIC,1733,Comfort Fedoke,Stylistic Athleticism,8.0,9175
Sydney,2026-06-20,The Hordern Pavillion,1,1,JAM REPUBLIC,1733,Comfort Fedoke,Cleanliness,9.0,9175
Sydney,2026-06-20,The Hordern Pavillion,1,1,JAM REPUBLIC,1733,Comfort Fedoke,Technical Execution + Authenticity,7.0,9175
Sydney,2026-06-20,The Hordern Pavillion,1,1,JAM REPUBLIC,1733,Comfort Fedoke,Spacing,9.0,9175
Sydney,2026-06-20,The Hordern Pavillion,1,1,JAM REPUBLIC,1733,Comfort Fedoke,Projection/Communication,8.0,9175
Sydney,2026-06-20,The Hordern Pavillion,1,1,JAM REPUBLIC,1733,Comfort Fedoke,Stamina,9.0,9175
Sydney,2026-06-20,The Hordern Pavillion,1,1,GRV,7442,Comfort Fedoke,Choreography Complexity,9.0,9175
Sydney,2026-06-20,The Hordern Pavillion,1,1,GRV,7442,Comfort Fedoke,Staging,8.0,9175
Sydney,2026-06-20,The Hordern Pavillion,1,1,GRV,7442,Comfort Fedoke,Musicality,9.0,9175
Sydney,2026-06-20,The Hordern Pavillion,1,1,GRV,7442,Comfort Fedoke,Creativity,8.0,9175
Sydney,2026-06-20,The Hordern Pavillion,1,1,GRV,7442,Comfort Fedoke,Stylistic Athleticism,9.0,9175
Sydney,2026-06-20,The Hordern Pavillion,1,1,GRV,7442,Comfort Fedoke,Cleanliness,9.0,9175
Sydney,2026-06-20,The Hordern Pavillion,1,1,GRV,7442,Comfort Fedoke,Technical Execution + Authenticity,9.0,9175
Sydney,2026-06-20,The Hordern Pavillion,1,1,GRV,7442,Comfort Fedoke,Spacing,9.0,9175
Sydney,2026-06-20,The Hordern Pavillion,1,1,GRV,7442,Comfort Fedoke,Projection/Communication,9.0,9175
Sydney,2026-06-20,The Hordern Pavillion,1,1,GRV,7442,Comfort Fedoke,Stamina,10.0,9175
Sydney,2026-06-20,The Hordern Pavillion,1,1,JAM REPUBLIC,1733,Shaun Evaristo,Choreography Complexity,8.0,9175
Sydney,2026-06-20,The Hordern Pavillion,1,1,JAM REPUBLIC,1733,Shaun Evaristo,Staging,7.0,9175
Sydney,2026-06-20,The Hordern Pavillion,1,1,JAM REPUBLIC,1733,Shaun Evaristo,Musicality,9.0,9175
Sydney,2026-06-20,The Hordern Pavillion,1,1,JAM REPUBLIC,1733,Shaun Evaristo,Creativity,8.0,9175
Sydney,2026-06-20,The Hordern Pavillion,1,1,JAM REPUBLIC,1733,Shaun Evaristo,Stylistic Athleticism,9.0,9175
Sydney,2026-06-20,The Hordern Pavillion,1,1,JAM REPUBLIC,1733,Shaun Evaristo,Cleanliness,8.0,9175
Sydney,2026-06-20,The Hordern Pavillion,1,1,JAM REPUBLIC,1733,Shaun Evaristo,Technical Execution + Authenticity,8.0,9175
Sydney,2026-06-20,The Hordern Pavillion,1,1,JAM REPUBLIC,1733,Shaun Evaristo,Spacing,8.0,9175
Sydney,2026-06-20,The Hordern Pavillion,1,1,JAM REPUBLIC,1733,Shaun Evaristo,Projection/Communication,8.0,9175
Sydney,2026-06-20,The Hordern Pavillion,1,1,JAM REPUBLIC,1733,Shaun Evaristo,Stamina,9.0,9175
Sydney,2026-06-20,The Hordern Pavillion,1,1,GRV,7442,Shaun Evaristo,Choreography Complexity,9.0,9175
Sydney,2026-06-20,The Hordern Pavillion,1,1,GRV,7442,Shaun Evaristo,Staging,8.0,9175
Sydney,2026-06-20,The Hordern Pavillion,1,1,GRV,7442,Shaun Evaristo,Musicality,8.0,9175
Sydney,2026-06-20,The Hordern Pavillion,1,1,GRV,7442,Shaun Evaristo,Creativity,8.0,9175
Sydney,2026-06-20,The Hordern Pavillion,1,1,GRV,7442,Shaun Evaristo,Stylistic Athleticism,9.0,9175
Sydney,2026-06-20,The Hordern Pavillion,1,1,GRV,7442,Shaun Evaristo,Cleanliness,8.0,9175
Sydney,2026-06-20,The Hordern Pavillion,1,1,GRV,7442,Shaun Evaristo,Technical Execution + Authenticity,9.0,9175
Sydney,2026-06-20,The Hordern Pavillion,1,1,GRV,7442,Shaun Evaristo,Spacing,7.0,9175
Sydney,2026-06-20,The Hordern Pavillion,1,1,GRV,7442,Shaun Evaristo,Projection/Communication,9.0,9175
Sydney,2026-06-20,The Hordern Pavillion,1,1,GRV,7442,Shaun Evaristo,Stamina,10.0,9175
Sydney,2026-06-20,The Hordern Pavillion,1,1,JAM REPUBLIC,1733,Chonique Sneed,Choreography Complexity,8.0,9175
Sydney,2026-06-20,The Hordern Pavillion,1,1,JAM REPUBLIC,1733,Chonique Sneed,Staging,9.0,9175
Sydney,2026-06-20,The Hordern Pavillion,1,1,JAM REPUBLIC,1733,Chonique Sneed,Musicality,9.0,9175
Sydney,2026-06-20,The Hordern Pavillion,1,1,JAM REPUBLIC,1733,Chonique Sneed,Creativity,8.0,9175
Sydney,2026-06-20,The Hordern Pavillion,1,1,JAM REPUBLIC,1733,Chonique Sneed,Stylistic Athleticism,8.0,9175
Sydney,2026-06-20,The Hordern Pavillion,1,1,JAM REPUBLIC,1733,Chonique Sneed,Cleanliness,7.0,9175
Sydney,2026-06-20,The Hordern Pavillion,1,1,JAM REPUBLIC,1733,Chonique Sneed,Technical Execution + Authenticity,8.0,9175
Sydney,2026-06-20,The Hordern Pavillion,1,1,JAM REPUBLIC,1733,Chonique Sneed,Spacing,9.0,9175
Sydney,2026-06-20,The Hordern Pavillion,1,1,JAM REPUBLIC,1733,Chonique Sneed,Projection/Communication,9.0,9175
Sydney,2026-06-20,The Hordern Pavillion,1,1,JAM REPUBLIC,1733,Chonique Sneed,Stamina,9.0,9175
Sydney,2026-06-20,The Hordern Pavillion,1,1,GRV,7442,Chonique Sneed,Choreography Complexity,9.0,9175
Sydney,2026-06-20,The Hordern Pavillion,1,1,GRV,7442,Chonique Sneed,Staging,9.0,9175
Sydney,2026-06-20,The Hordern Pavillion,1,1,GRV,7442,Chonique Sneed,Musicality,8.0,9175
Sydney,2026-06-20,The Hordern Pavillion,1,1,GRV,7442,Chonique Sneed,Creativity,9.0,9175
Sydney,2026-06-20,The Hordern Pavillion,1,1,GRV,7442,Chonique Sneed,Stylistic Athleticism,9.0,9175
Sydney,2026-06-20,The Hordern Pavillion,1,1,GRV,7442,Chonique Sneed,Cleanliness,9.0,9175
Sydney,2026-06-20,The Hordern Pavillion,1,1,GRV,7442,Chonique Sneed,Technical Execution + Authenticity,9.0,9175
Sydney,2026-06-20,The Hordern Pavillion,1,1,GRV,7442,Chonique Sneed,Spacing,8.0,9175
Sydney,2026-06-20,The Hordern Pavillion,1,1,GRV,7442,Chonique Sneed,Projection/Communication,9.0,9175
Sydney,2026-06-20,The Hordern Pavillion,1,1,GRV,7442,Chonique Sneed,Stamina,10.0,9175
Sydney,2026-06-20,The Hordern Pavillion,1,1,JAM REPUBLIC,1733,Arnel Calvario,Choreography Complexity,7.0,9175
Sydney,2026-06-20,The Hordern Pavillion,1,1,JAM REPUBLIC,1733,Arnel Calvario,Staging,8.0,9175
Sydney,2026-06-20,The Hordern Pavillion,1,1,JAM REPUBLIC,1733,Arnel Calvario,Musicality,8.0,9175
Sydney,2026-06-20,The Hordern Pavillion,1,1,JAM REPUBLIC,1733,Arnel Calvario,Creativity,8.0,9175
Sydney,2026-06-20,The Hordern Pavillion,1,1,JAM REPUBLIC,1733,Arnel Calvario,Stylistic Athleticism,8.0,9175
Sydney,2026-06-20,The Hordern Pavillion,1,1,JAM REPUBLIC,1733,Arnel Calvario,Cleanliness,8.0,9175
Sydney,2026-06-20,The Hordern Pavillion,1,1,JAM REPUBLIC,1733,Arnel Calvario,Technical Execution + Authenticity,8.0,9175
Sydney,2026-06-20,The Hordern Pavillion,1,1,JAM REPUBLIC,1733,Arnel Calvario,Spacing,8.0,9175
Sydney,2026-06-20,The Hordern Pavillion,1,1,JAM REPUBLIC,1733,Arnel Calvario,Projection/Communication,9.0,9175
Sydney,2026-06-20,The Hordern Pavillion,1,1,JAM REPUBLIC,1733,Arnel Calvario,Stamina,9.0,9175
Sydney,2026-06-20,The Hordern Pavillion,1,1,GRV,7442,Arnel Calvario,Choreography Complexity,9.0,9175
Sydney,2026-06-20,The Hordern Pavillion,1,1,GRV,7442,Arnel Calvario,Staging,9.0,9175
Sydney,2026-06-20,The Hordern Pavillion,1,1,GRV,7442,Arnel Calvario,Musicality,9.0,9175
Sydney,2026-06-20,The Hordern Pavillion,1,1,GRV,7442,Arnel Calvario,Creativity,9.0,9175
Sydney,2026-06-20,The Hordern Pavillion,1,1,GRV,7442,Arnel Calvario,Stylistic Athleticism,9.0,9175
Sydney,2026-06-20,The Hordern Pavillion,1,1,GRV,7442,Arnel Calvario,Cleanliness,9.0,9175
Sydney,2026-06-20,The Hordern Pavillion,1,1,GRV,7442,Arnel Calvario,Technical Execution + Authenticity,8.0,9175
Sydney,2026-06-20,The Hordern Pavillion,1,1,GRV,7442,Arnel Calvario,Spacing,9.0,9175
Sydney,2026-06-20,The Hordern Pavillion,1,1,GRV,7442,Arnel Calvario,Projection/Communication,10.0,9175
Sydney,2026-06-20,The Hordern Pavillion,1,1,GRV,7442,Arnel Calvario,Stamina,10.0,9175
Sydney,2026-06-20,The Hordern Pavillion,1,2,QUICK STYLE,1008,Stephen Grey,Choreography Complexity,8.0,8975
Sydney,2026-06-20,The Hordern Pavillion,1,2,QUICK STYLE,1008,Stephen Grey,Staging,9.0,8975
Sydney,2026-06-20,The Hordern Pavillion,1,2,QUICK STYLE,1008,Stephen Grey,Musicality,8.0,8975
Sydney,2026-06-20,The Hordern Pavillion,1,2,QUICK STYLE,1008,Stephen Grey,Creativity,8.0,8975
Sydney,2026-06-20,The Hordern Pavillion,1,2,QUICK STYLE,1008,Stephen Grey,Stylistic Athleticism,8.0,8975
Sydney,2026-06-20,The Hordern Pavillion,1,2,QUICK STYLE,1008,Stephen Grey,Cleanliness,6.0,8975
Sydney,2026-06-20,The Hordern Pavillion,1,2,QUICK STYLE,1008,Stephen Grey,Technical Execution + Authenticity,7.0,8975
Sydney,2026-06-20,The Hordern Pavillion,1,2,QUICK STYLE,1008,Stephen Grey,Spacing,8.0,8975
Sydney,2026-06-20,The Hordern Pavillion,1,2,QUICK STYLE,1008,Stephen Grey,Projection/Communication,9.0,8975
Sydney,2026-06-20,The Hordern Pavillion,1,2,QUICK STYLE,1008,Stephen Grey,Stamina,9.0,8975
Sydney,2026-06-20,The Hordern Pavillion,1,2,1MILLION,7967,Stephen Grey,Choreography Complexity,6.0,8975
Sydney,2026-06-20,The Hordern Pavillion,1,2,1MILLION,7967,Stephen Grey,Staging,9.0,8975
Sydney,2026-06-20,The Hordern Pavillion,1,2,1MILLION,7967,Stephen Grey,Musicality,8.0,8975
Sydney,2026-06-20,The Hordern Pavillion,1,2,1MILLION,7967,Stephen Grey,Creativity,9.0,8975
Sydney,2026-06-20,The Hordern Pavillion,1,2,1MILLION,7967,Stephen Grey,Stylistic Athleticism,8.0,8975
Sydney,2026-06-20,The Hordern Pavillion,1,2,1MILLION,7967,Stephen Grey,Cleanliness,8.0,8975
Sydney,2026-06-20,The Hordern Pavillion,1,2,1MILLION,7967,Stephen Grey,Technical Execution + Authenticity,8.0,8975
Sydney,2026-06-20,The Hordern Pavillion,1,2,1MILLION,7967,Stephen Grey,Spacing,9.0,8975
Sydney,2026-06-20,The Hordern Pavillion,1,2,1MILLION,7967,Stephen Grey,Projection/Communication,10.0,8975
Sydney,2026-06-20,The Hordern Pavillion,1,2,1MILLION,7967,Stephen Grey,Stamina,9.0,8975
Sydney,2026-06-20,The Hordern Pavillion,1,2,QUICK STYLE,1008,Mel Charlot,Choreography Complexity,7.0,8975
Sydney,2026-06-20,The Hordern Pavillion,1,2,QUICK STYLE,1008,Mel Charlot,Staging,8.0,8975
Sydney,2026-06-20,The Hordern Pavillion,1,2,QUICK STYLE,1008,Mel Charlot,Musicality,9.0,8975
Sydney,2026-06-20,The Hordern Pavillion,1,2,QUICK STYLE,1008,Mel Charlot,Creativity,8.0,8975
Sydney,2026-06-20,The Hordern Pavillion,1,2,QUICK STYLE,1008,Mel Charlot,Stylistic Athleticism,7.0,8975
Sydney,2026-06-20,The Hordern Pavillion,1,2,QUICK STYLE,1008,Mel Charlot,Cleanliness,7.0,8975
Sydney,2026-06-20,The Hordern Pavillion,1,2,QUICK STYLE,1008,Mel Charlot,Technical Execution + Authenticity,8.0,8975
Sydney,2026-06-20,The Hordern Pavillion,1,2,QUICK STYLE,1008,Mel Charlot,Spacing,8.0,8975
Sydney,2026-06-20,The Hordern Pavillion,1,2,QUICK STYLE,1008,Mel Charlot,Projection/Communication,8.0,8975
Sydney,2026-06-20,The Hordern Pavillion,1,2,QUICK STYLE,1008,Mel Charlot,Stamina,9.0,8975
Sydney,2026-06-20,The Hordern Pavillion,1,2,1MILLION,7967,Mel Charlot,Choreography Complexity,9.0,8975
Sydney,2026-06-20,The Hordern Pavillion,1,2,1MILLION,7967,Mel Charlot,Staging,8.0,8975
Sydney,2026-06-20,The Hordern Pavillion,1,2,1MILLION,7967,Mel Charlot,Musicality,8.0,8975
Sydney,2026-06-20,The Hordern Pavillion,1,2,1MILLION,7967,Mel Charlot,Creativity,9.0,8975
Sydney,2026-06-20,The Hordern Pavillion,1,2,1MILLION,7967,Mel Charlot,Stylistic Athleticism,8.0,8975
Sydney,2026-06-20,The Hordern Pavillion,1,2,1MILLION,7967,Mel Charlot,Cleanliness,8.0,8975
Sydney,2026-06-20,The Hordern Pavillion,1,2,1MILLION,7967,Mel Charlot,Technical Execution + Authenticity,8.0,8975
Sydney,2026-06-20,The Hordern Pavillion,1,2,1MILLION,7967,Mel Charlot,Spacing,8.0,8975
Sydney,2026-06-20,The Hordern Pavillion,1,2,1MILLION,7967,Mel Charlot,Projection/Communication,10.0,8975
Sydney,2026-06-20,The Hordern Pavillion,1,2,1MILLION,7967,Mel Charlot,Stamina,10.0,8975
Sydney,2026-06-20,The Hordern Pavillion,1,2,QUICK STYLE,1008,Comfort Fedoke,Choreography Complexity,8.0,8975
Sydney,2026-06-20,The Hordern Pavillion,1,2,QUICK STYLE,1008,Comfort Fedoke,Staging,9.0,8975
Sydney,2026-06-20,The Hordern Pavillion,1,2,QUICK STYLE,1008,Comfort Fedoke,Musicality,7.0,8975
Sydney,2026-06-20,The Hordern Pavillion,1,2,QUICK STYLE,1008,Comfort Fedoke,Creativity,8.0,8975
Sydney,2026-06-20,The Hordern Pavillion,1,2,QUICK STYLE,1008,Comfort Fedoke,Stylistic Athleticism,8.0,8975
Sydney,2026-06-20,The Hordern Pavillion,1,2,QUICK STYLE,1008,Comfort Fedoke,Cleanliness,7.0,8975
Sydney,2026-06-20,The Hordern Pavillion,1,2,QUICK STYLE,1008,Comfort Fedoke,Technical Execution + Authenticity,8.0,8975
Sydney,2026-06-20,The Hordern Pavillion,1,2,QUICK STYLE,1008,Comfort Fedoke,Spacing,8.0,8975
Sydney,2026-06-20,The Hordern Pavillion,1,2,QUICK STYLE,1008,Comfort Fedoke,Projection/Communication,9.0,8975
Sydney,2026-06-20,The Hordern Pavillion,1,2,QUICK STYLE,1008,Comfort Fedoke,Stamina,9.0,8975
Sydney,2026-06-20,The Hordern Pavillion,1,2,1MILLION,7967,Comfort Fedoke,Choreography Complexity,8.0,8975
Sydney,2026-06-20,The Hordern Pavillion,1,2,1MILLION,7967,Comfort Fedoke,Staging,9.0,8975
Sydney,2026-06-20,The Hordern Pavillion,1,2,1MILLION,7967,Comfort Fedoke,Musicality,8.0,8975
Sydney,2026-06-20,The Hordern Pavillion,1,2,1MILLION,7967,Comfort Fedoke,Creativity,9.0,8975
Sydney,2026-06-20,The Hordern Pavillion,1,2,1MILLION,7967,Comfort Fedoke,Stylistic Athleticism,9.0,8975
Sydney,2026-06-20,The Hordern Pavillion,1,2,1MILLION,7967,Comfort Fedoke,Cleanliness,8.0,8975
Sydney,2026-06-20,The Hordern Pavillion,1,2,1MILLION,7967,Comfort Fedoke,Technical Execution + Authenticity,8.0,8975
Sydney,2026-06-20,The Hordern Pavillion,1,2,1MILLION,7967,Comfort Fedoke,Spacing,9.0,8975
Sydney,2026-06-20,The Hordern Pavillion,1,2,1MILLION,7967,Comfort Fedoke,Projection/Communication,9.0,8975
Sydney,2026-06-20,The Hordern Pavillion,1,2,1MILLION,7967,Comfort Fedoke,Stamina,10.0,8975
Sydney,2026-06-20,The Hordern Pavillion,1,2,QUICK STYLE,1008,Shaun Evaristo,Choreography Complexity,8.0,8975
Sydney,2026-06-20,The Hordern Pavillion,1,2,QUICK STYLE,1008,Shaun Evaristo,Staging,8.0,8975
Sydney,2026-06-20,The Hordern Pavillion,1,2,QUICK STYLE,1008,Shaun Evaristo,Musicality,9.0,8975
Sydney,2026-06-20,The Hordern Pavillion,1,2,QUICK STYLE,1008,Shaun Evaristo,Creativity,8.0,8975
Sydney,2026-06-20,The Hordern Pavillion,1,2,QUICK STYLE,1008,Shaun Evaristo,Stylistic Athleticism,9.0,8975
Sydney,2026-06-20,The Hordern Pavillion,1,2,QUICK STYLE,1008,Shaun Evaristo,Cleanliness,7.0,8975
Sydney,2026-06-20,The Hordern Pavillion,1,2,QUICK STYLE,1008,Shaun Evaristo,Technical Execution + Authenticity,9.0,8975
Sydney,2026-06-20,The Hordern Pavillion,1,2,QUICK STYLE,1008,Shaun Evaristo,Spacing,8.0,8975
Sydney,2026-06-20,The Hordern Pavillion,1,2,QUICK STYLE,1008,Shaun Evaristo,Projection/Communication,9.0,8975
Sydney,2026-06-20,The Hordern Pavillion,1,2,QUICK STYLE,1008,Shaun Evaristo,Stamina,8.0,8975
Sydney,2026-06-20,The Hordern Pavillion,1,2,1MILLION,7967,Shaun Evaristo,Choreography Complexity,7.0,8975
Sydney,2026-06-20,The Hordern Pavillion,1,2,1MILLION,7967,Shaun Evaristo,Staging,9.0,8975
Sydney,2026-06-20,The Hordern Pavillion,1,2,1MILLION,7967,Shaun Evaristo,Musicality,8.0,8975
Sydney,2026-06-20,The Hordern Pavillion,1,2,1MILLION,7967,Shaun Evaristo,Creativity,9.0,8975
Sydney,2026-06-20,The Hordern Pavillion,1,2,1MILLION,7967,Shaun Evaristo,Stylistic Athleticism,9.0,8975
Sydney,2026-06-20,The Hordern Pavillion,1,2,1MILLION,7967,Shaun Evaristo,Cleanliness,8.0,8975
Sydney,2026-06-20,The Hordern Pavillion,1,2,1MILLION,7967,Shaun Evaristo,Technical Execution + Authenticity,9.0,8975
Sydney,2026-06-20,The Hordern Pavillion,1,2,1MILLION,7967,Shaun Evaristo,Spacing,8.0,8975
Sydney,2026-06-20,The Hordern Pavillion,1,2,1MILLION,7967,Shaun Evaristo,Projection/Communication,10.0,8975
Sydney,2026-06-20,The Hordern Pavillion,1,2,1MILLION,7967,Shaun Evaristo,Stamina,9.0,8975
Sydney,2026-06-20,The Hordern Pavillion,1,2,QUICK STYLE,1008,Chonique Sneed,Choreography Complexity,8.0,8975
Sydney,2026-06-20,The Hordern Pavillion,1,2,QUICK STYLE,1008,Chonique Sneed,Staging,8.0,8975
Sydney,2026-06-20,The Hordern Pavillion,1,2,QUICK STYLE,1008,Chonique Sneed,Musicality,8.0,8975
Sydney,2026-06-20,The Hordern Pavillion,1,2,QUICK STYLE,1008,Chonique Sneed,Creativity,8.0,8975
Sydney,2026-06-20,The Hordern Pavillion,1,2,QUICK STYLE,1008,Chonique Sneed,Stylistic Athleticism,9.0,8975
Sydney,2026-06-20,The Hordern Pavillion,1,2,QUICK STYLE,1008,Chonique Sneed,Cleanliness,7.0,8975
Sydney,2026-06-20,The Hordern Pavillion,1,2,QUICK STYLE,1008,Chonique Sneed,Technical Execution + Authenticity,8.0,8975
Sydney,2026-06-20,The Hordern Pavillion,1,2,QUICK STYLE,1008,Chonique Sneed,Spacing,9.0,8975
Sydney,2026-06-20,The Hordern Pavillion,1,2,QUICK STYLE,1008,Chonique Sneed,Projection/Communication,8.0,8975
Sydney,2026-06-20,The Hordern Pavillion,1,2,QUICK STYLE,1008,Chonique Sneed,Stamina,9.0,8975
Sydney,2026-06-20,The Hordern Pavillion,1,2,1MILLION,7967,Chonique Sneed,Choreography Complexity,8.0,8975
Sydney,2026-06-20,The Hordern Pavillion,1,2,1MILLION,7967,Chonique Sneed,Staging,8.0,8975
Sydney,2026-06-20,The Hordern Pavillion,1,2,1MILLION,7967,Chonique Sneed,Musicality,8.0,8975
Sydney,2026-06-20,The Hordern Pavillion,1,2,1MILLION,7967,Chonique Sneed,Creativity,9.0,8975
Sydney,2026-06-20,The Hordern Pavillion,1,2,1MILLION,7967,Chonique Sneed,Stylistic Athleticism,8.0,8975
Sydney,2026-06-20,The Hordern Pavillion,1,2,1MILLION,7967,Chonique Sneed,Cleanliness,8.0,8975
Sydney,2026-06-20,The Hordern Pavillion,1,2,1MILLION,7967,Chonique Sneed,Technical Execution + Authenticity,8.0,8975
Sydney,2026-06-20,The Hordern Pavillion,1,2,1MILLION,7967,Chonique Sneed,Spacing,9.0,8975
Sydney,2026-06-20,The Hordern Pavillion,1,2,1MILLION,7967,Chonique Sneed,Projection/Communication,9.0,8975
Sydney,2026-06-20,The Hordern Pavillion,1,2,1MILLION,7967,Chonique Sneed,Stamina,9.0,8975
Sydney,2026-06-20,The Hordern Pavillion,1,2,QUICK STYLE,1008,Arnel Calvario,Choreography Complexity,9.0,8975
Sydney,2026-06-20,The Hordern Pavillion,1,2,QUICK STYLE,1008,Arnel Calvario,Staging,8.0,8975
Sydney,2026-06-20,The Hordern Pavillion,1,2,QUICK STYLE,1008,Arnel Calvario,Musicality,9.0,8975
Sydney,2026-06-20,The Hordern Pavillion,1,2,QUICK STYLE,1008,Arnel Calvario,Creativity,9.0,8975
Sydney,2026-06-20,The Hordern Pavillion,1,2,QUICK STYLE,1008,Arnel Calvario,Stylistic Athleticism,8.0,8975
Sydney,2026-06-20,The Hordern Pavillion,1,2,QUICK STYLE,1008,Arnel Calvario,Cleanliness,8.0,8975
Sydney,2026-06-20,The Hordern Pavillion,1,2,QUICK STYLE,1008,Arnel Calvario,Technical Execution + Authenticity,9.0,8975
Sydney,2026-06-20,The Hordern Pavillion,1,2,QUICK STYLE,1008,Arnel Calvario,Spacing,8.0,8975
Sydney,2026-06-20,The Hordern Pavillion,1,2,QUICK STYLE,1008,Arnel Calvario,Projection/Communication,9.0,8975
Sydney,2026-06-20,The Hordern Pavillion,1,2,QUICK STYLE,1008,Arnel Calvario,Stamina,10.0,8975
Sydney,2026-06-20,The Hordern Pavillion,1,2,1MILLION,7967,Arnel Calvario,Choreography Complexity,8.0,8975
Sydney,2026-06-20,The Hordern Pavillion,1,2,1MILLION,7967,Arnel Calvario,Staging,9.0,8975
Sydney,2026-06-20,The Hordern Pavillion,1,2,1MILLION,7967,Arnel Calvario,Musicality,9.0,8975
Sydney,2026-06-20,The Hordern Pavillion,1,2,1MILLION,7967,Arnel Calvario,Creativity,9.0,8975
Sydney,2026-06-20,The Hordern Pavillion,1,2,1MILLION,7967,Arnel Calvario,Stylistic Athleticism,9.0,8975
Sydney,2026-06-20,The Hordern Pavillion,1,2,1MILLION,7967,Arnel Calvario,Cleanliness,8.0,8975
Sydney,2026-06-20,The Hordern Pavillion,1,2,1MILLION,7967,Arnel Calvario,Technical Execution + Authenticity,9.0,8975
Sydney,2026-06-20,The Hordern Pavillion,1,2,1MILLION,7967,Arnel Calvario,Spacing,8.0,8975
Sydney,2026-06-20,The Hordern Pavillion,1,2,1MILLION,7967,Arnel Calvario,Projection/Communication,10.0,8975
Sydney,2026-06-20,The Hordern Pavillion,1,2,1MILLION,7967,Arnel Calvario,Stamina,10.0,8975
Sydney,2026-06-20,The Hordern Pavillion,1,3,BROTHERHOOD,8432,Stephen Grey,Choreography Complexity,9.0,10521
Sydney,2026-06-20,The Hordern Pavillion,1,3,BROTHERHOOD,8432,Stephen Grey,Staging,8.0,10521
Sydney,2026-06-20,The Hordern Pavillion,1,3,BROTHERHOOD,8432,Stephen Grey,Musicality,10.0,10521
Sydney,2026-06-20,The Hordern Pavillion,1,3,BROTHERHOOD,8432,Stephen Grey,Creativity,10.0,10521
Sydney,2026-06-20,The Hordern Pavillion,1,3,BROTHERHOOD,8432,Stephen Grey,Stylistic Athleticism,9.0,10521
Sydney,2026-06-20,The Hordern Pavillion,1,3,BROTHERHOOD,8432,Stephen Grey,Cleanliness,9.0,10521
Sydney,2026-06-20,The Hordern Pavillion,1,3,BROTHERHOOD,8432,Stephen Grey,Technical Execution + Authenticity,9.0,10521
Sydney,2026-06-20,The Hordern Pavillion,1,3,BROTHERHOOD,8432,Stephen Grey,Spacing,9.0,10521
Sydney,2026-06-20,The Hordern Pavillion,1,3,BROTHERHOOD,8432,Stephen Grey,Projection/Communication,10.0,10521
Sydney,2026-06-20,The Hordern Pavillion,1,3,BROTHERHOOD,8432,Stephen Grey,Stamina,10.0,10521
Sydney,2026-06-20,The Hordern Pavillion,1,3,ROYAL FAMILY,2089,Stephen Grey,Choreography Complexity,8.0,10521
Sydney,2026-06-20,The Hordern Pavillion,1,3,ROYAL FAMILY,2089,Stephen Grey,Staging,9.0,10521
Sydney,2026-06-20,The Hordern Pavillion,1,3,ROYAL FAMILY,2089,Stephen Grey,Musicality,8.0,10521
Sydney,2026-06-20,The Hordern Pavillion,1,3,ROYAL FAMILY,2089,Stephen Grey,Creativity,9.0,10521
Sydney,2026-06-20,The Hordern Pavillion,1,3,ROYAL FAMILY,2089,Stephen Grey,Stylistic Athleticism,9.0,10521
Sydney,2026-06-20,The Hordern Pavillion,1,3,ROYAL FAMILY,2089,Stephen Grey,Cleanliness,8.0,10521
Sydney,2026-06-20,The Hordern Pavillion,1,3,ROYAL FAMILY,2089,Stephen Grey,Technical Execution + Authenticity,7.0,10521
Sydney,2026-06-20,The Hordern Pavillion,1,3,ROYAL FAMILY,2089,Stephen Grey,Spacing,9.0,10521
Sydney,2026-06-20,The Hordern Pavillion,1,3,ROYAL FAMILY,2089,Stephen Grey,Projection/Communication,10.0,10521
Sydney,2026-06-20,The Hordern Pavillion,1,3,ROYAL FAMILY,2089,Stephen Grey,Stamina,10.0,10521
Sydney,2026-06-20,The Hordern Pavillion,1,3,BROTHERHOOD,8432,Mel Charlot,Choreography Complexity,9.0,10521
Sydney,2026-06-20,The Hordern Pavillion,1,3,BROTHERHOOD,8432,Mel Charlot,Staging,10.0,10521
Sydney,2026-06-20,The Hordern Pavillion,1,3,BROTHERHOOD,8432,Mel Charlot,Musicality,10.0,10521
Sydney,2026-06-20,The Hordern Pavillion,1,3,BROTHERHOOD,8432,Mel Charlot,Creativity,9.0,10521
Sydney,2026-06-20,The Hordern Pavillion,1,3,BROTHERHOOD,8432,Mel Charlot,Stylistic Athleticism,9.0,10521
Sydney,2026-06-20,The Hordern Pavillion,1,3,BROTHERHOOD,8432,Mel Charlot,Cleanliness,9.0,10521
Sydney,2026-06-20,The Hordern Pavillion,1,3,BROTHERHOOD,8432,Mel Charlot,Technical Execution + Authenticity,9.0,10521
Sydney,2026-06-20,The Hordern Pavillion,1,3,BROTHERHOOD,8432,Mel Charlot,Spacing,9.0,10521
Sydney,2026-06-20,The Hordern Pavillion,1,3,BROTHERHOOD,8432,Mel Charlot,Projection/Communication,10.0,10521
Sydney,2026-06-20,The Hordern Pavillion,1,3,BROTHERHOOD,8432,Mel Charlot,Stamina,10.0,10521
Sydney,2026-06-20,The Hordern Pavillion,1,3,ROYAL FAMILY,2089,Mel Charlot,Choreography Complexity,9.0,10521
Sydney,2026-06-20,The Hordern Pavillion,1,3,ROYAL FAMILY,2089,Mel Charlot,Staging,9.0,10521
Sydney,2026-06-20,The Hordern Pavillion,1,3,ROYAL FAMILY,2089,Mel Charlot,Musicality,9.0,10521
Sydney,2026-06-20,The Hordern Pavillion,1,3,ROYAL FAMILY,2089,Mel Charlot,Creativity,8.0,10521
Sydney,2026-06-20,The Hordern Pavillion,1,3,ROYAL FAMILY,2089,Mel Charlot,Stylistic Athleticism,9.0,10521
Sydney,2026-06-20,The Hordern Pavillion,1,3,ROYAL FAMILY,2089,Mel Charlot,Cleanliness,9.0,10521
Sydney,2026-06-20,The Hordern Pavillion,1,3,ROYAL FAMILY,2089,Mel Charlot,Technical Execution + Authenticity,8.0,10521
Sydney,2026-06-20,The Hordern Pavillion,1,3,ROYAL FAMILY,2089,Mel Charlot,Spacing,9.0,10521
Sydney,2026-06-20,The Hordern Pavillion,1,3,ROYAL FAMILY,2089,Mel Charlot,Projection/Communication,10.0,10521
Sydney,2026-06-20,The Hordern Pavillion,1,3,ROYAL FAMILY,2089,Mel Charlot,Stamina,10.0,10521
Sydney,2026-06-20,The Hordern Pavillion,1,3,BROTHERHOOD,8432,Comfort Fedoke,Choreography Complexity,9.0,10521
Sydney,2026-06-20,The Hordern Pavillion,1,3,BROTHERHOOD,8432,Comfort Fedoke,Staging,9.0,10521
Sydney,2026-06-20,The Hordern Pavillion,1,3,BROTHERHOOD,8432,Comfort Fedoke,Musicality,10.0,10521
Sydney,2026-06-20,The Hordern Pavillion,1,3,BROTHERHOOD,8432,Comfort Fedoke,Creativity,9.0,10521
Sydney,2026-06-20,The Hordern Pavillion,1,3,BROTHERHOOD,8432,Comfort Fedoke,Stylistic Athleticism,9.0,10521
Sydney,2026-06-20,The Hordern Pavillion,1,3,BROTHERHOOD,8432,Comfort Fedoke,Cleanliness,9.0,10521
Sydney,2026-06-20,The Hordern Pavillion,1,3,BROTHERHOOD,8432,Comfort Fedoke,Technical Execution + Authenticity,9.0,10521
Sydney,2026-06-20,The Hordern Pavillion,1,3,BROTHERHOOD,8432,Comfort Fedoke,Spacing,9.0,10521
Sydney,2026-06-20,The Hordern Pavillion,1,3,BROTHERHOOD,8432,Comfort Fedoke,Projection/Communication,10.0,10521
Sydney,2026-06-20,The Hordern Pavillion,1,3,BROTHERHOOD,8432,Comfort Fedoke,Stamina,10.0,10521
Sydney,2026-06-20,The Hordern Pavillion,1,3,ROYAL FAMILY,2089,Comfort Fedoke,Choreography Complexity,9.0,10521
Sydney,2026-06-20,The Hordern Pavillion,1,3,ROYAL FAMILY,2089,Comfort Fedoke,Staging,9.0,10521
Sydney,2026-06-20,The Hordern Pavillion,1,3,ROYAL FAMILY,2089,Comfort Fedoke,Musicality,9.0,10521
Sydney,2026-06-20,The Hordern Pavillion,1,3,ROYAL FAMILY,2089,Comfort Fedoke,Creativity,8.0,10521
Sydney,2026-06-20,The Hordern Pavillion,1,3,ROYAL FAMILY,2089,Comfort Fedoke,Stylistic Athleticism,9.0,10521
Sydney,2026-06-20,The Hordern Pavillion,1,3,ROYAL FAMILY,2089,Comfort Fedoke,Cleanliness,9.0,10521
Sydney,2026-06-20,The Hordern Pavillion,1,3,ROYAL FAMILY,2089,Comfort Fedoke,Technical Execution + Authenticity,9.0,10521
Sydney,2026-06-20,The Hordern Pavillion,1,3,ROYAL FAMILY,2089,Comfort Fedoke,Spacing,9.0,10521
Sydney,2026-06-20,The Hordern Pavillion,1,3,ROYAL FAMILY,2089,Comfort Fedoke,Projection/Communication,10.0,10521
Sydney,2026-06-20,The Hordern Pavillion,1,3,ROYAL FAMILY,2089,Comfort Fedoke,Stamina,10.0,10521
Sydney,2026-06-20,The Hordern Pavillion,1,3,BROTHERHOOD,8432,Shaun Evaristo,Choreography Complexity,8.0,10521
Sydney,2026-06-20,The Hordern Pavillion,1,3,BROTHERHOOD,8432,Shaun Evaristo,Staging,9.0,10521
Sydney,2026-06-20,The Hordern Pavillion,1,3,BROTHERHOOD,8432,Shaun Evaristo,Musicality,9.0,10521
Sydney,2026-06-20,The Hordern Pavillion,1,3,BROTHERHOOD,8432,Shaun Evaristo,Creativity,10.0,10521
Sydney,2026-06-20,The Hordern Pavillion,1,3,BROTHERHOOD,8432,Shaun Evaristo,Stylistic Athleticism,10.0,10521
Sydney,2026-06-20,The Hordern Pavillion,1,3,BROTHERHOOD,8432,Shaun Evaristo,Cleanliness,9.0,10521
Sydney,2026-06-20,The Hordern Pavillion,1,3,BROTHERHOOD,8432,Shaun Evaristo,Technical Execution + Authenticity,9.0,10521
Sydney,2026-06-20,The Hordern Pavillion,1,3,BROTHERHOOD,8432,Shaun Evaristo,Spacing,8.0,10521
Sydney,2026-06-20,The Hordern Pavillion,1,3,BROTHERHOOD,8432,Shaun Evaristo,Projection/Communication,10.0,10521
Sydney,2026-06-20,The Hordern Pavillion,1,3,BROTHERHOOD,8432,Shaun Evaristo,Stamina,9.0,10521
Sydney,2026-06-20,The Hordern Pavillion,1,3,ROYAL FAMILY,2089,Shaun Evaristo,Choreography Complexity,8.0,10521
Sydney,2026-06-20,The Hordern Pavillion,1,3,ROYAL FAMILY,2089,Shaun Evaristo,Staging,8.0,10521
Sydney,2026-06-20,The Hordern Pavillion,1,3,ROYAL FAMILY,2089,Shaun Evaristo,Musicality,8.0,10521
Sydney,2026-06-20,The Hordern Pavillion,1,3,ROYAL FAMILY,2089,Shaun Evaristo,Creativity,9.0,10521
Sydney,2026-06-20,The Hordern Pavillion,1,3,ROYAL FAMILY,2089,Shaun Evaristo,Stylistic Athleticism,9.0,10521
Sydney,2026-06-20,The Hordern Pavillion,1,3,ROYAL FAMILY,2089,Shaun Evaristo,Cleanliness,8.0,10521
Sydney,2026-06-20,The Hordern Pavillion,1,3,ROYAL FAMILY,2089,Shaun Evaristo,Technical Execution + Authenticity,9.0,10521
Sydney,2026-06-20,The Hordern Pavillion,1,3,ROYAL FAMILY,2089,Shaun Evaristo,Spacing,7.0,10521
Sydney,2026-06-20,The Hordern Pavillion,1,3,ROYAL FAMILY,2089,Shaun Evaristo,Projection/Communication,10.0,10521
Sydney,2026-06-20,The Hordern Pavillion,1,3,ROYAL FAMILY,2089,Shaun Evaristo,Stamina,10.0,10521
Sydney,2026-06-20,The Hordern Pavillion,1,3,BROTHERHOOD,8432,Chonique Sneed,Choreography Complexity,9.0,10521
Sydney,2026-06-20,The Hordern Pavillion,1,3,BROTHERHOOD,8432,Chonique Sneed,Staging,9.0,10521
Sydney,2026-06-20,The Hordern Pavillion,1,3,BROTHERHOOD,8432,Chonique Sneed,Musicality,9.0,10521
Sydney,2026-06-20,The Hordern Pavillion,1,3,BROTHERHOOD,8432,Chonique Sneed,Creativity,10.0,10521
Sydney,2026-06-20,The Hordern Pavillion,1,3,BROTHERHOOD,8432,Chonique Sneed,Stylistic Athleticism,9.0,10521
Sydney,2026-06-20,The Hordern Pavillion,1,3,BROTHERHOOD,8432,Chonique Sneed,Cleanliness,9.0,10521
Sydney,2026-06-20,The Hordern Pavillion,1,3,BROTHERHOOD,8432,Chonique Sneed,Technical Execution + Authenticity,9.0,10521
Sydney,2026-06-20,The Hordern Pavillion,1,3,BROTHERHOOD,8432,Chonique Sneed,Spacing,8.0,10521
Sydney,2026-06-20,The Hordern Pavillion,1,3,BROTHERHOOD,8432,Chonique Sneed,Projection/Communication,9.0,10521
Sydney,2026-06-20,The Hordern Pavillion,1,3,BROTHERHOOD,8432,Chonique Sneed,Stamina,9.0,10521
Sydney,2026-06-20,The Hordern Pavillion,1,3,ROYAL FAMILY,2089,Chonique Sneed,Choreography Complexity,8.0,10521
Sydney,2026-06-20,The Hordern Pavillion,1,3,ROYAL FAMILY,2089,Chonique Sneed,Staging,8.0,10521
Sydney,2026-06-20,The Hordern Pavillion,1,3,ROYAL FAMILY,2089,Chonique Sneed,Musicality,9.0,10521
Sydney,2026-06-20,The Hordern Pavillion,1,3,ROYAL FAMILY,2089,Chonique Sneed,Creativity,9.0,10521
Sydney,2026-06-20,The Hordern Pavillion,1,3,ROYAL FAMILY,2089,Chonique Sneed,Stylistic Athleticism,8.0,10521
Sydney,2026-06-20,The Hordern Pavillion,1,3,ROYAL FAMILY,2089,Chonique Sneed,Cleanliness,8.0,10521
Sydney,2026-06-20,The Hordern Pavillion,1,3,ROYAL FAMILY,2089,Chonique Sneed,Technical Execution + Authenticity,8.0,10521
Sydney,2026-06-20,The Hordern Pavillion,1,3,ROYAL FAMILY,2089,Chonique Sneed,Spacing,9.0,10521
Sydney,2026-06-20,The Hordern Pavillion,1,3,ROYAL FAMILY,2089,Chonique Sneed,Projection/Communication,8.0,10521
Sydney,2026-06-20,The Hordern Pavillion,1,3,ROYAL FAMILY,2089,Chonique Sneed,Stamina,9.0,10521
Sydney,2026-06-20,The Hordern Pavillion,1,3,BROTHERHOOD,8432,Arnel Calvario,Choreography Complexity,9.0,10521
Sydney,2026-06-20,The Hordern Pavillion,1,3,BROTHERHOOD,8432,Arnel Calvario,Staging,10.0,10521
Sydney,2026-06-20,The Hordern Pavillion,1,3,BROTHERHOOD,8432,Arnel Calvario,Musicality,9.0,10521
Sydney,2026-06-20,The Hordern Pavillion,1,3,BROTHERHOOD,8432,Arnel Calvario,Creativity,10.0,10521
Sydney,2026-06-20,The Hordern Pavillion,1,3,BROTHERHOOD,8432,Arnel Calvario,Stylistic Athleticism,9.0,10521
Sydney,2026-06-20,The Hordern Pavillion,1,3,BROTHERHOOD,8432,Arnel Calvario,Cleanliness,9.0,10521
Sydney,2026-06-20,The Hordern Pavillion,1,3,BROTHERHOOD,8432,Arnel Calvario,Technical Execution + Authenticity,8.0,10521
Sydney,2026-06-20,The Hordern Pavillion,1,3,BROTHERHOOD,8432,Arnel Calvario,Spacing,8.0,10521
Sydney,2026-06-20,The Hordern Pavillion,1,3,BROTHERHOOD,8432,Arnel Calvario,Projection/Communication,10.0,10521
Sydney,2026-06-20,The Hordern Pavillion,1,3,BROTHERHOOD,8432,Arnel Calvario,Stamina,10.0,10521
Sydney,2026-06-20,The Hordern Pavillion,1,3,ROYAL FAMILY,2089,Arnel Calvario,Choreography Complexity,8.0,10521
Sydney,2026-06-20,The Hordern Pavillion,1,3,ROYAL FAMILY,2089,Arnel Calvario,Staging,9.0,10521
Sydney,2026-06-20,The Hordern Pavillion,1,3,ROYAL FAMILY,2089,Arnel Calvario,Musicality,10.0,10521
Sydney,2026-06-20,The Hordern Pavillion,1,3,ROYAL FAMILY,2089,Arnel Calvario,Creativity,9.0,10521
Sydney,2026-06-20,The Hordern Pavillion,1,3,ROYAL FAMILY,2089,Arnel Calvario,Stylistic Athleticism,9.0,10521
Sydney,2026-06-20,The Hordern Pavillion,1,3,ROYAL FAMILY,2089,Arnel Calvario,Cleanliness,9.0,10521
Sydney,2026-06-20,The Hordern Pavillion,1,3,ROYAL FAMILY,2089,Arnel Calvario,Technical Execution + Authenticity,8.0,10521
Sydney,2026-06-20,The Hordern Pavillion,1,3,ROYAL FAMILY,2089,Arnel Calvario,Spacing,9.0,10521
Sydney,2026-06-20,The Hordern Pavillion,1,3,ROYAL FAMILY,2089,Arnel Calvario,Projection/Communication,10.0,10521
Sydney,2026-06-20,The Hordern Pavillion,1,3,ROYAL FAMILY,2089,Arnel Calvario,Stamina,10.0,10521
Sydney,2026-06-20,The Hordern Pavillion,2,1,BROTHERHOOD,6339,Stephen Grey,Choreography Complexity,8.0,9153
Sydney,2026-06-20,The Hordern Pavillion,2,1,BROTHERHOOD,6339,Stephen Grey,Staging,9.0,9153
Sydney,2026-06-20,The Hordern Pavillion,2,1,BROTHERHOOD,6339,Stephen Grey,Musicality,9.0,9153
Sydney,2026-06-20,The Hordern Pavillion,2,1,BROTHERHOOD,6339,Stephen Grey,Creativity,9.0,9153
Sydney,2026-06-20,The Hordern Pavillion,2,1,BROTHERHOOD,6339,Stephen Grey,Stylistic Athleticism,10.0,9153
Sydney,2026-06-20,The Hordern Pavillion,2,1,BROTHERHOOD,6339,Stephen Grey,Cleanliness,9.0,9153
Sydney,2026-06-20,The Hordern Pavillion,2,1,BROTHERHOOD,6339,Stephen Grey,Technical Execution + Authenticity,9.0,9153
Sydney,2026-06-20,The Hordern Pavillion,2,1,BROTHERHOOD,6339,Stephen Grey,Spacing,9.0,9153
Sydney,2026-06-20,The Hordern Pavillion,2,1,BROTHERHOOD,6339,Stephen Grey,Projection/Communication,10.0,9153
Sydney,2026-06-20,The Hordern Pavillion,2,1,BROTHERHOOD,6339,Stephen Grey,Stamina,10.0,9153
Sydney,2026-06-20,The Hordern Pavillion,2,1,GRV,981,Stephen Grey,Choreography Complexity,9.0,9153
Sydney,2026-06-20,The Hordern Pavillion,2,1,GRV,981,Stephen Grey,Staging,9.0,9153
Sydney,2026-06-20,The Hordern Pavillion,2,1,GRV,981,Stephen Grey,Musicality,10.0,9153
Sydney,2026-06-20,The Hordern Pavillion,2,1,GRV,981,Stephen Grey,Creativity,9.0,9153
Sydney,2026-06-20,The Hordern Pavillion,2,1,GRV,981,Stephen Grey,Stylistic Athleticism,10.0,9153
Sydney,2026-06-20,The Hordern Pavillion,2,1,GRV,981,Stephen Grey,Cleanliness,9.0,9153
Sydney,2026-06-20,The Hordern Pavillion,2,1,GRV,981,Stephen Grey,Technical Execution + Authenticity,9.0,9153
Sydney,2026-06-20,The Hordern Pavillion,2,1,GRV,981,Stephen Grey,Spacing,8.0,9153
Sydney,2026-06-20,The Hordern Pavillion,2,1,GRV,981,Stephen Grey,Projection/Communication,10.0,9153
Sydney,2026-06-20,The Hordern Pavillion,2,1,GRV,981,Stephen Grey,Stamina,10.0,9153
Sydney,2026-06-20,The Hordern Pavillion,2,1,1MILLION,1833,Stephen Grey,Choreography Complexity,8.0,9153
Sydney,2026-06-20,The Hordern Pavillion,2,1,1MILLION,1833,Stephen Grey,Staging,9.0,9153
Sydney,2026-06-20,The Hordern Pavillion,2,1,1MILLION,1833,Stephen Grey,Musicality,9.0,9153
Sydney,2026-06-20,The Hordern Pavillion,2,1,1MILLION,1833,Stephen Grey,Creativity,9.0,9153
Sydney,2026-06-20,The Hordern Pavillion,2,1,1MILLION,1833,Stephen Grey,Stylistic Athleticism,9.0,9153
Sydney,2026-06-20,The Hordern Pavillion,2,1,1MILLION,1833,Stephen Grey,Cleanliness,8.0,9153
Sydney,2026-06-20,The Hordern Pavillion,2,1,1MILLION,1833,Stephen Grey,Technical Execution + Authenticity,9.0,9153
Sydney,2026-06-20,The Hordern Pavillion,2,1,1MILLION,1833,Stephen Grey,Spacing,8.0,9153
Sydney,2026-06-20,The Hordern Pavillion,2,1,1MILLION,1833,Stephen Grey,Projection/Communication,10.0,9153
Sydney,2026-06-20,The Hordern Pavillion,2,1,1MILLION,1833,Stephen Grey,Stamina,10.0,9153
Sydney,2026-06-20,The Hordern Pavillion,2,1,BROTHERHOOD,6339,Mel Charlot,Choreography Complexity,9.0,9153
Sydney,2026-06-20,The Hordern Pavillion,2,1,BROTHERHOOD,6339,Mel Charlot,Staging,9.0,9153
Sydney,2026-06-20,The Hordern Pavillion,2,1,BROTHERHOOD,6339,Mel Charlot,Musicality,10.0,9153
Sydney,2026-06-20,The Hordern Pavillion,2,1,BROTHERHOOD,6339,Mel Charlot,Creativity,9.0,9153
Sydney,2026-06-20,The Hordern Pavillion,2,1,BROTHERHOOD,6339,Mel Charlot,Stylistic Athleticism,9.0,9153
Sydney,2026-06-20,The Hordern Pavillion,2,1,BROTHERHOOD,6339,Mel Charlot,Cleanliness,9.0,9153
Sydney,2026-06-20,The Hordern Pavillion,2,1,BROTHERHOOD,6339,Mel Charlot,Technical Execution + Authenticity,9.0,9153
Sydney,2026-06-20,The Hordern Pavillion,2,1,BROTHERHOOD,6339,Mel Charlot,Spacing,9.0,9153
Sydney,2026-06-20,The Hordern Pavillion,2,1,BROTHERHOOD,6339,Mel Charlot,Projection/Communication,10.0,9153
Sydney,2026-06-20,The Hordern Pavillion,2,1,BROTHERHOOD,6339,Mel Charlot,Stamina,10.0,9153
Sydney,2026-06-20,The Hordern Pavillion,2,1,GRV,981,Mel Charlot,Choreography Complexity,9.0,9153
Sydney,2026-06-20,The Hordern Pavillion,2,1,GRV,981,Mel Charlot,Staging,9.0,9153
Sydney,2026-06-20,The Hordern Pavillion,2,1,GRV,981,Mel Charlot,Musicality,9.0,9153
Sydney,2026-06-20,The Hordern Pavillion,2,1,GRV,981,Mel Charlot,Creativity,8.0,9153
Sydney,2026-06-20,The Hordern Pavillion,2,1,GRV,981,Mel Charlot,Stylistic Athleticism,9.0,9153
Sydney,2026-06-20,The Hordern Pavillion,2,1,GRV,981,Mel Charlot,Cleanliness,9.0,9153
Sydney,2026-06-20,The Hordern Pavillion,2,1,GRV,981,Mel Charlot,Technical Execution + Authenticity,9.0,9153
Sydney,2026-06-20,The Hordern Pavillion,2,1,GRV,981,Mel Charlot,Spacing,8.0,9153
Sydney,2026-06-20,The Hordern Pavillion,2,1,GRV,981,Mel Charlot,Projection/Communication,9.0,9153
Sydney,2026-06-20,The Hordern Pavillion,2,1,GRV,981,Mel Charlot,Stamina,10.0,9153
Sydney,2026-06-20,The Hordern Pavillion,2,1,1MILLION,1833,Mel Charlot,Choreography Complexity,8.0,9153
Sydney,2026-06-20,The Hordern Pavillion,2,1,1MILLION,1833,Mel Charlot,Staging,9.0,9153
Sydney,2026-06-20,The Hordern Pavillion,2,1,1MILLION,1833,Mel Charlot,Musicality,9.0,9153
Sydney,2026-06-20,The Hordern Pavillion,2,1,1MILLION,1833,Mel Charlot,Creativity,8.0,9153
Sydney,2026-06-20,The Hordern Pavillion,2,1,1MILLION,1833,Mel Charlot,Stylistic Athleticism,8.0,9153
Sydney,2026-06-20,The Hordern Pavillion,2,1,1MILLION,1833,Mel Charlot,Cleanliness,8.0,9153
Sydney,2026-06-20,The Hordern Pavillion,2,1,1MILLION,1833,Mel Charlot,Technical Execution + Authenticity,8.0,9153
Sydney,2026-06-20,The Hordern Pavillion,2,1,1MILLION,1833,Mel Charlot,Spacing,9.0,9153
Sydney,2026-06-20,The Hordern Pavillion,2,1,1MILLION,1833,Mel Charlot,Projection/Communication,10.0,9153
Sydney,2026-06-20,The Hordern Pavillion,2,1,1MILLION,1833,Mel Charlot,Stamina,10.0,9153
Sydney,2026-06-20,The Hordern Pavillion,2,1,BROTHERHOOD,6339,Comfort Fedoke,Choreography Complexity,10.0,9153
Sydney,2026-06-20,The Hordern Pavillion,2,1,BROTHERHOOD,6339,Comfort Fedoke,Staging,9.0,9153
Sydney,2026-06-20,The Hordern Pavillion,2,1,BROTHERHOOD,6339,Comfort Fedoke,Musicality,9.0,9153
Sydney,2026-06-20,The Hordern Pavillion,2,1,BROTHERHOOD,6339,Comfort Fedoke,Creativity,9.0,9153
Sydney,2026-06-20,The Hordern Pavillion,2,1,BROTHERHOOD,6339,Comfort Fedoke,Stylistic Athleticism,9.0,9153
Sydney,2026-06-20,The Hordern Pavillion,2,1,BROTHERHOOD,6339,Comfort Fedoke,Cleanliness,9.0,9153
Sydney,2026-06-20,The Hordern Pavillion,2,1,BROTHERHOOD,6339,Comfort Fedoke,Technical Execution + Authenticity,9.0,9153
Sydney,2026-06-20,The Hordern Pavillion,2,1,BROTHERHOOD,6339,Comfort Fedoke,Spacing,9.0,9153
Sydney,2026-06-20,The Hordern Pavillion,2,1,BROTHERHOOD,6339,Comfort Fedoke,Projection/Communication,10.0,9153
Sydney,2026-06-20,The Hordern Pavillion,2,1,BROTHERHOOD,6339,Comfort Fedoke,Stamina,10.0,9153
Sydney,2026-06-20,The Hordern Pavillion,2,1,GRV,981,Comfort Fedoke,Choreography Complexity,9.0,9153
Sydney,2026-06-20,The Hordern Pavillion,2,1,GRV,981,Comfort Fedoke,Staging,8.0,9153
Sydney,2026-06-20,The Hordern Pavillion,2,1,GRV,981,Comfort Fedoke,Musicality,9.0,9153
Sydney,2026-06-20,The Hordern Pavillion,2,1,GRV,981,Comfort Fedoke,Creativity,9.0,9153
Sydney,2026-06-20,The Hordern Pavillion,2,1,GRV,981,Comfort Fedoke,Stylistic Athleticism,9.0,9153
Sydney,2026-06-20,The Hordern Pavillion,2,1,GRV,981,Comfort Fedoke,Cleanliness,9.0,9153
Sydney,2026-06-20,The Hordern Pavillion,2,1,GRV,981,Comfort Fedoke,Technical Execution + Authenticity,9.0,9153
Sydney,2026-06-20,The Hordern Pavillion,2,1,GRV,981,Comfort Fedoke,Spacing,9.0,9153
Sydney,2026-06-20,The Hordern Pavillion,2,1,GRV,981,Comfort Fedoke,Projection/Communication,10.0,9153
Sydney,2026-06-20,The Hordern Pavillion,2,1,GRV,981,Comfort Fedoke,Stamina,10.0,9153
Sydney,2026-06-20,The Hordern Pavillion,2,1,1MILLION,1833,Comfort Fedoke,Choreography Complexity,9.0,9153
Sydney,2026-06-20,The Hordern Pavillion,2,1,1MILLION,1833,Comfort Fedoke,Staging,9.0,9153
Sydney,2026-06-20,The Hordern Pavillion,2,1,1MILLION,1833,Comfort Fedoke,Musicality,9.0,9153
Sydney,2026-06-20,The Hordern Pavillion,2,1,1MILLION,1833,Comfort Fedoke,Creativity,9.0,9153
Sydney,2026-06-20,The Hordern Pavillion,2,1,1MILLION,1833,Comfort Fedoke,Stylistic Athleticism,9.0,9153
Sydney,2026-06-20,The Hordern Pavillion,2,1,1MILLION,1833,Comfort Fedoke,Cleanliness,9.0,9153
Sydney,2026-06-20,The Hordern Pavillion,2,1,1MILLION,1833,Comfort Fedoke,Technical Execution + Authenticity,9.0,9153
Sydney,2026-06-20,The Hordern Pavillion,2,1,1MILLION,1833,Comfort Fedoke,Spacing,9.0,9153
Sydney,2026-06-20,The Hordern Pavillion,2,1,1MILLION,1833,Comfort Fedoke,Projection/Communication,9.0,9153
Sydney,2026-06-20,The Hordern Pavillion,2,1,1MILLION,1833,Comfort Fedoke,Stamina,10.0,9153
Sydney,2026-06-20,The Hordern Pavillion,2,1,BROTHERHOOD,6339,Shaun Evaristo,Choreography Complexity,9.0,9153
Sydney,2026-06-20,The Hordern Pavillion,2,1,BROTHERHOOD,6339,Shaun Evaristo,Staging,9.0,9153
Sydney,2026-06-20,The Hordern Pavillion,2,1,BROTHERHOOD,6339,Shaun Evaristo,Musicality,8.0,9153
Sydney,2026-06-20,The Hordern Pavillion,2,1,BROTHERHOOD,6339,Shaun Evaristo,Creativity,10.0,9153
Sydney,2026-06-20,The Hordern Pavillion,2,1,BROTHERHOOD,6339,Shaun Evaristo,Stylistic Athleticism,9.0,9153
Sydney,2026-06-20,The Hordern Pavillion,2,1,BROTHERHOOD,6339,Shaun Evaristo,Cleanliness,10.0,9153
Sydney,2026-06-20,The Hordern Pavillion,2,1,BROTHERHOOD,6339,Shaun Evaristo,Technical Execution + Authenticity,9.0,9153
Sydney,2026-06-20,The Hordern Pavillion,2,1,BROTHERHOOD,6339,Shaun Evaristo,Spacing,9.0,9153
Sydney,2026-06-20,The Hordern Pavillion,2,1,BROTHERHOOD,6339,Shaun Evaristo,Projection/Communication,10.0,9153
Sydney,2026-06-20,The Hordern Pavillion,2,1,BROTHERHOOD,6339,Shaun Evaristo,Stamina,10.0,9153
Sydney,2026-06-20,The Hordern Pavillion,2,1,GRV,981,Shaun Evaristo,Choreography Complexity,10.0,9153
Sydney,2026-06-20,The Hordern Pavillion,2,1,GRV,981,Shaun Evaristo,Staging,8.0,9153
Sydney,2026-06-20,The Hordern Pavillion,2,1,GRV,981,Shaun Evaristo,Musicality,9.0,9153
Sydney,2026-06-20,The Hordern Pavillion,2,1,GRV,981,Shaun Evaristo,Creativity,8.0,9153
Sydney,2026-06-20,The Hordern Pavillion,2,1,GRV,981,Shaun Evaristo,Stylistic Athleticism,10.0,9153
Sydney,2026-06-20,The Hordern Pavillion,2,1,GRV,981,Shaun Evaristo,Cleanliness,8.0,9153
Sydney,2026-06-20,The Hordern Pavillion,2,1,GRV,981,Shaun Evaristo,Technical Execution + Authenticity,9.0,9153
Sydney,2026-06-20,The Hordern Pavillion,2,1,GRV,981,Shaun Evaristo,Spacing,9.0,9153
Sydney,2026-06-20,The Hordern Pavillion,2,1,GRV,981,Shaun Evaristo,Projection/Communication,8.0,9153
Sydney,2026-06-20,The Hordern Pavillion,2,1,GRV,981,Shaun Evaristo,Stamina,10.0,9153
Sydney,2026-06-20,The Hordern Pavillion,2,1,1MILLION,1833,Shaun Evaristo,Choreography Complexity,9.0,9153
Sydney,2026-06-20,The Hordern Pavillion,2,1,1MILLION,1833,Shaun Evaristo,Staging,8.0,9153
Sydney,2026-06-20,The Hordern Pavillion,2,1,1MILLION,1833,Shaun Evaristo,Musicality,8.0,9153
Sydney,2026-06-20,The Hordern Pavillion,2,1,1MILLION,1833,Shaun Evaristo,Creativity,9.0,9153
Sydney,2026-06-20,The Hordern Pavillion,2,1,1MILLION,1833,Shaun Evaristo,Stylistic Athleticism,9.0,9153
Sydney,2026-06-20,The Hordern Pavillion,2,1,1MILLION,1833,Shaun Evaristo,Cleanliness,8.0,9153
Sydney,2026-06-20,The Hordern Pavillion,2,1,1MILLION,1833,Shaun Evaristo,Technical Execution + Authenticity,10.0,9153
Sydney,2026-06-20,The Hordern Pavillion,2,1,1MILLION,1833,Shaun Evaristo,Spacing,8.0,9153
Sydney,2026-06-20,The Hordern Pavillion,2,1,1MILLION,1833,Shaun Evaristo,Projection/Communication,10.0,9153
Sydney,2026-06-20,The Hordern Pavillion,2,1,1MILLION,1833,Shaun Evaristo,Stamina,10.0,9153
Sydney,2026-06-20,The Hordern Pavillion,2,1,BROTHERHOOD,6339,Chonique Sneed,Choreography Complexity,9.0,9153
Sydney,2026-06-20,The Hordern Pavillion,2,1,BROTHERHOOD,6339,Chonique Sneed,Staging,9.0,9153
Sydney,2026-06-20,The Hordern Pavillion,2,1,BROTHERHOOD,6339,Chonique Sneed,Musicality,10.0,9153
Sydney,2026-06-20,The Hordern Pavillion,2,1,BROTHERHOOD,6339,Chonique Sneed,Creativity,9.0,9153
Sydney,2026-06-20,The Hordern Pavillion,2,1,BROTHERHOOD,6339,Chonique Sneed,Stylistic Athleticism,9.0,9153
Sydney,2026-06-20,The Hordern Pavillion,2,1,BROTHERHOOD,6339,Chonique Sneed,Cleanliness,9.0,9153
Sydney,2026-06-20,The Hordern Pavillion,2,1,BROTHERHOOD,6339,Chonique Sneed,Technical Execution + Authenticity,9.0,9153
Sydney,2026-06-20,The Hordern Pavillion,2,1,BROTHERHOOD,6339,Chonique Sneed,Spacing,9.0,9153
Sydney,2026-06-20,The Hordern Pavillion,2,1,BROTHERHOOD,6339,Chonique Sneed,Projection/Communication,9.0,9153
Sydney,2026-06-20,The Hordern Pavillion,2,1,BROTHERHOOD,6339,Chonique Sneed,Stamina,10.0,9153
Sydney,2026-06-20,The Hordern Pavillion,2,1,GRV,981,Chonique Sneed,Choreography Complexity,9.0,9153
Sydney,2026-06-20,The Hordern Pavillion,2,1,GRV,981,Chonique Sneed,Staging,10.0,9153
Sydney,2026-06-20,The Hordern Pavillion,2,1,GRV,981,Chonique Sneed,Musicality,9.0,9153
Sydney,2026-06-20,The Hordern Pavillion,2,1,GRV,981,Chonique Sneed,Creativity,9.0,9153
Sydney,2026-06-20,The Hordern Pavillion,2,1,GRV,981,Chonique Sneed,Stylistic Athleticism,8.0,9153
Sydney,2026-06-20,The Hordern Pavillion,2,1,GRV,981,Chonique Sneed,Cleanliness,9.0,9153
Sydney,2026-06-20,The Hordern Pavillion,2,1,GRV,981,Chonique Sneed,Technical Execution + Authenticity,8.0,9153
Sydney,2026-06-20,The Hordern Pavillion,2,1,GRV,981,Chonique Sneed,Spacing,9.0,9153
Sydney,2026-06-20,The Hordern Pavillion,2,1,GRV,981,Chonique Sneed,Projection/Communication,9.0,9153
Sydney,2026-06-20,The Hordern Pavillion,2,1,GRV,981,Chonique Sneed,Stamina,9.0,9153
Sydney,2026-06-20,The Hordern Pavillion,2,1,1MILLION,1833,Chonique Sneed,Choreography Complexity,8.0,9153
Sydney,2026-06-20,The Hordern Pavillion,2,1,1MILLION,1833,Chonique Sneed,Staging,9.0,9153
Sydney,2026-06-20,The Hordern Pavillion,2,1,1MILLION,1833,Chonique Sneed,Musicality,8.0,9153
Sydney,2026-06-20,The Hordern Pavillion,2,1,1MILLION,1833,Chonique Sneed,Creativity,9.0,9153
Sydney,2026-06-20,The Hordern Pavillion,2,1,1MILLION,1833,Chonique Sneed,Stylistic Athleticism,9.0,9153
Sydney,2026-06-20,The Hordern Pavillion,2,1,1MILLION,1833,Chonique Sneed,Cleanliness,8.0,9153
Sydney,2026-06-20,The Hordern Pavillion,2,1,1MILLION,1833,Chonique Sneed,Technical Execution + Authenticity,9.0,9153
Sydney,2026-06-20,The Hordern Pavillion,2,1,1MILLION,1833,Chonique Sneed,Spacing,9.0,9153
Sydney,2026-06-20,The Hordern Pavillion,2,1,1MILLION,1833,Chonique Sneed,Projection/Communication,9.0,9153
Sydney,2026-06-20,The Hordern Pavillion,2,1,1MILLION,1833,Chonique Sneed,Stamina,10.0,9153
Sydney,2026-06-20,The Hordern Pavillion,2,1,BROTHERHOOD,6339,Arnel Calvario,Choreography Complexity,9.0,9153
Sydney,2026-06-20,The Hordern Pavillion,2,1,BROTHERHOOD,6339,Arnel Calvario,Staging,10.0,9153
Sydney,2026-06-20,The Hordern Pavillion,2,1,BROTHERHOOD,6339,Arnel Calvario,Musicality,9.0,9153
Sydney,2026-06-20,The Hordern Pavillion,2,1,BROTHERHOOD,6339,Arnel Calvario,Creativity,8.0,9153
Sydney,2026-06-20,The Hordern Pavillion,2,1,BROTHERHOOD,6339,Arnel Calvario,Stylistic Athleticism,9.0,9153
Sydney,2026-06-20,The Hordern Pavillion,2,1,BROTHERHOOD,6339,Arnel Calvario,Cleanliness,9.0,9153
Sydney,2026-06-20,The Hordern Pavillion,2,1,BROTHERHOOD,6339,Arnel Calvario,Technical Execution + Authenticity,9.0,9153
Sydney,2026-06-20,The Hordern Pavillion,2,1,BROTHERHOOD,6339,Arnel Calvario,Spacing,9.0,9153
Sydney,2026-06-20,The Hordern Pavillion,2,1,BROTHERHOOD,6339,Arnel Calvario,Projection/Communication,10.0,9153
Sydney,2026-06-20,The Hordern Pavillion,2,1,BROTHERHOOD,6339,Arnel Calvario,Stamina,10.0,9153
Sydney,2026-06-20,The Hordern Pavillion,2,1,GRV,981,Arnel Calvario,Choreography Complexity,10.0,9153
Sydney,2026-06-20,The Hordern Pavillion,2,1,GRV,981,Arnel Calvario,Staging,9.0,9153
Sydney,2026-06-20,The Hordern Pavillion,2,1,GRV,981,Arnel Calvario,Musicality,10.0,9153
Sydney,2026-06-20,The Hordern Pavillion,2,1,GRV,981,Arnel Calvario,Creativity,9.0,9153
Sydney,2026-06-20,The Hordern Pavillion,2,1,GRV,981,Arnel Calvario,Stylistic Athleticism,9.0,9153
Sydney,2026-06-20,The Hordern Pavillion,2,1,GRV,981,Arnel Calvario,Cleanliness,9.0,9153
Sydney,2026-06-20,The Hordern Pavillion,2,1,GRV,981,Arnel Calvario,Technical Execution + Authenticity,9.0,9153
Sydney,2026-06-20,The Hordern Pavillion,2,1,GRV,981,Arnel Calvario,Spacing,8.0,9153
Sydney,2026-06-20,The Hordern Pavillion,2,1,GRV,981,Arnel Calvario,Projection/Communication,10.0,9153
Sydney,2026-06-20,The Hordern Pavillion,2,1,GRV,981,Arnel Calvario,Stamina,10.0,9153
Sydney,2026-06-20,The Hordern Pavillion,2,1,1MILLION,1833,Arnel Calvario,Choreography Complexity,8.0,9153
Sydney,2026-06-20,The Hordern Pavillion,2,1,1MILLION,1833,Arnel Calvario,Staging,9.0,9153
Sydney,2026-06-20,The Hordern Pavillion,2,1,1MILLION,1833,Arnel Calvario,Musicality,9.0,9153
Sydney,2026-06-20,The Hordern Pavillion,2,1,1MILLION,1833,Arnel Calvario,Creativity,9.0,9153
Sydney,2026-06-20,The Hordern Pavillion,2,1,1MILLION,1833,Arnel Calvario,Stylistic Athleticism,9.0,9153
Sydney,2026-06-20,The Hordern Pavillion,2,1,1MILLION,1833,Arnel Calvario,Cleanliness,8.0,9153
Sydney,2026-06-20,The Hordern Pavillion,2,1,1MILLION,1833,Arnel Calvario,Technical Execution + Authenticity,9.0,9153
Sydney,2026-06-20,The Hordern Pavillion,2,1,1MILLION,1833,Arnel Calvario,Spacing,10.0,9153
Sydney,2026-06-20,The Hordern Pavillion,2,1,1MILLION,1833,Arnel Calvario,Projection/Communication,10.0,9153
Sydney,2026-06-20,The Hordern Pavillion,2,1,1MILLION,1833,Arnel Calvario,Stamina,10.0,9153
Seoul,2026-08-01,Kyung Hee University Peace Hall,1,1,GRV,2208,Haeni Kim,Choreography Complexity,9.5,9504
Seoul,2026-08-01,Kyung Hee University Peace Hall,1,1,GRV,2208,Haeni Kim,Staging,7.5,9504
Seoul,2026-08-01,Kyung Hee University Peace Hall,1,1,GRV,2208,Haeni Kim,Musicality,9.0,9504
Seoul,2026-08-01,Kyung Hee University Peace Hall,1,1,GRV,2208,Haeni Kim,Creativity,7.0,9504
Seoul,2026-08-01,Kyung Hee University Peace Hall,1,1,GRV,2208,Haeni Kim,Stylistic Athleticism,8.0,9504
Seoul,2026-08-01,Kyung Hee University Peace Hall,1,1,GRV,2208,Haeni Kim,Cleanliness,8.5,9504
Seoul,2026-08-01,Kyung Hee University Peace Hall,1,1,GRV,2208,Haeni Kim,Technical Execution + Authenticity,7.0,9504
Seoul,2026-08-01,Kyung Hee University Peace Hall,1,1,GRV,2208,Haeni Kim,Spacing,7.5,9504
Seoul,2026-08-01,Kyung Hee University Peace Hall,1,1,GRV,2208,Haeni Kim,Projection/Communication,8.0,9504
Seoul,2026-08-01,Kyung Hee University Peace Hall,1,1,GRV,2208,Haeni Kim,Stamina,8.0,9504
Seoul,2026-08-01,Kyung Hee University Peace Hall,1,1,ROYAL FAMILY,7296,Haeni Kim,Choreography Complexity,8.5,9504
Seoul,2026-08-01,Kyung Hee University Peace Hall,1,1,ROYAL FAMILY,7296,Haeni Kim,Staging,8.0,9504
Seoul,2026-08-01,Kyung Hee University Peace Hall,1,1,ROYAL FAMILY,7296,Haeni Kim,Musicality,9.0,9504
Seoul,2026-08-01,Kyung Hee University Peace Hall,1,1,ROYAL FAMILY,7296,Haeni Kim,Creativity,6.5,9504
Seoul,2026-08-01,Kyung Hee University Peace Hall,1,1,ROYAL FAMILY,7296,Haeni Kim,Stylistic Athleticism,8.0,9504
Seoul,2026-08-01,Kyung Hee University Peace Hall,1,1,ROYAL FAMILY,7296,Haeni Kim,Cleanliness,8.0,9504
Seoul,2026-08-01,Kyung Hee University Peace Hall,1,1,ROYAL FAMILY,7296,Haeni Kim,Technical Execution + Authenticity,7.5,9504
Seoul,2026-08-01,Kyung Hee University Peace Hall,1,1,ROYAL FAMILY,7296,Haeni Kim,Spacing,8.5,9504
Seoul,2026-08-01,Kyung Hee University Peace Hall,1,1,ROYAL FAMILY,7296,Haeni Kim,Projection/Communication,9.5,9504
Seoul,2026-08-01,Kyung Hee University Peace Hall,1,1,ROYAL FAMILY,7296,Haeni Kim,Stamina,9.5,9504
Seoul,2026-08-01,Kyung Hee University Peace Hall,1,1,GRV,2208,Amari Marshall,Choreography Complexity,9.0,9504
Seoul,2026-08-01,Kyung Hee University Peace Hall,1,1,GRV,2208,Amari Marshall,Staging,8.0,9504
Seoul,2026-08-01,Kyung Hee University Peace Hall,1,1,GRV,2208,Amari Marshall,Musicality,8.5,9504
Seoul,2026-08-01,Kyung Hee University Peace Hall,1,1,GRV,2208,Amari Marshall,Creativity,7.5,9504
Seoul,2026-08-01,Kyung Hee University Peace Hall,1,1,GRV,2208,Amari Marshall,Stylistic Athleticism,8.0,9504
Seoul,2026-08-01,Kyung Hee University Peace Hall,1,1,GRV,2208,Amari Marshall,Cleanliness,8.0,9504
Seoul,2026-08-01,Kyung Hee University Peace Hall,1,1,GRV,2208,Amari Marshall,Technical Execution + Authenticity,8.5,9504
Seoul,2026-08-01,Kyung Hee University Peace Hall,1,1,GRV,2208,Amari Marshall,Spacing,8.0,9504
Seoul,2026-08-01,Kyung Hee University Peace Hall,1,1,GRV,2208,Amari Marshall,Projection/Communication,8.5,9504
Seoul,2026-08-01,Kyung Hee University Peace Hall,1,1,GRV,2208,Amari Marshall,Stamina,8.5,9504
Seoul,2026-08-01,Kyung Hee University Peace Hall,1,1,ROYAL FAMILY,7296,Amari Marshall,Choreography Complexity,9.0,9504
Seoul,2026-08-01,Kyung Hee University Peace Hall,1,1,ROYAL FAMILY,7296,Amari Marshall,Staging,9.0,9504
Seoul,2026-08-01,Kyung Hee University Peace Hall,1,1,ROYAL FAMILY,7296,Amari Marshall,Musicality,9.0,9504
Seoul,2026-08-01,Kyung Hee University Peace Hall,1,1,ROYAL FAMILY,7296,Amari Marshall,Creativity,9.0,9504
Seoul,2026-08-01,Kyung Hee University Peace Hall,1,1,ROYAL FAMILY,7296,Amari Marshall,Stylistic Athleticism,9.0,9504
Seoul,2026-08-01,Kyung Hee University Peace Hall,1,1,ROYAL FAMILY,7296,Amari Marshall,Cleanliness,8.5,9504
Seoul,2026-08-01,Kyung Hee University Peace Hall,1,1,ROYAL FAMILY,7296,Amari Marshall,Technical Execution + Authenticity,8.5,9504
Seoul,2026-08-01,Kyung Hee University Peace Hall,1,1,ROYAL FAMILY,7296,Amari Marshall,Spacing,8.0,9504
Seoul,2026-08-01,Kyung Hee University Peace Hall,1,1,ROYAL FAMILY,7296,Amari Marshall,Projection/Communication,9.0,9504
Seoul,2026-08-01,Kyung Hee University Peace Hall,1,1,ROYAL FAMILY,7296,Amari Marshall,Stamina,9.5,9504
Seoul,2026-08-01,Kyung Hee University Peace Hall,1,1,GRV,2208,Cheyenne Kibblewhite,Choreography Complexity,8.5,9504
Seoul,2026-08-01,Kyung Hee University Peace Hall,1,1,GRV,2208,Cheyenne Kibblewhite,Staging,8.5,9504
Seoul,2026-08-01,Kyung Hee University Peace Hall,1,1,GRV,2208,Cheyenne Kibblewhite,Musicality,9.0,9504
Seoul,2026-08-01,Kyung Hee University Peace Hall,1,1,GRV,2208,Cheyenne Kibblewhite,Creativity,8.0,9504
Seoul,2026-08-01,Kyung Hee University Peace Hall,1,1,GRV,2208,Cheyenne Kibblewhite,Stylistic Athleticism,9.0,9504
Seoul,2026-08-01,Kyung Hee University Peace Hall,1,1,GRV,2208,Cheyenne Kibblewhite,Cleanliness,8.5,9504
Seoul,2026-08-01,Kyung Hee University Peace Hall,1,1,GRV,2208,Cheyenne Kibblewhite,Technical Execution + Authenticity,8.5,9504
Seoul,2026-08-01,Kyung Hee University Peace Hall,1,1,GRV,2208,Cheyenne Kibblewhite,Spacing,9.0,9504
Seoul,2026-08-01,Kyung Hee University Peace Hall,1,1,GRV,2208,Cheyenne Kibblewhite,Projection/Communication,9.0,9504
Seoul,2026-08-01,Kyung Hee University Peace Hall,1,1,GRV,2208,Cheyenne Kibblewhite,Stamina,9.0,9504
Seoul,2026-08-01,Kyung Hee University Peace Hall,1,1,ROYAL FAMILY,7296,Cheyenne Kibblewhite,Choreography Complexity,8.5,9504
Seoul,2026-08-01,Kyung Hee University Peace Hall,1,1,ROYAL FAMILY,7296,Cheyenne Kibblewhite,Staging,9.0,9504
Seoul,2026-08-01,Kyung Hee University Peace Hall,1,1,ROYAL FAMILY,7296,Cheyenne Kibblewhite,Musicality,8.5,9504
Seoul,2026-08-01,Kyung Hee University Peace Hall,1,1,ROYAL FAMILY,7296,Cheyenne Kibblewhite,Creativity,8.5,9504
Seoul,2026-08-01,Kyung Hee University Peace Hall,1,1,ROYAL FAMILY,7296,Cheyenne Kibblewhite,Stylistic Athleticism,8.5,9504
Seoul,2026-08-01,Kyung Hee University Peace Hall,1,1,ROYAL FAMILY,7296,Cheyenne Kibblewhite,Cleanliness,9.0,9504
Seoul,2026-08-01,Kyung Hee University Peace Hall,1,1,ROYAL FAMILY,7296,Cheyenne Kibblewhite,Technical Execution + Authenticity,9.0,9504
Seoul,2026-08-01,Kyung Hee University Peace Hall,1,1,ROYAL FAMILY,7296,Cheyenne Kibblewhite,Spacing,9.0,9504
Seoul,2026-08-01,Kyung Hee University Peace Hall,1,1,ROYAL FAMILY,7296,Cheyenne Kibblewhite,Projection/Communication,9.0,9504
Seoul,2026-08-01,Kyung Hee University Peace Hall,1,1,ROYAL FAMILY,7296,Cheyenne Kibblewhite,Stamina,9.5,9504
Seoul,2026-08-01,Kyung Hee University Peace Hall,1,1,GRV,2208,Comfort Fedoke,Choreography Complexity,8.0,9504
Seoul,2026-08-01,Kyung Hee University Peace Hall,1,1,GRV,2208,Comfort Fedoke,Staging,8.5,9504
Seoul,2026-08-01,Kyung Hee University Peace Hall,1,1,GRV,2208,Comfort Fedoke,Musicality,8.0,9504
Seoul,2026-08-01,Kyung Hee University Peace Hall,1,1,GRV,2208,Comfort Fedoke,Creativity,7.5,9504
Seoul,2026-08-01,Kyung Hee University Peace Hall,1,1,GRV,2208,Comfort Fedoke,Stylistic Athleticism,7.5,9504
Seoul,2026-08-01,Kyung Hee University Peace Hall,1,1,GRV,2208,Comfort Fedoke,Cleanliness,8.0,9504
Seoul,2026-08-01,Kyung Hee University Peace Hall,1,1,GRV,2208,Comfort Fedoke,Technical Execution + Authenticity,7.5,9504
Seoul,2026-08-01,Kyung Hee University Peace Hall,1,1,GRV,2208,Comfort Fedoke,Spacing,8.5,9504
Seoul,2026-08-01,Kyung Hee University Peace Hall,1,1,GRV,2208,Comfort Fedoke,Projection/Communication,9.0,9504
Seoul,2026-08-01,Kyung Hee University Peace Hall,1,1,GRV,2208,Comfort Fedoke,Stamina,8.5,9504
Seoul,2026-08-01,Kyung Hee University Peace Hall,1,1,ROYAL FAMILY,7296,Comfort Fedoke,Choreography Complexity,9.0,9504
Seoul,2026-08-01,Kyung Hee University Peace Hall,1,1,ROYAL FAMILY,7296,Comfort Fedoke,Staging,8.5,9504
Seoul,2026-08-01,Kyung Hee University Peace Hall,1,1,ROYAL FAMILY,7296,Comfort Fedoke,Musicality,9.0,9504
Seoul,2026-08-01,Kyung Hee University Peace Hall,1,1,ROYAL FAMILY,7296,Comfort Fedoke,Creativity,9.0,9504
Seoul,2026-08-01,Kyung Hee University Peace Hall,1,1,ROYAL FAMILY,7296,Comfort Fedoke,Stylistic Athleticism,9.0,9504
Seoul,2026-08-01,Kyung Hee University Peace Hall,1,1,ROYAL FAMILY,7296,Comfort Fedoke,Cleanliness,9.0,9504
Seoul,2026-08-01,Kyung Hee University Peace Hall,1,1,ROYAL FAMILY,7296,Comfort Fedoke,Technical Execution + Authenticity,9.0,9504
Seoul,2026-08-01,Kyung Hee University Peace Hall,1,1,ROYAL FAMILY,7296,Comfort Fedoke,Spacing,8.5,9504
Seoul,2026-08-01,Kyung Hee University Peace Hall,1,1,ROYAL FAMILY,7296,Comfort Fedoke,Projection/Communication,9.0,9504
Seoul,2026-08-01,Kyung Hee University Peace Hall,1,1,ROYAL FAMILY,7296,Comfort Fedoke,Stamina,9.0,9504
Seoul,2026-08-01,Kyung Hee University Peace Hall,1,1,GRV,2208,Gina Michael,Choreography Complexity,8.0,9504
Seoul,2026-08-01,Kyung Hee University Peace Hall,1,1,GRV,2208,Gina Michael,Staging,8.0,9504
Seoul,2026-08-01,Kyung Hee University Peace Hall,1,1,GRV,2208,Gina Michael,Musicality,9.5,9504
Seoul,2026-08-01,Kyung Hee University Peace Hall,1,1,GRV,2208,Gina Michael,Creativity,8.5,9504
Seoul,2026-08-01,Kyung Hee University Peace Hall,1,1,GRV,2208,Gina Michael,Stylistic Athleticism,8.5,9504
Seoul,2026-08-01,Kyung Hee University Peace Hall,1,1,GRV,2208,Gina Michael,Cleanliness,9.5,9504
Seoul,2026-08-01,Kyung Hee University Peace Hall,1,1,GRV,2208,Gina Michael,Technical Execution + Authenticity,8.5,9504
Seoul,2026-08-01,Kyung Hee University Peace Hall,1,1,GRV,2208,Gina Michael,Spacing,9.0,9504
Seoul,2026-08-01,Kyung Hee University Peace Hall,1,1,GRV,2208,Gina Michael,Projection/Communication,8.5,9504
Seoul,2026-08-01,Kyung Hee University Peace Hall,1,1,GRV,2208,Gina Michael,Stamina,9.5,9504
Seoul,2026-08-01,Kyung Hee University Peace Hall,1,1,ROYAL FAMILY,7296,Gina Michael,Choreography Complexity,8.5,9504
Seoul,2026-08-01,Kyung Hee University Peace Hall,1,1,ROYAL FAMILY,7296,Gina Michael,Staging,9.0,9504
Seoul,2026-08-01,Kyung Hee University Peace Hall,1,1,ROYAL FAMILY,7296,Gina Michael,Musicality,9.0,9504
Seoul,2026-08-01,Kyung Hee University Peace Hall,1,1,ROYAL FAMILY,7296,Gina Michael,Creativity,9.0,9504
Seoul,2026-08-01,Kyung Hee University Peace Hall,1,1,ROYAL FAMILY,7296,Gina Michael,Stylistic Athleticism,8.5,9504
Seoul,2026-08-01,Kyung Hee University Peace Hall,1,1,ROYAL FAMILY,7296,Gina Michael,Cleanliness,9.0,9504
Seoul,2026-08-01,Kyung Hee University Peace Hall,1,1,ROYAL FAMILY,7296,Gina Michael,Technical Execution + Authenticity,9.0,9504
Seoul,2026-08-01,Kyung Hee University Peace Hall,1,1,ROYAL FAMILY,7296,Gina Michael,Spacing,8.0,9504
Seoul,2026-08-01,Kyung Hee University Peace Hall,1,1,ROYAL FAMILY,7296,Gina Michael,Projection/Communication,8.5,9504
Seoul,2026-08-01,Kyung Hee University Peace Hall,1,1,ROYAL FAMILY,7296,Gina Michael,Stamina,9.5,9504
Seoul,2026-08-01,Kyung Hee University Peace Hall,1,1,GRV,2208,Nicolas Begin,Choreography Complexity,8.0,9504
Seoul,2026-08-01,Kyung Hee University Peace Hall,1,1,GRV,2208,Nicolas Begin,Staging,8.5,9504
Seoul,2026-08-01,Kyung Hee University Peace Hall,1,1,GRV,2208,Nicolas Begin,Musicality,8.5,9504
Seoul,2026-08-01,Kyung Hee University Peace Hall,1,1,GRV,2208,Nicolas Begin,Creativity,8.5,9504
Seoul,2026-08-01,Kyung Hee University Peace Hall,1,1,GRV,2208,Nicolas Begin,Stylistic Athleticism,9.0,9504
Seoul,2026-08-01,Kyung Hee University Peace Hall,1,1,GRV,2208,Nicolas Begin,Cleanliness,8.5,9504
Seoul,2026-08-01,Kyung Hee University Peace Hall,1,1,GRV,2208,Nicolas Begin,Technical Execution + Authenticity,8.5,9504
Seoul,2026-08-01,Kyung Hee University Peace Hall,1,1,GRV,2208,Nicolas Begin,Spacing,9.0,9504
Seoul,2026-08-01,Kyung Hee University Peace Hall,1,1,GRV,2208,Nicolas Begin,Projection/Communication,9.0,9504
Seoul,2026-08-01,Kyung Hee University Peace Hall,1,1,GRV,2208,Nicolas Begin,Stamina,9.0,9504
Seoul,2026-08-01,Kyung Hee University Peace Hall,1,1,ROYAL FAMILY,7296,Nicolas Begin,Choreography Complexity,8.5,9504
Seoul,2026-08-01,Kyung Hee University Peace Hall,1,1,ROYAL FAMILY,7296,Nicolas Begin,Staging,8.5,9504
Seoul,2026-08-01,Kyung Hee University Peace Hall,1,1,ROYAL FAMILY,7296,Nicolas Begin,Musicality,8.0,9504
Seoul,2026-08-01,Kyung Hee University Peace Hall,1,1,ROYAL FAMILY,7296,Nicolas Begin,Creativity,9.0,9504
Seoul,2026-08-01,Kyung Hee University Peace Hall,1,1,ROYAL FAMILY,7296,Nicolas Begin,Stylistic Athleticism,9.5,9504
Seoul,2026-08-01,Kyung Hee University Peace Hall,1,1,ROYAL FAMILY,7296,Nicolas Begin,Cleanliness,9.5,9504
Seoul,2026-08-01,Kyung Hee University Peace Hall,1,1,ROYAL FAMILY,7296,Nicolas Begin,Technical Execution + Authenticity,8.5,9504
Seoul,2026-08-01,Kyung Hee University Peace Hall,1,1,ROYAL FAMILY,7296,Nicolas Begin,Spacing,9.0,9504
Seoul,2026-08-01,Kyung Hee University Peace Hall,1,1,ROYAL FAMILY,7296,Nicolas Begin,Projection/Communication,9.5,9504
Seoul,2026-08-01,Kyung Hee University Peace Hall,1,1,ROYAL FAMILY,7296,Nicolas Begin,Stamina,10.0,9504
Seoul,2026-08-01,Kyung Hee University Peace Hall,1,2,BROTHERHOOD,8197,Haeni Kim,Choreography Complexity,9.0,10826
Seoul,2026-08-01,Kyung Hee University Peace Hall,1,2,BROTHERHOOD,8197,Haeni Kim,Staging,9.0,10826
Seoul,2026-08-01,Kyung Hee University Peace Hall,1,2,BROTHERHOOD,8197,Haeni Kim,Musicality,8.5,10826
Seoul,2026-08-01,Kyung Hee University Peace Hall,1,2,BROTHERHOOD,8197,Haeni Kim,Creativity,8.5,10826
Seoul,2026-08-01,Kyung Hee University Peace Hall,1,2,BROTHERHOOD,8197,Haeni Kim,Stylistic Athleticism,8.0,10826
Seoul,2026-08-01,Kyung Hee University Peace Hall,1,2,BROTHERHOOD,8197,Haeni Kim,Cleanliness,7.5,10826
Seoul,2026-08-01,Kyung Hee University Peace Hall,1,2,BROTHERHOOD,8197,Haeni Kim,Technical Execution + Authenticity,8.5,10826
Seoul,2026-08-01,Kyung Hee University Peace Hall,1,2,BROTHERHOOD,8197,Haeni Kim,Spacing,8.5,10826
Seoul,2026-08-01,Kyung Hee University Peace Hall,1,2,BROTHERHOOD,8197,Haeni Kim,Projection/Communication,10.0,10826
Seoul,2026-08-01,Kyung Hee University Peace Hall,1,2,BROTHERHOOD,8197,Haeni Kim,Stamina,9.5,10826
Seoul,2026-08-01,Kyung Hee University Peace Hall,1,2,QUICK STYLE,2629,Haeni Kim,Choreography Complexity,9.0,10826
Seoul,2026-08-01,Kyung Hee University Peace Hall,1,2,QUICK STYLE,2629,Haeni Kim,Staging,8.5,10826
Seoul,2026-08-01,Kyung Hee University Peace Hall,1,2,QUICK STYLE,2629,Haeni Kim,Musicality,8.5,10826
Seoul,2026-08-01,Kyung Hee University Peace Hall,1,2,QUICK STYLE,2629,Haeni Kim,Creativity,8.5,10826
Seoul,2026-08-01,Kyung Hee University Peace Hall,1,2,QUICK STYLE,2629,Haeni Kim,Stylistic Athleticism,6.5,10826
Seoul,2026-08-01,Kyung Hee University Peace Hall,1,2,QUICK STYLE,2629,Haeni Kim,Cleanliness,7.0,10826
Seoul,2026-08-01,Kyung Hee University Peace Hall,1,2,QUICK STYLE,2629,Haeni Kim,Technical Execution + Authenticity,9.0,10826
Seoul,2026-08-01,Kyung Hee University Peace Hall,1,2,QUICK STYLE,2629,Haeni Kim,Spacing,8.5,10826
Seoul,2026-08-01,Kyung Hee University Peace Hall,1,2,QUICK STYLE,2629,Haeni Kim,Projection/Communication,10.0,10826
Seoul,2026-08-01,Kyung Hee University Peace Hall,1,2,QUICK STYLE,2629,Haeni Kim,Stamina,9.5,10826
Seoul,2026-08-01,Kyung Hee University Peace Hall,1,2,BROTHERHOOD,8197,Amari Marshall,Choreography Complexity,9.0,10826
Seoul,2026-08-01,Kyung Hee University Peace Hall,1,2,BROTHERHOOD,8197,Amari Marshall,Staging,8.5,10826
Seoul,2026-08-01,Kyung Hee University Peace Hall,1,2,BROTHERHOOD,8197,Amari Marshall,Musicality,8.5,10826
Seoul,2026-08-01,Kyung Hee University Peace Hall,1,2,BROTHERHOOD,8197,Amari Marshall,Creativity,8.5,10826
Seoul,2026-08-01,Kyung Hee University Peace Hall,1,2,BROTHERHOOD,8197,Amari Marshall,Stylistic Athleticism,9.0,10826
Seoul,2026-08-01,Kyung Hee University Peace Hall,1,2,BROTHERHOOD,8197,Amari Marshall,Cleanliness,9.0,10826
Seoul,2026-08-01,Kyung Hee University Peace Hall,1,2,BROTHERHOOD,8197,Amari Marshall,Technical Execution + Authenticity,7.5,10826
Seoul,2026-08-01,Kyung Hee University Peace Hall,1,2,BROTHERHOOD,8197,Amari Marshall,Spacing,8.0,10826
Seoul,2026-08-01,Kyung Hee University Peace Hall,1,2,BROTHERHOOD,8197,Amari Marshall,Projection/Communication,9.0,10826
Seoul,2026-08-01,Kyung Hee University Peace Hall,1,2,BROTHERHOOD,8197,Amari Marshall,Stamina,9.0,10826
Seoul,2026-08-01,Kyung Hee University Peace Hall,1,2,QUICK STYLE,2629,Amari Marshall,Choreography Complexity,8.5,10826
Seoul,2026-08-01,Kyung Hee University Peace Hall,1,2,QUICK STYLE,2629,Amari Marshall,Staging,8.0,10826
Seoul,2026-08-01,Kyung Hee University Peace Hall,1,2,QUICK STYLE,2629,Amari Marshall,Musicality,9.0,10826
Seoul,2026-08-01,Kyung Hee University Peace Hall,1,2,QUICK STYLE,2629,Amari Marshall,Creativity,8.5,10826
Seoul,2026-08-01,Kyung Hee University Peace Hall,1,2,QUICK STYLE,2629,Amari Marshall,Stylistic Athleticism,8.0,10826
Seoul,2026-08-01,Kyung Hee University Peace Hall,1,2,QUICK STYLE,2629,Amari Marshall,Cleanliness,7.5,10826
Seoul,2026-08-01,Kyung Hee University Peace Hall,1,2,QUICK STYLE,2629,Amari Marshall,Technical Execution + Authenticity,8.0,10826
Seoul,2026-08-01,Kyung Hee University Peace Hall,1,2,QUICK STYLE,2629,Amari Marshall,Spacing,7.5,10826
Seoul,2026-08-01,Kyung Hee University Peace Hall,1,2,QUICK STYLE,2629,Amari Marshall,Projection/Communication,8.5,10826
Seoul,2026-08-01,Kyung Hee University Peace Hall,1,2,QUICK STYLE,2629,Amari Marshall,Stamina,8.5,10826
Seoul,2026-08-01,Kyung Hee University Peace Hall,1,2,BROTHERHOOD,8197,Cheyenne Kibblewhite,Choreography Complexity,9.0,10826
Seoul,2026-08-01,Kyung Hee University Peace Hall,1,2,BROTHERHOOD,8197,Cheyenne Kibblewhite,Staging,9.0,10826
Seoul,2026-08-01,Kyung Hee University Peace Hall,1,2,BROTHERHOOD,8197,Cheyenne Kibblewhite,Musicality,9.0,10826
Seoul,2026-08-01,Kyung Hee University Peace Hall,1,2,BROTHERHOOD,8197,Cheyenne Kibblewhite,Creativity,8.5,10826
Seoul,2026-08-01,Kyung Hee University Peace Hall,1,2,BROTHERHOOD,8197,Cheyenne Kibblewhite,Stylistic Athleticism,9.0,10826
Seoul,2026-08-01,Kyung Hee University Peace Hall,1,2,BROTHERHOOD,8197,Cheyenne Kibblewhite,Cleanliness,9.0,10826
Seoul,2026-08-01,Kyung Hee University Peace Hall,1,2,BROTHERHOOD,8197,Cheyenne Kibblewhite,Technical Execution + Authenticity,8.0,10826
Seoul,2026-08-01,Kyung Hee University Peace Hall,1,2,BROTHERHOOD,8197,Cheyenne Kibblewhite,Spacing,8.5,10826
Seoul,2026-08-01,Kyung Hee University Peace Hall,1,2,BROTHERHOOD,8197,Cheyenne Kibblewhite,Projection/Communication,9.0,10826
Seoul,2026-08-01,Kyung Hee University Peace Hall,1,2,BROTHERHOOD,8197,Cheyenne Kibblewhite,Stamina,9.5,10826
Seoul,2026-08-01,Kyung Hee University Peace Hall,1,2,QUICK STYLE,2629,Cheyenne Kibblewhite,Choreography Complexity,8.0,10826
Seoul,2026-08-01,Kyung Hee University Peace Hall,1,2,QUICK STYLE,2629,Cheyenne Kibblewhite,Staging,8.0,10826
Seoul,2026-08-01,Kyung Hee University Peace Hall,1,2,QUICK STYLE,2629,Cheyenne Kibblewhite,Musicality,8.0,10826
Seoul,2026-08-01,Kyung Hee University Peace Hall,1,2,QUICK STYLE,2629,Cheyenne Kibblewhite,Creativity,7.5,10826
Seoul,2026-08-01,Kyung Hee University Peace Hall,1,2,QUICK STYLE,2629,Cheyenne Kibblewhite,Stylistic Athleticism,8.5,10826
Seoul,2026-08-01,Kyung Hee University Peace Hall,1,2,QUICK STYLE,2629,Cheyenne Kibblewhite,Cleanliness,7.5,10826
Seoul,2026-08-01,Kyung Hee University Peace Hall,1,2,QUICK STYLE,2629,Cheyenne Kibblewhite,Technical Execution + Authenticity,8.0,10826
Seoul,2026-08-01,Kyung Hee University Peace Hall,1,2,QUICK STYLE,2629,Cheyenne Kibblewhite,Spacing,8.0,10826
Seoul,2026-08-01,Kyung Hee University Peace Hall,1,2,QUICK STYLE,2629,Cheyenne Kibblewhite,Projection/Communication,8.5,10826
Seoul,2026-08-01,Kyung Hee University Peace Hall,1,2,QUICK STYLE,2629,Cheyenne Kibblewhite,Stamina,9.0,10826
Seoul,2026-08-01,Kyung Hee University Peace Hall,1,2,BROTHERHOOD,8197,Comfort Fedoke,Choreography Complexity,8.5,10826
Seoul,2026-08-01,Kyung Hee University Peace Hall,1,2,BROTHERHOOD,8197,Comfort Fedoke,Staging,9.0,10826
Seoul,2026-08-01,Kyung Hee University Peace Hall,1,2,BROTHERHOOD,8197,Comfort Fedoke,Musicality,9.0,10826
Seoul,2026-08-01,Kyung Hee University Peace Hall,1,2,BROTHERHOOD,8197,Comfort Fedoke,Creativity,8.5,10826
Seoul,2026-08-01,Kyung Hee University Peace Hall,1,2,BROTHERHOOD,8197,Comfort Fedoke,Stylistic Athleticism,8.5,10826
Seoul,2026-08-01,Kyung Hee University Peace Hall,1,2,BROTHERHOOD,8197,Comfort Fedoke,Cleanliness,9.0,10826
Seoul,2026-08-01,Kyung Hee University Peace Hall,1,2,BROTHERHOOD,8197,Comfort Fedoke,Technical Execution + Authenticity,8.5,10826
Seoul,2026-08-01,Kyung Hee University Peace Hall,1,2,BROTHERHOOD,8197,Comfort Fedoke,Spacing,8.5,10826
Seoul,2026-08-01,Kyung Hee University Peace Hall,1,2,BROTHERHOOD,8197,Comfort Fedoke,Projection/Communication,9.0,10826
Seoul,2026-08-01,Kyung Hee University Peace Hall,1,2,BROTHERHOOD,8197,Comfort Fedoke,Stamina,9.0,10826
Seoul,2026-08-01,Kyung Hee University Peace Hall,1,2,QUICK STYLE,2629,Comfort Fedoke,Choreography Complexity,8.5,10826
Seoul,2026-08-01,Kyung Hee University Peace Hall,1,2,QUICK STYLE,2629,Comfort Fedoke,Staging,9.0,10826
Seoul,2026-08-01,Kyung Hee University Peace Hall,1,2,QUICK STYLE,2629,Comfort Fedoke,Musicality,8.5,10826
Seoul,2026-08-01,Kyung Hee University Peace Hall,1,2,QUICK STYLE,2629,Comfort Fedoke,Creativity,9.0,10826
Seoul,2026-08-01,Kyung Hee University Peace Hall,1,2,QUICK STYLE,2629,Comfort Fedoke,Stylistic Athleticism,8.0,10826
Seoul,2026-08-01,Kyung Hee University Peace Hall,1,2,QUICK STYLE,2629,Comfort Fedoke,Cleanliness,8.5,10826
Seoul,2026-08-01,Kyung Hee University Peace Hall,1,2,QUICK STYLE,2629,Comfort Fedoke,Technical Execution + Authenticity,8.0,10826
Seoul,2026-08-01,Kyung Hee University Peace Hall,1,2,QUICK STYLE,2629,Comfort Fedoke,Spacing,8.5,10826
Seoul,2026-08-01,Kyung Hee University Peace Hall,1,2,QUICK STYLE,2629,Comfort Fedoke,Projection/Communication,9.5,10826
Seoul,2026-08-01,Kyung Hee University Peace Hall,1,2,QUICK STYLE,2629,Comfort Fedoke,Stamina,9.0,10826
Seoul,2026-08-01,Kyung Hee University Peace Hall,1,2,BROTHERHOOD,8197,Gina Michael,Choreography Complexity,9.0,10826
Seoul,2026-08-01,Kyung Hee University Peace Hall,1,2,BROTHERHOOD,8197,Gina Michael,Staging,8.5,10826
Seoul,2026-08-01,Kyung Hee University Peace Hall,1,2,BROTHERHOOD,8197,Gina Michael,Musicality,9.0,10826
Seoul,2026-08-01,Kyung Hee University Peace Hall,1,2,BROTHERHOOD,8197,Gina Michael,Creativity,8.0,10826
Seoul,2026-08-01,Kyung Hee University Peace Hall,1,2,BROTHERHOOD,8197,Gina Michael,Stylistic Athleticism,8.0,10826
Seoul,2026-08-01,Kyung Hee University Peace Hall,1,2,BROTHERHOOD,8197,Gina Michael,Cleanliness,9.0,10826
Seoul,2026-08-01,Kyung Hee University Peace Hall,1,2,BROTHERHOOD,8197,Gina Michael,Technical Execution + Authenticity,9.0,10826
Seoul,2026-08-01,Kyung Hee University Peace Hall,1,2,BROTHERHOOD,8197,Gina Michael,Spacing,9.0,10826
Seoul,2026-08-01,Kyung Hee University Peace Hall,1,2,BROTHERHOOD,8197,Gina Michael,Projection/Communication,8.5,10826
Seoul,2026-08-01,Kyung Hee University Peace Hall,1,2,BROTHERHOOD,8197,Gina Michael,Stamina,9.5,10826
Seoul,2026-08-01,Kyung Hee University Peace Hall,1,2,QUICK STYLE,2629,Gina Michael,Choreography Complexity,8.5,10826
Seoul,2026-08-01,Kyung Hee University Peace Hall,1,2,QUICK STYLE,2629,Gina Michael,Staging,8.5,10826
Seoul,2026-08-01,Kyung Hee University Peace Hall,1,2,QUICK STYLE,2629,Gina Michael,Musicality,9.0,10826
Seoul,2026-08-01,Kyung Hee University Peace Hall,1,2,QUICK STYLE,2629,Gina Michael,Creativity,8.5,10826
Seoul,2026-08-01,Kyung Hee University Peace Hall,1,2,QUICK STYLE,2629,Gina Michael,Stylistic Athleticism,8.0,10826
Seoul,2026-08-01,Kyung Hee University Peace Hall,1,2,QUICK STYLE,2629,Gina Michael,Cleanliness,8.0,10826
Seoul,2026-08-01,Kyung Hee University Peace Hall,1,2,QUICK STYLE,2629,Gina Michael,Technical Execution + Authenticity,9.0,10826
Seoul,2026-08-01,Kyung Hee University Peace Hall,1,2,QUICK STYLE,2629,Gina Michael,Spacing,8.5,10826
Seoul,2026-08-01,Kyung Hee University Peace Hall,1,2,QUICK STYLE,2629,Gina Michael,Projection/Communication,9.0,10826
Seoul,2026-08-01,Kyung Hee University Peace Hall,1,2,QUICK STYLE,2629,Gina Michael,Stamina,9.0,10826
Seoul,2026-08-01,Kyung Hee University Peace Hall,1,2,BROTHERHOOD,8197,Nicolas Begin,Choreography Complexity,8.5,10826
Seoul,2026-08-01,Kyung Hee University Peace Hall,1,2,BROTHERHOOD,8197,Nicolas Begin,Staging,9.0,10826
Seoul,2026-08-01,Kyung Hee University Peace Hall,1,2,BROTHERHOOD,8197,Nicolas Begin,Musicality,8.5,10826
Seoul,2026-08-01,Kyung Hee University Peace Hall,1,2,BROTHERHOOD,8197,Nicolas Begin,Creativity,8.5,10826
Seoul,2026-08-01,Kyung Hee University Peace Hall,1,2,BROTHERHOOD,8197,Nicolas Begin,Stylistic Athleticism,9.0,10826
Seoul,2026-08-01,Kyung Hee University Peace Hall,1,2,BROTHERHOOD,8197,Nicolas Begin,Cleanliness,10.0,10826
Seoul,2026-08-01,Kyung Hee University Peace Hall,1,2,BROTHERHOOD,8197,Nicolas Begin,Technical Execution + Authenticity,8.5,10826
Seoul,2026-08-01,Kyung Hee University Peace Hall,1,2,BROTHERHOOD,8197,Nicolas Begin,Spacing,9.0,10826
Seoul,2026-08-01,Kyung Hee University Peace Hall,1,2,BROTHERHOOD,8197,Nicolas Begin,Projection/Communication,10.0,10826
Seoul,2026-08-01,Kyung Hee University Peace Hall,1,2,BROTHERHOOD,8197,Nicolas Begin,Stamina,9.5,10826
Seoul,2026-08-01,Kyung Hee University Peace Hall,1,2,QUICK STYLE,2629,Nicolas Begin,Choreography Complexity,8.5,10826
Seoul,2026-08-01,Kyung Hee University Peace Hall,1,2,QUICK STYLE,2629,Nicolas Begin,Staging,8.5,10826
Seoul,2026-08-01,Kyung Hee University Peace Hall,1,2,QUICK STYLE,2629,Nicolas Begin,Musicality,9.5,10826
Seoul,2026-08-01,Kyung Hee University Peace Hall,1,2,QUICK STYLE,2629,Nicolas Begin,Creativity,9.0,10826
Seoul,2026-08-01,Kyung Hee University Peace Hall,1,2,QUICK STYLE,2629,Nicolas Begin,Stylistic Athleticism,8.0,10826
Seoul,2026-08-01,Kyung Hee University Peace Hall,1,2,QUICK STYLE,2629,Nicolas Begin,Cleanliness,8.5,10826
Seoul,2026-08-01,Kyung Hee University Peace Hall,1,2,QUICK STYLE,2629,Nicolas Begin,Technical Execution + Authenticity,9.0,10826
Seoul,2026-08-01,Kyung Hee University Peace Hall,1,2,QUICK STYLE,2629,Nicolas Begin,Spacing,8.5,10826
Seoul,2026-08-01,Kyung Hee University Peace Hall,1,2,QUICK STYLE,2629,Nicolas Begin,Projection/Communication,9.5,10826
Seoul,2026-08-01,Kyung Hee University Peace Hall,1,2,QUICK STYLE,2629,Nicolas Begin,Stamina,9.5,10826
Seoul,2026-08-01,Kyung Hee University Peace Hall,1,3,JAM REPUBLIC,4352,Haeni Kim,Choreography Complexity,9.5,10707
Seoul,2026-08-01,Kyung Hee University Peace Hall,1,3,JAM REPUBLIC,4352,Haeni Kim,Staging,8.0,10707
Seoul,2026-08-01,Kyung Hee University Peace Hall,1,3,JAM REPUBLIC,4352,Haeni Kim,Musicality,7.5,10707
Seoul,2026-08-01,Kyung Hee University Peace Hall,1,3,JAM REPUBLIC,4352,Haeni Kim,Creativity,7.0,10707
Seoul,2026-08-01,Kyung Hee University Peace Hall,1,3,JAM REPUBLIC,4352,Haeni Kim,Stylistic Athleticism,7.0,10707
Seoul,2026-08-01,Kyung Hee University Peace Hall,1,3,JAM REPUBLIC,4352,Haeni Kim,Cleanliness,8.5,10707
Seoul,2026-08-01,Kyung Hee University Peace Hall,1,3,JAM REPUBLIC,4352,Haeni Kim,Technical Execution + Authenticity,7.0,10707
Seoul,2026-08-01,Kyung Hee University Peace Hall,1,3,JAM REPUBLIC,4352,Haeni Kim,Spacing,7.5,10707
Seoul,2026-08-01,Kyung Hee University Peace Hall,1,3,JAM REPUBLIC,4352,Haeni Kim,Projection/Communication,9.0,10707
Seoul,2026-08-01,Kyung Hee University Peace Hall,1,3,JAM REPUBLIC,4352,Haeni Kim,Stamina,9.0,10707
Seoul,2026-08-01,Kyung Hee University Peace Hall,1,3,1MILLION,6355,Haeni Kim,Choreography Complexity,7.0,10707
Seoul,2026-08-01,Kyung Hee University Peace Hall,1,3,1MILLION,6355,Haeni Kim,Staging,9.5,10707
Seoul,2026-08-01,Kyung Hee University Peace Hall,1,3,1MILLION,6355,Haeni Kim,Musicality,7.5,10707
Seoul,2026-08-01,Kyung Hee University Peace Hall,1,3,1MILLION,6355,Haeni Kim,Creativity,9.0,10707
Seoul,2026-08-01,Kyung Hee University Peace Hall,1,3,1MILLION,6355,Haeni Kim,Stylistic Athleticism,7.0,10707
Seoul,2026-08-01,Kyung Hee University Peace Hall,1,3,1MILLION,6355,Haeni Kim,Cleanliness,8.5,10707
Seoul,2026-08-01,Kyung Hee University Peace Hall,1,3,1MILLION,6355,Haeni Kim,Technical Execution + Authenticity,9.0,10707
Seoul,2026-08-01,Kyung Hee University Peace Hall,1,3,1MILLION,6355,Haeni Kim,Spacing,9.0,10707
Seoul,2026-08-01,Kyung Hee University Peace Hall,1,3,1MILLION,6355,Haeni Kim,Projection/Communication,10.0,10707
Seoul,2026-08-01,Kyung Hee University Peace Hall,1,3,1MILLION,6355,Haeni Kim,Stamina,10.0,10707
Seoul,2026-08-01,Kyung Hee University Peace Hall,1,3,JAM REPUBLIC,4352,Amari Marshall,Choreography Complexity,8.0,10707
Seoul,2026-08-01,Kyung Hee University Peace Hall,1,3,JAM REPUBLIC,4352,Amari Marshall,Staging,8.0,10707
Seoul,2026-08-01,Kyung Hee University Peace Hall,1,3,JAM REPUBLIC,4352,Amari Marshall,Musicality,9.0,10707
Seoul,2026-08-01,Kyung Hee University Peace Hall,1,3,JAM REPUBLIC,4352,Amari Marshall,Creativity,7.5,10707
Seoul,2026-08-01,Kyung Hee University Peace Hall,1,3,JAM REPUBLIC,4352,Amari Marshall,Stylistic Athleticism,8.5,10707
Seoul,2026-08-01,Kyung Hee University Peace Hall,1,3,JAM REPUBLIC,4352,Amari Marshall,Cleanliness,9.0,10707
Seoul,2026-08-01,Kyung Hee University Peace Hall,1,3,JAM REPUBLIC,4352,Amari Marshall,Technical Execution + Authenticity,8.5,10707
Seoul,2026-08-01,Kyung Hee University Peace Hall,1,3,JAM REPUBLIC,4352,Amari Marshall,Spacing,8.5,10707
Seoul,2026-08-01,Kyung Hee University Peace Hall,1,3,JAM REPUBLIC,4352,Amari Marshall,Projection/Communication,8.5,10707
Seoul,2026-08-01,Kyung Hee University Peace Hall,1,3,JAM REPUBLIC,4352,Amari Marshall,Stamina,9.0,10707
Seoul,2026-08-01,Kyung Hee University Peace Hall,1,3,1MILLION,6355,Amari Marshall,Choreography Complexity,9.0,10707
Seoul,2026-08-01,Kyung Hee University Peace Hall,1,3,1MILLION,6355,Amari Marshall,Staging,9.0,10707
Seoul,2026-08-01,Kyung Hee University Peace Hall,1,3,1MILLION,6355,Amari Marshall,Musicality,9.0,10707
Seoul,2026-08-01,Kyung Hee University Peace Hall,1,3,1MILLION,6355,Amari Marshall,Creativity,9.0,10707
Seoul,2026-08-01,Kyung Hee University Peace Hall,1,3,1MILLION,6355,Amari Marshall,Stylistic Athleticism,8.5,10707
Seoul,2026-08-01,Kyung Hee University Peace Hall,1,3,1MILLION,6355,Amari Marshall,Cleanliness,8.0,10707
Seoul,2026-08-01,Kyung Hee University Peace Hall,1,3,1MILLION,6355,Amari Marshall,Technical Execution + Authenticity,8.5,10707
Seoul,2026-08-01,Kyung Hee University Peace Hall,1,3,1MILLION,6355,Amari Marshall,Spacing,8.5,10707
Seoul,2026-08-01,Kyung Hee University Peace Hall,1,3,1MILLION,6355,Amari Marshall,Projection/Communication,9.0,10707
Seoul,2026-08-01,Kyung Hee University Peace Hall,1,3,1MILLION,6355,Amari Marshall,Stamina,9.0,10707
Seoul,2026-08-01,Kyung Hee University Peace Hall,1,3,JAM REPUBLIC,4352,Cheyenne Kibblewhite,Choreography Complexity,9.0,10707
Seoul,2026-08-01,Kyung Hee University Peace Hall,1,3,JAM REPUBLIC,4352,Cheyenne Kibblewhite,Staging,8.5,10707
Seoul,2026-08-01,Kyung Hee University Peace Hall,1,3,JAM REPUBLIC,4352,Cheyenne Kibblewhite,Musicality,9.0,10707
Seoul,2026-08-01,Kyung Hee University Peace Hall,1,3,JAM REPUBLIC,4352,Cheyenne Kibblewhite,Creativity,8.5,10707
Seoul,2026-08-01,Kyung Hee University Peace Hall,1,3,JAM REPUBLIC,4352,Cheyenne Kibblewhite,Stylistic Athleticism,8.0,10707
Seoul,2026-08-01,Kyung Hee University Peace Hall,1,3,JAM REPUBLIC,4352,Cheyenne Kibblewhite,Cleanliness,8.5,10707
Seoul,2026-08-01,Kyung Hee University Peace Hall,1,3,JAM REPUBLIC,4352,Cheyenne Kibblewhite,Technical Execution + Authenticity,8.5,10707
Seoul,2026-08-01,Kyung Hee University Peace Hall,1,3,JAM REPUBLIC,4352,Cheyenne Kibblewhite,Spacing,8.0,10707
Seoul,2026-08-01,Kyung Hee University Peace Hall,1,3,JAM REPUBLIC,4352,Cheyenne Kibblewhite,Projection/Communication,8.5,10707
Seoul,2026-08-01,Kyung Hee University Peace Hall,1,3,JAM REPUBLIC,4352,Cheyenne Kibblewhite,Stamina,9.0,10707
Seoul,2026-08-01,Kyung Hee University Peace Hall,1,3,1MILLION,6355,Cheyenne Kibblewhite,Choreography Complexity,9.0,10707
Seoul,2026-08-01,Kyung Hee University Peace Hall,1,3,1MILLION,6355,Cheyenne Kibblewhite,Staging,9.0,10707
Seoul,2026-08-01,Kyung Hee University Peace Hall,1,3,1MILLION,6355,Cheyenne Kibblewhite,Musicality,8.5,10707
Seoul,2026-08-01,Kyung Hee University Peace Hall,1,3,1MILLION,6355,Cheyenne Kibblewhite,Creativity,8.5,10707
Seoul,2026-08-01,Kyung Hee University Peace Hall,1,3,1MILLION,6355,Cheyenne Kibblewhite,Stylistic Athleticism,9.0,10707
Seoul,2026-08-01,Kyung Hee University Peace Hall,1,3,1MILLION,6355,Cheyenne Kibblewhite,Cleanliness,9.0,10707
Seoul,2026-08-01,Kyung Hee University Peace Hall,1,3,1MILLION,6355,Cheyenne Kibblewhite,Technical Execution + Authenticity,9.0,10707
Seoul,2026-08-01,Kyung Hee University Peace Hall,1,3,1MILLION,6355,Cheyenne Kibblewhite,Spacing,8.5,10707
Seoul,2026-08-01,Kyung Hee University Peace Hall,1,3,1MILLION,6355,Cheyenne Kibblewhite,Projection/Communication,9.0,10707
Seoul,2026-08-01,Kyung Hee University Peace Hall,1,3,1MILLION,6355,Cheyenne Kibblewhite,Stamina,9.0,10707
Seoul,2026-08-01,Kyung Hee University Peace Hall,1,3,JAM REPUBLIC,4352,Comfort Fedoke,Choreography Complexity,8.5,10707
Seoul,2026-08-01,Kyung Hee University Peace Hall,1,3,JAM REPUBLIC,4352,Comfort Fedoke,Staging,9.0,10707
Seoul,2026-08-01,Kyung Hee University Peace Hall,1,3,JAM REPUBLIC,4352,Comfort Fedoke,Musicality,9.0,10707
Seoul,2026-08-01,Kyung Hee University Peace Hall,1,3,JAM REPUBLIC,4352,Comfort Fedoke,Creativity,8.5,10707
Seoul,2026-08-01,Kyung Hee University Peace Hall,1,3,JAM REPUBLIC,4352,Comfort Fedoke,Stylistic Athleticism,8.0,10707
Seoul,2026-08-01,Kyung Hee University Peace Hall,1,3,JAM REPUBLIC,4352,Comfort Fedoke,Cleanliness,8.5,10707
Seoul,2026-08-01,Kyung Hee University Peace Hall,1,3,JAM REPUBLIC,4352,Comfort Fedoke,Technical Execution + Authenticity,8.5,10707
Seoul,2026-08-01,Kyung Hee University Peace Hall,1,3,JAM REPUBLIC,4352,Comfort Fedoke,Spacing,8.5,10707
Seoul,2026-08-01,Kyung Hee University Peace Hall,1,3,JAM REPUBLIC,4352,Comfort Fedoke,Projection/Communication,9.0,10707
Seoul,2026-08-01,Kyung Hee University Peace Hall,1,3,JAM REPUBLIC,4352,Comfort Fedoke,Stamina,9.0,10707
Seoul,2026-08-01,Kyung Hee University Peace Hall,1,3,1MILLION,6355,Comfort Fedoke,Choreography Complexity,9.0,10707
Seoul,2026-08-01,Kyung Hee University Peace Hall,1,3,1MILLION,6355,Comfort Fedoke,Staging,8.5,10707
Seoul,2026-08-01,Kyung Hee University Peace Hall,1,3,1MILLION,6355,Comfort Fedoke,Musicality,9.0,10707
Seoul,2026-08-01,Kyung Hee University Peace Hall,1,3,1MILLION,6355,Comfort Fedoke,Creativity,9.0,10707
Seoul,2026-08-01,Kyung Hee University Peace Hall,1,3,1MILLION,6355,Comfort Fedoke,Stylistic Athleticism,9.0,10707
Seoul,2026-08-01,Kyung Hee University Peace Hall,1,3,1MILLION,6355,Comfort Fedoke,Cleanliness,9.0,10707
Seoul,2026-08-01,Kyung Hee University Peace Hall,1,3,1MILLION,6355,Comfort Fedoke,Technical Execution + Authenticity,8.5,10707
Seoul,2026-08-01,Kyung Hee University Peace Hall,1,3,1MILLION,6355,Comfort Fedoke,Spacing,9.0,10707
Seoul,2026-08-01,Kyung Hee University Peace Hall,1,3,1MILLION,6355,Comfort Fedoke,Projection/Communication,9.0,10707
Seoul,2026-08-01,Kyung Hee University Peace Hall,1,3,1MILLION,6355,Comfort Fedoke,Stamina,9.5,10707
Seoul,2026-08-01,Kyung Hee University Peace Hall,1,3,JAM REPUBLIC,4352,Gina Michael,Choreography Complexity,9.0,10707
Seoul,2026-08-01,Kyung Hee University Peace Hall,1,3,JAM REPUBLIC,4352,Gina Michael,Staging,8.5,10707
Seoul,2026-08-01,Kyung Hee University Peace Hall,1,3,JAM REPUBLIC,4352,Gina Michael,Musicality,9.5,10707
Seoul,2026-08-01,Kyung Hee University Peace Hall,1,3,JAM REPUBLIC,4352,Gina Michael,Creativity,8.5,10707
Seoul,2026-08-01,Kyung Hee University Peace Hall,1,3,JAM REPUBLIC,4352,Gina Michael,Stylistic Athleticism,8.5,10707
Seoul,2026-08-01,Kyung Hee University Peace Hall,1,3,JAM REPUBLIC,4352,Gina Michael,Cleanliness,8.5,10707
Seoul,2026-08-01,Kyung Hee University Peace Hall,1,3,JAM REPUBLIC,4352,Gina Michael,Technical Execution + Authenticity,8.5,10707
Seoul,2026-08-01,Kyung Hee University Peace Hall,1,3,JAM REPUBLIC,4352,Gina Michael,Spacing,8.5,10707
Seoul,2026-08-01,Kyung Hee University Peace Hall,1,3,JAM REPUBLIC,4352,Gina Michael,Projection/Communication,8.0,10707
Seoul,2026-08-01,Kyung Hee University Peace Hall,1,3,JAM REPUBLIC,4352,Gina Michael,Stamina,9.0,10707
Seoul,2026-08-01,Kyung Hee University Peace Hall,1,3,1MILLION,6355,Gina Michael,Choreography Complexity,9.0,10707
Seoul,2026-08-01,Kyung Hee University Peace Hall,1,3,1MILLION,6355,Gina Michael,Staging,9.0,10707
Seoul,2026-08-01,Kyung Hee University Peace Hall,1,3,1MILLION,6355,Gina Michael,Musicality,8.5,10707
Seoul,2026-08-01,Kyung Hee University Peace Hall,1,3,1MILLION,6355,Gina Michael,Creativity,8.5,10707
Seoul,2026-08-01,Kyung Hee University Peace Hall,1,3,1MILLION,6355,Gina Michael,Stylistic Athleticism,8.5,10707
Seoul,2026-08-01,Kyung Hee University Peace Hall,1,3,1MILLION,6355,Gina Michael,Cleanliness,8.5,10707
Seoul,2026-08-01,Kyung Hee University Peace Hall,1,3,1MILLION,6355,Gina Michael,Technical Execution + Authenticity,9.0,10707
Seoul,2026-08-01,Kyung Hee University Peace Hall,1,3,1MILLION,6355,Gina Michael,Spacing,8.5,10707
Seoul,2026-08-01,Kyung Hee University Peace Hall,1,3,1MILLION,6355,Gina Michael,Projection/Communication,8.5,10707
Seoul,2026-08-01,Kyung Hee University Peace Hall,1,3,1MILLION,6355,Gina Michael,Stamina,9.5,10707
Seoul,2026-08-01,Kyung Hee University Peace Hall,1,3,JAM REPUBLIC,4352,Nicolas Begin,Choreography Complexity,9.0,10707
Seoul,2026-08-01,Kyung Hee University Peace Hall,1,3,JAM REPUBLIC,4352,Nicolas Begin,Staging,9.0,10707
Seoul,2026-08-01,Kyung Hee University Peace Hall,1,3,JAM REPUBLIC,4352,Nicolas Begin,Musicality,9.0,10707
Seoul,2026-08-01,Kyung Hee University Peace Hall,1,3,JAM REPUBLIC,4352,Nicolas Begin,Creativity,8.5,10707
Seoul,2026-08-01,Kyung Hee University Peace Hall,1,3,JAM REPUBLIC,4352,Nicolas Begin,Stylistic Athleticism,9.0,10707
Seoul,2026-08-01,Kyung Hee University Peace Hall,1,3,JAM REPUBLIC,4352,Nicolas Begin,Cleanliness,8.5,10707
Seoul,2026-08-01,Kyung Hee University Peace Hall,1,3,JAM REPUBLIC,4352,Nicolas Begin,Technical Execution + Authenticity,10.0,10707
Seoul,2026-08-01,Kyung Hee University Peace Hall,1,3,JAM REPUBLIC,4352,Nicolas Begin,Spacing,9.0,10707
Seoul,2026-08-01,Kyung Hee University Peace Hall,1,3,JAM REPUBLIC,4352,Nicolas Begin,Projection/Communication,9.0,10707
Seoul,2026-08-01,Kyung Hee University Peace Hall,1,3,JAM REPUBLIC,4352,Nicolas Begin,Stamina,9.5,10707
Seoul,2026-08-01,Kyung Hee University Peace Hall,1,3,1MILLION,6355,Nicolas Begin,Choreography Complexity,8.0,10707
Seoul,2026-08-01,Kyung Hee University Peace Hall,1,3,1MILLION,6355,Nicolas Begin,Staging,9.5,10707
Seoul,2026-08-01,Kyung Hee University Peace Hall,1,3,1MILLION,6355,Nicolas Begin,Musicality,8.5,10707
Seoul,2026-08-01,Kyung Hee University Peace Hall,1,3,1MILLION,6355,Nicolas Begin,Creativity,8.5,10707
Seoul,2026-08-01,Kyung Hee University Peace Hall,1,3,1MILLION,6355,Nicolas Begin,Stylistic Athleticism,9.0,10707
Seoul,2026-08-01,Kyung Hee University Peace Hall,1,3,1MILLION,6355,Nicolas Begin,Cleanliness,9.5,10707
Seoul,2026-08-01,Kyung Hee University Peace Hall,1,3,1MILLION,6355,Nicolas Begin,Technical Execution + Authenticity,8.5,10707
Seoul,2026-08-01,Kyung Hee University Peace Hall,1,3,1MILLION,6355,Nicolas Begin,Spacing,9.5,10707
Seoul,2026-08-01,Kyung Hee University Peace Hall,1,3,1MILLION,6355,Nicolas Begin,Projection/Communication,9.5,10707
Seoul,2026-08-01,Kyung Hee University Peace Hall,1,3,1MILLION,6355,Nicolas Begin,Stamina,9.5,10707
Seoul,2026-08-01,Kyung Hee University Peace Hall,2,1,BROTHERHOOD,8882,Haeni Kim,Choreography Complexity,9.5,13343
Seoul,2026-08-01,Kyung Hee University Peace Hall,2,1,BROTHERHOOD,8882,Haeni Kim,Staging,9.5,13343
Seoul,2026-08-01,Kyung Hee University Peace Hall,2,1,BROTHERHOOD,8882,Haeni Kim,Musicality,9.0,13343
Seoul,2026-08-01,Kyung Hee University Peace Hall,2,1,BROTHERHOOD,8882,Haeni Kim,Creativity,9.5,13343
Seoul,2026-08-01,Kyung Hee University Peace Hall,2,1,BROTHERHOOD,8882,Haeni Kim,Stylistic Athleticism,8.0,13343
Seoul,2026-08-01,Kyung Hee University Peace Hall,2,1,BROTHERHOOD,8882,Haeni Kim,Cleanliness,9.5,13343
Seoul,2026-08-01,Kyung Hee University Peace Hall,2,1,BROTHERHOOD,8882,Haeni Kim,Technical Execution + Authenticity,9.0,13343
Seoul,2026-08-01,Kyung Hee University Peace Hall,2,1,BROTHERHOOD,8882,Haeni Kim,Spacing,9.5,13343
Seoul,2026-08-01,Kyung Hee University Peace Hall,2,1,BROTHERHOOD,8882,Haeni Kim,Projection/Communication,10.0,13343
Seoul,2026-08-01,Kyung Hee University Peace Hall,2,1,BROTHERHOOD,8882,Haeni Kim,Stamina,10.0,13343
Seoul,2026-08-01,Kyung Hee University Peace Hall,2,1,1MILLION,3450,Haeni Kim,Choreography Complexity,8.0,13343
Seoul,2026-08-01,Kyung Hee University Peace Hall,2,1,1MILLION,3450,Haeni Kim,Staging,9.5,13343
Seoul,2026-08-01,Kyung Hee University Peace Hall,2,1,1MILLION,3450,Haeni Kim,Musicality,8.0,13343
Seoul,2026-08-01,Kyung Hee University Peace Hall,2,1,1MILLION,3450,Haeni Kim,Creativity,8.5,13343
Seoul,2026-08-01,Kyung Hee University Peace Hall,2,1,1MILLION,3450,Haeni Kim,Stylistic Athleticism,8.5,13343
Seoul,2026-08-01,Kyung Hee University Peace Hall,2,1,1MILLION,3450,Haeni Kim,Cleanliness,8.5,13343
Seoul,2026-08-01,Kyung Hee University Peace Hall,2,1,1MILLION,3450,Haeni Kim,Technical Execution + Authenticity,9.0,13343
Seoul,2026-08-01,Kyung Hee University Peace Hall,2,1,1MILLION,3450,Haeni Kim,Spacing,8.5,13343
Seoul,2026-08-01,Kyung Hee University Peace Hall,2,1,1MILLION,3450,Haeni Kim,Projection/Communication,10.0,13343
Seoul,2026-08-01,Kyung Hee University Peace Hall,2,1,1MILLION,3450,Haeni Kim,Stamina,10.0,13343
Seoul,2026-08-01,Kyung Hee University Peace Hall,2,1,ROYAL FAMILY,1011,Haeni Kim,Choreography Complexity,8.5,13343
Seoul,2026-08-01,Kyung Hee University Peace Hall,2,1,ROYAL FAMILY,1011,Haeni Kim,Staging,9.5,13343
Seoul,2026-08-01,Kyung Hee University Peace Hall,2,1,ROYAL FAMILY,1011,Haeni Kim,Musicality,8.5,13343
Seoul,2026-08-01,Kyung Hee University Peace Hall,2,1,ROYAL FAMILY,1011,Haeni Kim,Creativity,8.0,13343
Seoul,2026-08-01,Kyung Hee University Peace Hall,2,1,ROYAL FAMILY,1011,Haeni Kim,Stylistic Athleticism,6.5,13343
Seoul,2026-08-01,Kyung Hee University Peace Hall,2,1,ROYAL FAMILY,1011,Haeni Kim,Cleanliness,7.5,13343
Seoul,2026-08-01,Kyung Hee University Peace Hall,2,1,ROYAL FAMILY,1011,Haeni Kim,Technical Execution + Authenticity,9.0,13343
Seoul,2026-08-01,Kyung Hee University Peace Hall,2,1,ROYAL FAMILY,1011,Haeni Kim,Spacing,8.5,13343
Seoul,2026-08-01,Kyung Hee University Peace Hall,2,1,ROYAL FAMILY,1011,Haeni Kim,Projection/Communication,9.5,13343
Seoul,2026-08-01,Kyung Hee University Peace Hall,2,1,ROYAL FAMILY,1011,Haeni Kim,Stamina,9.5,13343
Seoul,2026-08-01,Kyung Hee University Peace Hall,2,1,BROTHERHOOD,8882,Amari Marshall,Choreography Complexity,9.5,13343
Seoul,2026-08-01,Kyung Hee University Peace Hall,2,1,BROTHERHOOD,8882,Amari Marshall,Staging,9.0,13343
Seoul,2026-08-01,Kyung Hee University Peace Hall,2,1,BROTHERHOOD,8882,Amari Marshall,Musicality,9.0,13343
Seoul,2026-08-01,Kyung Hee University Peace Hall,2,1,BROTHERHOOD,8882,Amari Marshall,Creativity,9.5,13343
Seoul,2026-08-01,Kyung Hee University Peace Hall,2,1,BROTHERHOOD,8882,Amari Marshall,Stylistic Athleticism,9.0,13343
Seoul,2026-08-01,Kyung Hee University Peace Hall,2,1,BROTHERHOOD,8882,Amari Marshall,Cleanliness,9.5,13343
Seoul,2026-08-01,Kyung Hee University Peace Hall,2,1,BROTHERHOOD,8882,Amari Marshall,Technical Execution + Authenticity,9.5,13343
Seoul,2026-08-01,Kyung Hee University Peace Hall,2,1,BROTHERHOOD,8882,Amari Marshall,Spacing,9.0,13343
Seoul,2026-08-01,Kyung Hee University Peace Hall,2,1,BROTHERHOOD,8882,Amari Marshall,Projection/Communication,9.5,13343
Seoul,2026-08-01,Kyung Hee University Peace Hall,2,1,BROTHERHOOD,8882,Amari Marshall,Stamina,9.5,13343
Seoul,2026-08-01,Kyung Hee University Peace Hall,2,1,1MILLION,3450,Amari Marshall,Choreography Complexity,8.5,13343
Seoul,2026-08-01,Kyung Hee University Peace Hall,2,1,1MILLION,3450,Amari Marshall,Staging,9.5,13343
Seoul,2026-08-01,Kyung Hee University Peace Hall,2,1,1MILLION,3450,Amari Marshall,Musicality,9.0,13343
Seoul,2026-08-01,Kyung Hee University Peace Hall,2,1,1MILLION,3450,Amari Marshall,Creativity,9.0,13343
Seoul,2026-08-01,Kyung Hee University Peace Hall,2,1,1MILLION,3450,Amari Marshall,Stylistic Athleticism,8.5,13343
Seoul,2026-08-01,Kyung Hee University Peace Hall,2,1,1MILLION,3450,Amari Marshall,Cleanliness,9.0,13343
Seoul,2026-08-01,Kyung Hee University Peace Hall,2,1,1MILLION,3450,Amari Marshall,Technical Execution + Authenticity,9.0,13343
Seoul,2026-08-01,Kyung Hee University Peace Hall,2,1,1MILLION,3450,Amari Marshall,Spacing,9.0,13343
Seoul,2026-08-01,Kyung Hee University Peace Hall,2,1,1MILLION,3450,Amari Marshall,Projection/Communication,9.0,13343
Seoul,2026-08-01,Kyung Hee University Peace Hall,2,1,1MILLION,3450,Amari Marshall,Stamina,8.5,13343
Seoul,2026-08-01,Kyung Hee University Peace Hall,2,1,ROYAL FAMILY,1011,Amari Marshall,Choreography Complexity,8.5,13343
Seoul,2026-08-01,Kyung Hee University Peace Hall,2,1,ROYAL FAMILY,1011,Amari Marshall,Staging,9.0,13343
Seoul,2026-08-01,Kyung Hee University Peace Hall,2,1,ROYAL FAMILY,1011,Amari Marshall,Musicality,9.0,13343
Seoul,2026-08-01,Kyung Hee University Peace Hall,2,1,ROYAL FAMILY,1011,Amari Marshall,Creativity,9.0,13343
Seoul,2026-08-01,Kyung Hee University Peace Hall,2,1,ROYAL FAMILY,1011,Amari Marshall,Stylistic Athleticism,9.0,13343
Seoul,2026-08-01,Kyung Hee University Peace Hall,2,1,ROYAL FAMILY,1011,Amari Marshall,Cleanliness,9.0,13343
Seoul,2026-08-01,Kyung Hee University Peace Hall,2,1,ROYAL FAMILY,1011,Amari Marshall,Technical Execution + Authenticity,8.5,13343
Seoul,2026-08-01,Kyung Hee University Peace Hall,2,1,ROYAL FAMILY,1011,Amari Marshall,Spacing,9.0,13343
Seoul,2026-08-01,Kyung Hee University Peace Hall,2,1,ROYAL FAMILY,1011,Amari Marshall,Projection/Communication,9.0,13343
Seoul,2026-08-01,Kyung Hee University Peace Hall,2,1,ROYAL FAMILY,1011,Amari Marshall,Stamina,9.0,13343
Seoul,2026-08-01,Kyung Hee University Peace Hall,2,1,BROTHERHOOD,8882,Cheyenne Kibblewhite,Choreography Complexity,9.0,13343
Seoul,2026-08-01,Kyung Hee University Peace Hall,2,1,BROTHERHOOD,8882,Cheyenne Kibblewhite,Staging,9.0,13343
Seoul,2026-08-01,Kyung Hee University Peace Hall,2,1,BROTHERHOOD,8882,Cheyenne Kibblewhite,Musicality,9.0,13343
Seoul,2026-08-01,Kyung Hee University Peace Hall,2,1,BROTHERHOOD,8882,Cheyenne Kibblewhite,Creativity,9.0,13343
Seoul,2026-08-01,Kyung Hee University Peace Hall,2,1,BROTHERHOOD,8882,Cheyenne Kibblewhite,Stylistic Athleticism,9.0,13343
Seoul,2026-08-01,Kyung Hee University Peace Hall,2,1,BROTHERHOOD,8882,Cheyenne Kibblewhite,Cleanliness,9.0,13343
Seoul,2026-08-01,Kyung Hee University Peace Hall,2,1,BROTHERHOOD,8882,Cheyenne Kibblewhite,Technical Execution + Authenticity,8.5,13343
Seoul,2026-08-01,Kyung Hee University Peace Hall,2,1,BROTHERHOOD,8882,Cheyenne Kibblewhite,Spacing,9.0,13343
Seoul,2026-08-01,Kyung Hee University Peace Hall,2,1,BROTHERHOOD,8882,Cheyenne Kibblewhite,Projection/Communication,9.0,13343
Seoul,2026-08-01,Kyung Hee University Peace Hall,2,1,BROTHERHOOD,8882,Cheyenne Kibblewhite,Stamina,9.5,13343
Seoul,2026-08-01,Kyung Hee University Peace Hall,2,1,1MILLION,3450,Cheyenne Kibblewhite,Choreography Complexity,9.0,13343
Seoul,2026-08-01,Kyung Hee University Peace Hall,2,1,1MILLION,3450,Cheyenne Kibblewhite,Staging,9.0,13343
Seoul,2026-08-01,Kyung Hee University Peace Hall,2,1,1MILLION,3450,Cheyenne Kibblewhite,Musicality,9.0,13343
Seoul,2026-08-01,Kyung Hee University Peace Hall,2,1,1MILLION,3450,Cheyenne Kibblewhite,Creativity,9.0,13343
Seoul,2026-08-01,Kyung Hee University Peace Hall,2,1,1MILLION,3450,Cheyenne Kibblewhite,Stylistic Athleticism,9.0,13343
Seoul,2026-08-01,Kyung Hee University Peace Hall,2,1,1MILLION,3450,Cheyenne Kibblewhite,Cleanliness,8.5,13343
Seoul,2026-08-01,Kyung Hee University Peace Hall,2,1,1MILLION,3450,Cheyenne Kibblewhite,Technical Execution + Authenticity,8.0,13343
Seoul,2026-08-01,Kyung Hee University Peace Hall,2,1,1MILLION,3450,Cheyenne Kibblewhite,Spacing,9.0,13343
Seoul,2026-08-01,Kyung Hee University Peace Hall,2,1,1MILLION,3450,Cheyenne Kibblewhite,Projection/Communication,9.0,13343
Seoul,2026-08-01,Kyung Hee University Peace Hall,2,1,1MILLION,3450,Cheyenne Kibblewhite,Stamina,9.5,13343
Seoul,2026-08-01,Kyung Hee University Peace Hall,2,1,ROYAL FAMILY,1011,Cheyenne Kibblewhite,Choreography Complexity,8.5,13343
Seoul,2026-08-01,Kyung Hee University Peace Hall,2,1,ROYAL FAMILY,1011,Cheyenne Kibblewhite,Staging,9.0,13343
Seoul,2026-08-01,Kyung Hee University Peace Hall,2,1,ROYAL FAMILY,1011,Cheyenne Kibblewhite,Musicality,8.5,13343
Seoul,2026-08-01,Kyung Hee University Peace Hall,2,1,ROYAL FAMILY,1011,Cheyenne Kibblewhite,Creativity,8.5,13343
Seoul,2026-08-01,Kyung Hee University Peace Hall,2,1,ROYAL FAMILY,1011,Cheyenne Kibblewhite,Stylistic Athleticism,8.5,13343
Seoul,2026-08-01,Kyung Hee University Peace Hall,2,1,ROYAL FAMILY,1011,Cheyenne Kibblewhite,Cleanliness,9.5,13343
Seoul,2026-08-01,Kyung Hee University Peace Hall,2,1,ROYAL FAMILY,1011,Cheyenne Kibblewhite,Technical Execution + Authenticity,8.5,13343
Seoul,2026-08-01,Kyung Hee University Peace Hall,2,1,ROYAL FAMILY,1011,Cheyenne Kibblewhite,Spacing,9.0,13343
Seoul,2026-08-01,Kyung Hee University Peace Hall,2,1,ROYAL FAMILY,1011,Cheyenne Kibblewhite,Projection/Communication,8.5,13343
Seoul,2026-08-01,Kyung Hee University Peace Hall,2,1,ROYAL FAMILY,1011,Cheyenne Kibblewhite,Stamina,9.0,13343
Seoul,2026-08-01,Kyung Hee University Peace Hall,2,1,BROTHERHOOD,8882,Comfort Fedoke,Choreography Complexity,9.5,13343
Seoul,2026-08-01,Kyung Hee University Peace Hall,2,1,BROTHERHOOD,8882,Comfort Fedoke,Staging,9.0,13343
Seoul,2026-08-01,Kyung Hee University Peace Hall,2,1,BROTHERHOOD,8882,Comfort Fedoke,Musicality,9.5,13343
Seoul,2026-08-01,Kyung Hee University Peace Hall,2,1,BROTHERHOOD,8882,Comfort Fedoke,Creativity,9.0,13343
Seoul,2026-08-01,Kyung Hee University Peace Hall,2,1,BROTHERHOOD,8882,Comfort Fedoke,Stylistic Athleticism,9.0,13343
Seoul,2026-08-01,Kyung Hee University Peace Hall,2,1,BROTHERHOOD,8882,Comfort Fedoke,Cleanliness,9.0,13343
Seoul,2026-08-01,Kyung Hee University Peace Hall,2,1,BROTHERHOOD,8882,Comfort Fedoke,Technical Execution + Authenticity,9.0,13343
Seoul,2026-08-01,Kyung Hee University Peace Hall,2,1,BROTHERHOOD,8882,Comfort Fedoke,Spacing,8.5,13343
Seoul,2026-08-01,Kyung Hee University Peace Hall,2,1,BROTHERHOOD,8882,Comfort Fedoke,Projection/Communication,9.0,13343
Seoul,2026-08-01,Kyung Hee University Peace Hall,2,1,BROTHERHOOD,8882,Comfort Fedoke,Stamina,9.5,13343
Seoul,2026-08-01,Kyung Hee University Peace Hall,2,1,1MILLION,3450,Comfort Fedoke,Choreography Complexity,9.0,13343
Seoul,2026-08-01,Kyung Hee University Peace Hall,2,1,1MILLION,3450,Comfort Fedoke,Staging,9.5,13343
Seoul,2026-08-01,Kyung Hee University Peace Hall,2,1,1MILLION,3450,Comfort Fedoke,Musicality,8.5,13343
Seoul,2026-08-01,Kyung Hee University Peace Hall,2,1,1MILLION,3450,Comfort Fedoke,Creativity,9.5,13343
Seoul,2026-08-01,Kyung Hee University Peace Hall,2,1,1MILLION,3450,Comfort Fedoke,Stylistic Athleticism,9.5,13343
Seoul,2026-08-01,Kyung Hee University Peace Hall,2,1,1MILLION,3450,Comfort Fedoke,Cleanliness,8.5,13343
Seoul,2026-08-01,Kyung Hee University Peace Hall,2,1,1MILLION,3450,Comfort Fedoke,Technical Execution + Authenticity,9.0,13343
Seoul,2026-08-01,Kyung Hee University Peace Hall,2,1,1MILLION,3450,Comfort Fedoke,Spacing,9.0,13343
Seoul,2026-08-01,Kyung Hee University Peace Hall,2,1,1MILLION,3450,Comfort Fedoke,Projection/Communication,9.0,13343
Seoul,2026-08-01,Kyung Hee University Peace Hall,2,1,1MILLION,3450,Comfort Fedoke,Stamina,9.5,13343
Seoul,2026-08-01,Kyung Hee University Peace Hall,2,1,ROYAL FAMILY,1011,Comfort Fedoke,Choreography Complexity,9.0,13343
Seoul,2026-08-01,Kyung Hee University Peace Hall,2,1,ROYAL FAMILY,1011,Comfort Fedoke,Staging,8.5,13343
Seoul,2026-08-01,Kyung Hee University Peace Hall,2,1,ROYAL FAMILY,1011,Comfort Fedoke,Musicality,8.5,13343
Seoul,2026-08-01,Kyung Hee University Peace Hall,2,1,ROYAL FAMILY,1011,Comfort Fedoke,Creativity,9.0,13343
Seoul,2026-08-01,Kyung Hee University Peace Hall,2,1,ROYAL FAMILY,1011,Comfort Fedoke,Stylistic Athleticism,8.5,13343
Seoul,2026-08-01,Kyung Hee University Peace Hall,2,1,ROYAL FAMILY,1011,Comfort Fedoke,Cleanliness,9.0,13343
Seoul,2026-08-01,Kyung Hee University Peace Hall,2,1,ROYAL FAMILY,1011,Comfort Fedoke,Technical Execution + Authenticity,8.5,13343
Seoul,2026-08-01,Kyung Hee University Peace Hall,2,1,ROYAL FAMILY,1011,Comfort Fedoke,Spacing,9.0,13343
Seoul,2026-08-01,Kyung Hee University Peace Hall,2,1,ROYAL FAMILY,1011,Comfort Fedoke,Projection/Communication,9.0,13343
Seoul,2026-08-01,Kyung Hee University Peace Hall,2,1,ROYAL FAMILY,1011,Comfort Fedoke,Stamina,9.5,13343
Seoul,2026-08-01,Kyung Hee University Peace Hall,2,1,BROTHERHOOD,8882,Gina Michael,Choreography Complexity,9.0,13343
Seoul,2026-08-01,Kyung Hee University Peace Hall,2,1,BROTHERHOOD,8882,Gina Michael,Staging,9.0,13343
Seoul,2026-08-01,Kyung Hee University Peace Hall,2,1,BROTHERHOOD,8882,Gina Michael,Musicality,9.5,13343
Seoul,2026-08-01,Kyung Hee University Peace Hall,2,1,BROTHERHOOD,8882,Gina Michael,Creativity,8.5,13343
Seoul,2026-08-01,Kyung Hee University Peace Hall,2,1,BROTHERHOOD,8882,Gina Michael,Stylistic Athleticism,8.5,13343
Seoul,2026-08-01,Kyung Hee University Peace Hall,2,1,BROTHERHOOD,8882,Gina Michael,Cleanliness,9.5,13343
Seoul,2026-08-01,Kyung Hee University Peace Hall,2,1,BROTHERHOOD,8882,Gina Michael,Technical Execution + Authenticity,8.5,13343
Seoul,2026-08-01,Kyung Hee University Peace Hall,2,1,BROTHERHOOD,8882,Gina Michael,Spacing,9.0,13343
Seoul,2026-08-01,Kyung Hee University Peace Hall,2,1,BROTHERHOOD,8882,Gina Michael,Projection/Communication,9.0,13343
Seoul,2026-08-01,Kyung Hee University Peace Hall,2,1,BROTHERHOOD,8882,Gina Michael,Stamina,9.5,13343
Seoul,2026-08-01,Kyung Hee University Peace Hall,2,1,1MILLION,3450,Gina Michael,Choreography Complexity,8.5,13343
Seoul,2026-08-01,Kyung Hee University Peace Hall,2,1,1MILLION,3450,Gina Michael,Staging,9.5,13343
Seoul,2026-08-01,Kyung Hee University Peace Hall,2,1,1MILLION,3450,Gina Michael,Musicality,8.5,13343
Seoul,2026-08-01,Kyung Hee University Peace Hall,2,1,1MILLION,3450,Gina Michael,Creativity,9.0,13343
Seoul,2026-08-01,Kyung Hee University Peace Hall,2,1,1MILLION,3450,Gina Michael,Stylistic Athleticism,9.0,13343
Seoul,2026-08-01,Kyung Hee University Peace Hall,2,1,1MILLION,3450,Gina Michael,Cleanliness,9.0,13343
Seoul,2026-08-01,Kyung Hee University Peace Hall,2,1,1MILLION,3450,Gina Michael,Technical Execution + Authenticity,9.0,13343
Seoul,2026-08-01,Kyung Hee University Peace Hall,2,1,1MILLION,3450,Gina Michael,Spacing,9.0,13343
Seoul,2026-08-01,Kyung Hee University Peace Hall,2,1,1MILLION,3450,Gina Michael,Projection/Communication,9.0,13343
Seoul,2026-08-01,Kyung Hee University Peace Hall,2,1,1MILLION,3450,Gina Michael,Stamina,9.5,13343
Seoul,2026-08-01,Kyung Hee University Peace Hall,2,1,ROYAL FAMILY,1011,Gina Michael,Choreography Complexity,8.5,13343
Seoul,2026-08-01,Kyung Hee University Peace Hall,2,1,ROYAL FAMILY,1011,Gina Michael,Staging,9.0,13343
Seoul,2026-08-01,Kyung Hee University Peace Hall,2,1,ROYAL FAMILY,1011,Gina Michael,Musicality,8.5,13343
Seoul,2026-08-01,Kyung Hee University Peace Hall,2,1,ROYAL FAMILY,1011,Gina Michael,Creativity,8.5,13343
Seoul,2026-08-01,Kyung Hee University Peace Hall,2,1,ROYAL FAMILY,1011,Gina Michael,Stylistic Athleticism,9.0,13343
Seoul,2026-08-01,Kyung Hee University Peace Hall,2,1,ROYAL FAMILY,1011,Gina Michael,Cleanliness,9.0,13343
Seoul,2026-08-01,Kyung Hee University Peace Hall,2,1,ROYAL FAMILY,1011,Gina Michael,Technical Execution + Authenticity,8.5,13343
Seoul,2026-08-01,Kyung Hee University Peace Hall,2,1,ROYAL FAMILY,1011,Gina Michael,Spacing,9.0,13343
Seoul,2026-08-01,Kyung Hee University Peace Hall,2,1,ROYAL FAMILY,1011,Gina Michael,Projection/Communication,8.5,13343
Seoul,2026-08-01,Kyung Hee University Peace Hall,2,1,ROYAL FAMILY,1011,Gina Michael,Stamina,9.0,13343
Seoul,2026-08-01,Kyung Hee University Peace Hall,2,1,BROTHERHOOD,8882,Nicolas Begin,Choreography Complexity,9.0,13343
Seoul,2026-08-01,Kyung Hee University Peace Hall,2,1,BROTHERHOOD,8882,Nicolas Begin,Staging,9.5,13343
Seoul,2026-08-01,Kyung Hee University Peace Hall,2,1,BROTHERHOOD,8882,Nicolas Begin,Musicality,9.5,13343
Seoul,2026-08-01,Kyung Hee University Peace Hall,2,1,BROTHERHOOD,8882,Nicolas Begin,Creativity,9.0,13343
Seoul,2026-08-01,Kyung Hee University Peace Hall,2,1,BROTHERHOOD,8882,Nicolas Begin,Stylistic Athleticism,8.5,13343
Seoul,2026-08-01,Kyung Hee University Peace Hall,2,1,BROTHERHOOD,8882,Nicolas Begin,Cleanliness,9.5,13343
Seoul,2026-08-01,Kyung Hee University Peace Hall,2,1,BROTHERHOOD,8882,Nicolas Begin,Technical Execution + Authenticity,9.0,13343
Seoul,2026-08-01,Kyung Hee University Peace Hall,2,1,BROTHERHOOD,8882,Nicolas Begin,Spacing,9.5,13343
Seoul,2026-08-01,Kyung Hee University Peace Hall,2,1,BROTHERHOOD,8882,Nicolas Begin,Projection/Communication,9.0,13343
Seoul,2026-08-01,Kyung Hee University Peace Hall,2,1,BROTHERHOOD,8882,Nicolas Begin,Stamina,9.5,13343
Seoul,2026-08-01,Kyung Hee University Peace Hall,2,1,1MILLION,3450,Nicolas Begin,Choreography Complexity,8.5,13343
Seoul,2026-08-01,Kyung Hee University Peace Hall,2,1,1MILLION,3450,Nicolas Begin,Staging,9.0,13343
Seoul,2026-08-01,Kyung Hee University Peace Hall,2,1,1MILLION,3450,Nicolas Begin,Musicality,9.0,13343
Seoul,2026-08-01,Kyung Hee University Peace Hall,2,1,1MILLION,3450,Nicolas Begin,Creativity,9.0,13343
Seoul,2026-08-01,Kyung Hee University Peace Hall,2,1,1MILLION,3450,Nicolas Begin,Stylistic Athleticism,9.0,13343
Seoul,2026-08-01,Kyung Hee University Peace Hall,2,1,1MILLION,3450,Nicolas Begin,Cleanliness,8.5,13343
Seoul,2026-08-01,Kyung Hee University Peace Hall,2,1,1MILLION,3450,Nicolas Begin,Technical Execution + Authenticity,9.0,13343
Seoul,2026-08-01,Kyung Hee University Peace Hall,2,1,1MILLION,3450,Nicolas Begin,Spacing,9.0,13343
Seoul,2026-08-01,Kyung Hee University Peace Hall,2,1,1MILLION,3450,Nicolas Begin,Projection/Communication,9.5,13343
Seoul,2026-08-01,Kyung Hee University Peace Hall,2,1,1MILLION,3450,Nicolas Begin,Stamina,9.5,13343
Seoul,2026-08-01,Kyung Hee University Peace Hall,2,1,ROYAL FAMILY,1011,Nicolas Begin,Choreography Complexity,8.0,13343
Seoul,2026-08-01,Kyung Hee University Peace Hall,2,1,ROYAL FAMILY,1011,Nicolas Begin,Staging,9.0,13343
Seoul,2026-08-01,Kyung Hee University Peace Hall,2,1,ROYAL FAMILY,1011,Nicolas Begin,Musicality,8.5,13343
Seoul,2026-08-01,Kyung Hee University Peace Hall,2,1,ROYAL FAMILY,1011,Nicolas Begin,Creativity,9.0,13343
Seoul,2026-08-01,Kyung Hee University Peace Hall,2,1,ROYAL FAMILY,1011,Nicolas Begin,Stylistic Athleticism,8.5,13343
Seoul,2026-08-01,Kyung Hee University Peace Hall,2,1,ROYAL FAMILY,1011,Nicolas Begin,Cleanliness,9.5,13343
Seoul,2026-08-01,Kyung Hee University Peace Hall,2,1,ROYAL FAMILY,1011,Nicolas Begin,Technical Execution + Authenticity,9.0,13343
Seoul,2026-08-01,Kyung Hee University Peace Hall,2,1,ROYAL FAMILY,1011,Nicolas Begin,Spacing,9.0,13343
Seoul,2026-08-01,Kyung Hee University Peace Hall,2,1,ROYAL FAMILY,1011,Nicolas Begin,Projection/Communication,9.5,13343
Seoul,2026-08-01,Kyung Hee University Peace Hall,2,1,ROYAL FAMILY,1011,Nicolas Begin,Stamina,9.5,13343
